법정동코드,법정동명,폐지여부,sido,sigungu,dong,full_name,lat,lon
1111010100,서울특별시 종로구 청운동,존재,서울특별시,종로구,청운동,서울특별시 종로구 청운동,37.5891974378627,126.969329763593
1111010200,서울특별시 종로구 신교동,존재,서울특별시,종로구,신교동,서울특별시 종로구 신교동,37.5844902776102,126.967923271581
1111010300,서울특별시 종로구 궁정동,존재,서울특별시,종로구,궁정동,서울특별시 종로구 궁정동,37.5846825915783,126.973144784748
1111010400,서울특별시 종로구 효자동,존재,서울특별시,종로구,효자동,서울특별시 종로구 효자동,37.5826496685116,126.971931855344
1111010500,서울특별시 종로구 창성동,존재,서울특별시,종로구,창성동,서울특별시 종로구 창성동,37.5805450723988,126.972462474485
1111010600,서울특별시 종로구 통의동,존재,서울특별시,종로구,통의동,서울특별시 종로구 통의동,37.5780584194584,126.972852824323
1111010700,서울특별시 종로구 적선동,존재,서울특별시,종로구,적선동,서울특별시 종로구 적선동,37.5752799608427,126.973773044297
1111010800,서울특별시 종로구 통인동,존재,서울특별시,종로구,통인동,서울특별시 종로구 통인동,37.5801444847071,126.97021199276
1111010900,서울특별시 종로구 누상동,존재,서울특별시,종로구,누상동,서울특별시 종로구 누상동,37.580026884522,126.962264659143
1111011000,서울특별시 종로구 누하동,존재,서울특별시,종로구,누하동,서울특별시 종로구 누하동,37.5792826296463,126.968274190814
1111011100,서울특별시 종로구 옥인동,존재,서울특별시,종로구,옥인동,서울특별시 종로구 옥인동,37.5835230926994,126.963385995622
1111011200,서울특별시 종로구 체부동,존재,서울특별시,종로구,체부동,서울특별시 종로구 체부동,37.5775894297458,126.970869610418
1111011300,서울특별시 종로구 필운동,존재,서울특별시,종로구,필운동,서울특별시 종로구 필운동,37.5778012532176,126.967749538039
1111011400,서울특별시 종로구 내자동,존재,서울특별시,종로구,내자동,서울특별시 종로구 내자동,37.5753047140657,126.971717261861
1111011500,서울특별시 종로구 사직동,존재,서울특별시,종로구,사직동,서울특별시 종로구 사직동,37.5754222287938,126.96631967084
1111011600,서울특별시 종로구 도렴동,존재,서울특별시,종로구,도렴동,서울특별시 종로구 도렴동,37.5731610122673,126.974647692606
1111011700,서울특별시 종로구 당주동,존재,서울특별시,종로구,당주동,서울특별시 종로구 당주동,37.5715715163219,126.974000740278
1111011800,서울특별시 종로구 내수동,존재,서울특별시,종로구,내수동,서울특별시 종로구 내수동,37.5733081682462,126.971962529742
1111011900,서울특별시 종로구 세종로,존재,서울특별시,종로구,세종로,서울특별시 종로구 세종로,37.5801928107014,126.976778199977
1111012000,서울특별시 종로구 신문로1가,존재,서울특별시,종로구,신문로1가,서울특별시 종로구 신문로1가,37.5701731498044,126.973901614206
1111012100,서울특별시 종로구 신문로2가,존재,서울특별시,종로구,신문로2가,서울특별시 종로구 신문로2가,37.5706622933597,126.969722233416
1111012200,서울특별시 종로구 청진동,존재,서울특별시,종로구,청진동,서울특별시 종로구 청진동,37.5714393638424,126.98015420508
1111012300,서울특별시 종로구 서린동,존재,서울특별시,종로구,서린동,서울특별시 종로구 서린동,37.5695112747646,126.980399217074
1111012400,서울특별시 종로구 수송동,존재,서울특별시,종로구,수송동,서울특별시 종로구 수송동,37.573677511354,126.980610942957
1111012500,서울특별시 종로구 중학동,존재,서울특별시,종로구,중학동,서울특별시 종로구 중학동,37.5752847227304,126.979641505392
1111012600,서울특별시 종로구 종로1가,존재,서울특별시,종로구,종로1가,서울특별시 종로구 종로1가,37.570257257333,126.980149990907
1111012700,서울특별시 종로구 공평동,존재,서울특별시,종로구,공평동,서울특별시 종로구 공평동,37.5712668379623,126.983147187221
1111012800,서울특별시 종로구 관훈동,존재,서울특별시,종로구,관훈동,서울특별시 종로구 관훈동,37.5741286083151,126.984690612471
1111012900,서울특별시 종로구 견지동,존재,서울특별시,종로구,견지동,서울특별시 종로구 견지동,37.5731913510517,126.9830607214
1111013000,서울특별시 종로구 와룡동,존재,서울특별시,종로구,와룡동,서울특별시 종로구 와룡동,37.5823427368208,126.991214588966
1111013100,서울특별시 종로구 권농동,존재,서울특별시,종로구,권농동,서울특별시 종로구 권농동,37.5743239285345,126.991763428362
1111013200,서울특별시 종로구 운니동,존재,서울특별시,종로구,운니동,서울특별시 종로구 운니동,37.5763742920416,126.98822214942
1111013300,서울특별시 종로구 익선동,존재,서울특별시,종로구,익선동,서울특별시 종로구 익선동,37.5743345779563,126.989694095817
1111013400,서울특별시 종로구 경운동,존재,서울특별시,종로구,경운동,서울특별시 종로구 경운동,37.5751883855303,126.98638391579
1111013500,서울특별시 종로구 관철동,존재,서울특별시,종로구,관철동,서울특별시 종로구 관철동,37.5691048202295,126.985986580352
1111013600,서울특별시 종로구 인사동,존재,서울특별시,종로구,인사동,서울특별시 종로구 인사동,37.5717032982691,126.986049484352
1111013700,서울특별시 종로구 낙원동,존재,서울특별시,종로구,낙원동,서울특별시 종로구 낙원동,37.5725577161914,126.988607627918
1111013800,서울특별시 종로구 종로2가,존재,서울특별시,종로구,종로2가,서울특별시 종로구 종로2가,37.5708890381379,126.988250180457
1111013900,서울특별시 종로구 팔판동,존재,서울특별시,종로구,팔판동,서울특별시 종로구 팔판동,37.582809998749,126.980676503591
1111014000,서울특별시 종로구 삼청동,존재,서울특별시,종로구,삼청동,서울특별시 종로구 삼청동,37.5849977825639,126.981758302922
1111014100,서울특별시 종로구 안국동,존재,서울특별시,종로구,안국동,서울특별시 종로구 안국동,37.5773864591261,126.983607690836
1111014200,서울특별시 종로구 소격동,존재,서울특별시,종로구,소격동,서울특별시 종로구 소격동,37.579624122776,126.980908275257
1111014300,서울특별시 종로구 화동,존재,서울특별시,종로구,화동,서울특별시 종로구 화동,37.5806911752014,126.982696745397
1111014400,서울특별시 종로구 사간동,존재,서울특별시,종로구,사간동,서울특별시 종로구 사간동,37.5772526194939,126.980379075036
1111014500,서울특별시 종로구 송현동,존재,서울특별시,종로구,송현동,서울특별시 종로구 송현동,37.5767591093553,126.981846349157
1111014600,서울특별시 종로구 가회동,존재,서울특별시,종로구,가회동,서울특별시 종로구 가회동,37.5800968068427,126.984784487479
1111014700,서울특별시 종로구 재동,존재,서울특별시,종로구,재동,서울특별시 종로구 재동,37.5783020854648,126.985246741088
1111014800,서울특별시 종로구 계동,존재,서울특별시,종로구,계동,서울특별시 종로구 계동,37.5824324365826,126.986903381874
1111014900,서울특별시 종로구 원서동,존재,서울특별시,종로구,원서동,서울특별시 종로구 원서동,37.5839318329339,126.988266245452
1111015000,서울특별시 종로구 훈정동,존재,서울특별시,종로구,훈정동,서울특별시 종로구 훈정동,37.5743637157985,126.994172362099
1111015100,서울특별시 종로구 묘동,존재,서울특별시,종로구,묘동,서울특별시 종로구 묘동,37.5724066101338,126.991745527678
1111015200,서울특별시 종로구 봉익동,존재,서울특별시,종로구,봉익동,서울특별시 종로구 봉익동,37.5721652242239,126.992995267432
1111015300,서울특별시 종로구 돈의동,존재,서울특별시,종로구,돈의동,서울특별시 종로구 돈의동,37.5719704528879,126.990726790606
1111015400,서울특별시 종로구 장사동,존재,서울특별시,종로구,장사동,서울특별시 종로구 장사동,37.5692172240879,126.994023346762
1111015500,서울특별시 종로구 관수동,존재,서울특별시,종로구,관수동,서울특별시 종로구 관수동,37.5690620186845,126.99046001346
1111015600,서울특별시 종로구 종로3가,존재,서울특별시,종로구,종로3가,서울특별시 종로구 종로3가,37.5703884202891,126.992329841579
1111015700,서울특별시 종로구 인의동,존재,서울특별시,종로구,인의동,서울특별시 종로구 인의동,37.572331192099,126.997668102599
1111015800,서울특별시 종로구 예지동,존재,서울특별시,종로구,예지동,서울특별시 종로구 예지동,37.5696210091491,126.998302077982
1111015900,서울특별시 종로구 원남동,존재,서울특별시,종로구,원남동,서울특별시 종로구 원남동,37.5755207102281,126.997495933473
1111016000,서울특별시 종로구 연지동,존재,서울특별시,종로구,연지동,서울특별시 종로구 연지동,37.5737475791241,127.000131313214
1111016100,서울특별시 종로구 종로4가,존재,서울특별시,종로구,종로4가,서울특별시 종로구 종로4가,37.570745463372,126.999764551274
1111016200,서울특별시 종로구 효제동,존재,서울특별시,종로구,효제동,서울특별시 종로구 효제동,37.5725942661176,127.003056381131
1111016300,서울특별시 종로구 종로5가,존재,서울특별시,종로구,종로5가,서울특별시 종로구 종로5가,37.5706048556461,127.003527196401
1111016400,서울특별시 종로구 종로6가,존재,서울특별시,종로구,종로6가,서울특별시 종로구 종로6가,37.5718912859016,127.007584281884
1111016500,서울특별시 종로구 이화동,존재,서울특별시,종로구,이화동,서울특별시 종로구 이화동,37.5769946840177,127.004338052474
1111016600,서울특별시 종로구 연건동,존재,서울특별시,종로구,연건동,서울특별시 종로구 연건동,37.5786742164881,126.999669431165
1111016700,서울특별시 종로구 충신동,존재,서울특별시,종로구,충신동,서울특별시 종로구 충신동,37.5749475538098,127.00595899872
1111016800,서울특별시 종로구 동숭동,존재,서울특별시,종로구,동숭동,서울특별시 종로구 동숭동,37.5813770980376,127.004872670199
1111016900,서울특별시 종로구 혜화동,존재,서울특별시,종로구,혜화동,서울특별시 종로구 혜화동,37.5868624440017,127.00060686405
1111017000,서울특별시 종로구 명륜1가,존재,서울특별시,종로구,명륜1가,서울특별시 종로구 명륜1가,37.5891076921368,126.997468304522
1111017100,서울특별시 종로구 명륜2가,존재,서울특별시,종로구,명륜2가,서울특별시 종로구 명륜2가,37.5846964544009,126.999030857136
1111017200,서울특별시 종로구 명륜4가,존재,서울특별시,종로구,명륜4가,서울특별시 종로구 명륜4가,37.5822313405278,127.00007245689
1111017300,서울특별시 종로구 명륜3가,존재,서울특별시,종로구,명륜3가,서울특별시 종로구 명륜3가,37.589565220326,126.993075159072
1111017400,서울특별시 종로구 창신동,존재,서울특별시,종로구,창신동,서울특별시 종로구 창신동,37.5752245135612,127.012828195947
1111017500,서울특별시 종로구 숭인동,존재,서울특별시,종로구,숭인동,서울특별시 종로구 숭인동,37.5745280159936,127.019597569646
1111017600,서울특별시 종로구 교남동,존재,서울특별시,종로구,교남동,서울특별시 종로구 교남동,37.5683831622412,126.964634002163
1111017700,서울특별시 종로구 평동,존재,서울특별시,종로구,평동,서울특별시 종로구 평동,37.5678972658595,126.966843743393
1111017800,서울특별시 종로구 송월동,존재,서울특별시,종로구,송월동,서울특별시 종로구 송월동,37.5700627844637,126.9651946575
1111017900,서울특별시 종로구 홍파동,존재,서울특별시,종로구,홍파동,서울특별시 종로구 홍파동,37.5711327985696,126.963967103183
1111018000,서울특별시 종로구 교북동,존재,서울특별시,종로구,교북동,서울특별시 종로구 교북동,37.5717842659119,126.96127267528
1111018100,서울특별시 종로구 행촌동,존재,서울특별시,종로구,행촌동,서울특별시 종로구 행촌동,37.5733270930884,126.962272567935
1111018200,서울특별시 종로구 구기동,존재,서울특별시,종로구,구기동,서울특별시 종로구 구기동,37.6193739703883,126.959299756836
1111018300,서울특별시 종로구 평창동,존재,서울특별시,종로구,평창동,서울특별시 종로구 평창동,37.6063916960375,126.968357810931
1111018400,서울특별시 종로구 부암동,존재,서울특별시,종로구,부암동,서울특별시 종로구 부암동,37.5924142953536,126.964061015983
1111018500,서울특별시 종로구 홍지동,존재,서울특별시,종로구,홍지동,서울특별시 종로구 홍지동,37.6007910021227,126.956587544473
1111018600,서울특별시 종로구 신영동,존재,서울특별시,종로구,신영동,서울특별시 종로구 신영동,37.6025046922757,126.961818449159
1111018700,서울특별시 종로구 무악동,존재,서울특별시,종로구,무악동,서울특별시 종로구 무악동,37.5759854736853,126.958245677349
1114010100,서울특별시 중구 무교동,존재,서울특별시,중구,무교동,서울특별시 중구 무교동,37.5681523321123,126.978995985222
1114010200,서울특별시 중구 다동,존재,서울특별시,중구,다동,서울특별시 중구 다동,37.5678932127316,126.981173875618
1114010300,서울특별시 중구 태평로1가,존재,서울특별시,중구,태평로1가,서울특별시 중구 태평로1가,37.5677087157563,126.977234843742
1114010400,서울특별시 중구 을지로1가,존재,서울특별시,중구,을지로1가,서울특별시 중구 을지로1가,37.5660118254223,126.980508795796
1114010500,서울특별시 중구 을지로2가,존재,서울특별시,중구,을지로2가,서울특별시 중구 을지로2가,37.5658609834047,126.984004114817
1114010600,서울특별시 중구 남대문로1가,존재,서울특별시,중구,남대문로1가,서울특별시 중구 남대문로1가,37.5678610341135,126.982862710392
1114010700,서울특별시 중구 삼각동,존재,서울특별시,중구,삼각동,서울특별시 중구 삼각동,37.568081067024,126.984225497316
1114010800,서울특별시 중구 수하동,존재,서울특별시,중구,수하동,서울특별시 중구 수하동,37.5672666194381,126.984624102223
1114010900,서울특별시 중구 장교동,존재,서울특별시,중구,장교동,서울특별시 중구 장교동,37.567245266154,126.986865292475
1114011000,서울특별시 중구 수표동,존재,서울특별시,중구,수표동,서울특별시 중구 수표동,37.5674509569573,126.989500354867
1114011100,서울특별시 중구 소공동,존재,서울특별시,중구,소공동,서울특별시 중구 소공동,37.5638997702146,126.97979400965
1114011200,서울특별시 중구 남창동,존재,서울특별시,중구,남창동,서울특별시 중구 남창동,37.5576969045757,126.977559311953
1114011300,서울특별시 중구 북창동,존재,서울특별시,중구,북창동,서울특별시 중구 북창동,37.5622200000297,126.978042381175
1114011400,서울특별시 중구 태평로2가,존재,서울특별시,중구,태평로2가,서울특별시 중구 태평로2가,37.5629837198073,126.976357967863
1114011500,서울특별시 중구 남대문로2가,존재,서울특별시,중구,남대문로2가,서울특별시 중구 남대문로2가,37.5636983086303,126.982030616216
1114011600,서울특별시 중구 남대문로3가,존재,서울특별시,중구,남대문로3가,서울특별시 중구 남대문로3가,37.562011370384,126.980319690105
1114011700,서울특별시 중구 남대문로4가,존재,서울특별시,중구,남대문로4가,서울특별시 중구 남대문로4가,37.5601075547156,126.975457960662
1114011800,서울특별시 중구 남대문로5가,존재,서울특별시,중구,남대문로5가,서울특별시 중구 남대문로5가,37.5575773074592,126.97429533532
1114011900,서울특별시 중구 봉래동1가,존재,서울특별시,중구,봉래동1가,서울특별시 중구 봉래동1가,37.5595051345954,126.972922937607
1114012000,서울특별시 중구 봉래동2가,존재,서울특별시,중구,봉래동2가,서울특별시 중구 봉래동2가,37.5565385873088,126.970968346946
1114012100,서울특별시 중구 회현동1가,존재,서울특별시,중구,회현동1가,서울특별시 중구 회현동1가,37.555589207029,126.981204133005
1114012200,서울특별시 중구 회현동2가,존재,서울특별시,중구,회현동2가,서울특별시 중구 회현동2가,37.5587537703495,126.982919122029
1114012300,서울특별시 중구 회현동3가,존재,서울특별시,중구,회현동3가,서울특별시 중구 회현동3가,37.5601522772216,126.984059661953
1114012400,서울특별시 중구 충무로1가,존재,서울특별시,중구,충무로1가,서울특별시 중구 충무로1가,37.5614350253014,126.982162451405
1114012500,서울특별시 중구 충무로2가,존재,서울특별시,중구,충무로2가,서울특별시 중구 충무로2가,37.5620485933124,126.989609769072
1114012600,서울특별시 중구 명동1가,존재,서울특별시,중구,명동1가,서울특별시 중구 명동1가,37.5642861263305,126.984638297227
1114012700,서울특별시 중구 명동2가,존재,서울특별시,중구,명동2가,서울특별시 중구 명동2가,37.5628878550787,126.98522714432
1114012800,서울특별시 중구 남산동1가,존재,서울특별시,중구,남산동1가,서울특별시 중구 남산동1가,37.5593342411287,126.984580460713
1114012900,서울특별시 중구 남산동2가,존재,서울특별시,중구,남산동2가,서울특별시 중구 남산동2가,37.5584190512111,126.986396022059
1114013000,서울특별시 중구 남산동3가,존재,서울특별시,중구,남산동3가,서울특별시 중구 남산동3가,37.5607185451524,126.987762834453
1114013100,서울특별시 중구 저동1가,존재,서울특별시,중구,저동1가,서울특별시 중구 저동1가,37.5644126337615,126.987789395082
1114013200,서울특별시 중구 충무로4가,존재,서울특별시,중구,충무로4가,서울특별시 중구 충무로4가,37.5622651534103,126.994327234401
1114013300,서울특별시 중구 충무로5가,존재,서울특별시,중구,충무로5가,서울특별시 중구 충무로5가,37.5631302462414,126.99982795883
1114013400,서울특별시 중구 인현동2가,존재,서울특별시,중구,인현동2가,서울특별시 중구 인현동2가,37.5642041704527,126.996124490655
1114013500,서울특별시 중구 예관동,존재,서울특별시,중구,예관동,서울특별시 중구 예관동,37.5642150321271,126.998189014062
1114013600,서울특별시 중구 묵정동,존재,서울특별시,중구,묵정동,서울특별시 중구 묵정동,37.5614543921106,127.000371238419
1114013700,서울특별시 중구 필동1가,존재,서울특별시,중구,필동1가,서울특별시 중구 필동1가,37.5610757328508,126.992453032787
1114013800,서울특별시 중구 필동2가,존재,서울특별시,중구,필동2가,서울특별시 중구 필동2가,37.5593207097697,126.994626250771
1114013900,서울특별시 중구 필동3가,존재,서울특별시,중구,필동3가,서울특별시 중구 필동3가,37.5584990846545,126.997003047238
1114014000,서울특별시 중구 남학동,존재,서울특별시,중구,남학동,서울특별시 중구 남학동,37.5605530385659,126.990814223458
1114014100,서울특별시 중구 주자동,존재,서울특별시,중구,주자동,서울특별시 중구 주자동,37.5606394146991,126.989388129589
1114014200,서울특별시 중구 예장동,존재,서울특별시,중구,예장동,서울특별시 중구 예장동,37.5552118678546,126.990086044965
1114014300,서울특별시 중구 장충동1가,존재,서울특별시,중구,장충동1가,서울특별시 중구 장충동1가,37.5606540803158,127.007325089464
1114014400,서울특별시 중구 장충동2가,존재,서울특별시,중구,장충동2가,서울특별시 중구 장충동2가,37.5550176670286,127.000602078813
1114014500,서울특별시 중구 광희동1가,존재,서울특별시,중구,광희동1가,서울특별시 중구 광희동1가,37.5652239855071,127.006451724415
1114014600,서울특별시 중구 광희동2가,존재,서울특별시,중구,광희동2가,서울특별시 중구 광희동2가,37.5639300318234,127.008407470182
1114014700,서울특별시 중구 쌍림동,존재,서울특별시,중구,쌍림동,서울특별시 중구 쌍림동,37.5635266097207,127.004210503561
1114014800,서울특별시 중구 을지로6가,존재,서울특별시,중구,을지로6가,서울특별시 중구 을지로6가,37.5677719920143,127.00663305138
1114014900,서울특별시 중구 을지로7가,존재,서울특별시,중구,을지로7가,서울특별시 중구 을지로7가,37.5661499837088,127.009743356347
1114015000,서울특별시 중구 을지로4가,존재,서울특별시,중구,을지로4가,서울특별시 중구 을지로4가,37.5664927576671,126.998754909258
1114015100,서울특별시 중구 을지로5가,존재,서울특별시,중구,을지로5가,서울특별시 중구 을지로5가,37.5666080666785,127.002431326396
1114015200,서울특별시 중구 주교동,존재,서울특별시,중구,주교동,서울특별시 중구 주교동,37.5682515063243,126.999357065301
1114015300,서울특별시 중구 방산동,존재,서울특별시,중구,방산동,서울특별시 중구 방산동,37.5687055728612,127.002956612022
1114015400,서울특별시 중구 오장동,존재,서울특별시,중구,오장동,서울특별시 중구 오장동,37.56491061309,127.000692708562
1114015500,서울특별시 중구 을지로3가,존재,서울특별시,중구,을지로3가,서울특별시 중구 을지로3가,37.5664564985184,126.992696980394
1114015600,서울특별시 중구 입정동,존재,서울특별시,중구,입정동,서울특별시 중구 입정동,37.5678115982331,126.992728541874
1114015700,서울특별시 중구 산림동,존재,서울특별시,중구,산림동,서울특별시 중구 산림동,37.5677288451171,126.995508543908
1114015800,서울특별시 중구 충무로3가,존재,서울특별시,중구,충무로3가,서울특별시 중구 충무로3가,37.5626722201462,126.991307446764
1114015900,서울특별시 중구 초동,존재,서울특별시,중구,초동,서울특별시 중구 초동,37.564405798317,126.992181048279
1114016000,서울특별시 중구 인현동1가,존재,서울특별시,중구,인현동1가,서울특별시 중구 인현동1가,37.5637139255336,126.993729503193
1114016100,서울특별시 중구 저동2가,존재,서울특별시,중구,저동2가,서울특별시 중구 저동2가,37.5642218113843,126.989776983466
1114016200,서울특별시 중구 신당동,존재,서울특별시,중구,신당동,서울특별시 중구 신당동,37.5620157313143,127.014442188261
1114016300,서울특별시 중구 흥인동,존재,서울특별시,중구,흥인동,서울특별시 중구 흥인동,37.5672917152732,127.016358403205
1114016400,서울특별시 중구 무학동,존재,서울특별시,중구,무학동,서울특별시 중구 무학동,37.564358217778,127.015271168107
1114016500,서울특별시 중구 황학동,존재,서울특별시,중구,황학동,서울특별시 중구 황학동,37.5674999372117,127.021415848975
1114016600,서울특별시 중구 서소문동,존재,서울특별시,중구,서소문동,서울특별시 중구 서소문동,37.5631129454111,126.97389954989
1114016700,서울특별시 중구 정동,존재,서울특별시,중구,정동,서울특별시 중구 정동,37.5665870147751,126.973133171996
1114016800,서울특별시 중구 순화동,존재,서울특별시,중구,순화동,서울특별시 중구 순화동,37.5625571795009,126.970694369794
1114016900,서울특별시 중구 의주로1가,존재,서울특별시,중구,의주로1가,서울특별시 중구 의주로1가,37.564787363998,126.968063019077
1114017000,서울특별시 중구 충정로1가,존재,서울특별시,중구,충정로1가,서울특별시 중구 충정로1가,37.5665101244008,126.968270553351
1114017100,서울특별시 중구 중림동,존재,서울특별시,중구,중림동,서울특별시 중구 중림동,37.559168225382,126.966182119336
1114017200,서울특별시 중구 의주로2가,존재,서울특별시,중구,의주로2가,서울특별시 중구 의주로2가,37.5610540320638,126.969567667479
1114017300,서울특별시 중구 만리동1가,존재,서울특별시,중구,만리동1가,서울특별시 중구 만리동1가,37.5561628100869,126.967288060049
1114017400,서울특별시 중구 만리동2가,존재,서울특별시,중구,만리동2가,서울특별시 중구 만리동2가,37.5545760844189,126.963956968884
1117010100,서울특별시 용산구 후암동,존재,서울특별시,용산구,후암동,서울특별시 용산구 후암동,37.5486798277286,126.978150463736
1117010200,서울특별시 용산구 용산동2가,존재,서울특별시,용산구,용산동2가,서울특별시 용산구 용산동2가,37.5419195197563,126.982945593811
1117010300,서울특별시 용산구 용산동4가,존재,서울특별시,용산구,용산동4가,서울특별시 용산구 용산동4가,37.5306248837304,126.985224458926
1117010400,서울특별시 용산구 갈월동,존재,서울특별시,용산구,갈월동,서울특별시 용산구 갈월동,37.5467756584412,126.972162579372
1117010500,서울특별시 용산구 남영동,존재,서울특별시,용산구,남영동,서울특별시 용산구 남영동,37.5430061454345,126.973322683547
1117010600,서울특별시 용산구 용산동1가,존재,서울특별시,용산구,용산동1가,서울특별시 용산구 용산동1가,37.5399939693422,126.976967186602
1117010700,서울특별시 용산구 동자동,존재,서울특별시,용산구,동자동,서울특별시 용산구 동자동,37.5520519606976,126.972396006945
1117010800,서울특별시 용산구 서계동,존재,서울특별시,용산구,서계동,서울특별시 용산구 서계동,37.552965989869,126.966999743181
1117010900,서울특별시 용산구 청파동1가,존재,서울특별시,용산구,청파동1가,서울특별시 용산구 청파동1가,37.548767465152,126.967458773793
1117011000,서울특별시 용산구 청파동2가,존재,서울특별시,용산구,청파동2가,서울특별시 용산구 청파동2가,37.5465142049802,126.964798233694
1117011100,서울특별시 용산구 청파동3가,존재,서울특별시,용산구,청파동3가,서울특별시 용산구 청파동3가,37.543246007914,126.966972344614
1117011200,서울특별시 용산구 원효로1가,존재,서울특별시,용산구,원효로1가,서울특별시 용산구 원효로1가,37.5396132026478,126.967064466585
1117011300,서울특별시 용산구 원효로2가,존재,서울특별시,용산구,원효로2가,서울특별시 용산구 원효로2가,37.5362892108964,126.963323111963
1117011400,서울특별시 용산구 신창동,존재,서울특별시,용산구,신창동,서울특별시 용산구 신창동,37.5357673358179,126.954946215115
1117011500,서울특별시 용산구 산천동,존재,서울특별시,용산구,산천동,서울특별시 용산구 산천동,37.5354165057958,126.951801048783
1117011600,서울특별시 용산구 청암동,존재,서울특별시,용산구,청암동,서울특별시 용산구 청암동,37.5344808673194,126.946678596744
1117011700,서울특별시 용산구 원효로3가,존재,서울특별시,용산구,원효로3가,서울특별시 용산구 원효로3가,37.5343051059798,126.95763533429
1117011800,서울특별시 용산구 원효로4가,존재,서울특별시,용산구,원효로4가,서울특별시 용산구 원효로4가,37.532251690375,126.950590243026
1117011900,서울특별시 용산구 효창동,존재,서울특별시,용산구,효창동,서울특별시 용산구 효창동,37.5424588083349,126.9618988792
1117012000,서울특별시 용산구 도원동,존재,서울특별시,용산구,도원동,서울특별시 용산구 도원동,37.5381208172628,126.955125834612
1117012100,서울특별시 용산구 용문동,존재,서울특별시,용산구,용문동,서울특별시 용산구 용문동,37.5377008640148,126.959891817892
1117012200,서울특별시 용산구 문배동,존재,서울특별시,용산구,문배동,서울특별시 용산구 문배동,37.5371018437132,126.969405422634
1117012300,서울특별시 용산구 신계동,존재,서울특별시,용산구,신계동,서울특별시 용산구 신계동,37.5358253064499,126.966740278708
1117012400,서울특별시 용산구 한강로1가,존재,서울특별시,용산구,한강로1가,서울특별시 용산구 한강로1가,37.5339780623762,126.973054361529
1117012500,서울특별시 용산구 한강로2가,존재,서울특별시,용산구,한강로2가,서울특별시 용산구 한강로2가,37.5315623013376,126.968683607087
1117012600,서울특별시 용산구 용산동3가,존재,서울특별시,용산구,용산동3가,서울특별시 용산구 용산동3가,37.5318669434272,126.976965160519
1117012700,서울특별시 용산구 용산동5가,존재,서울특별시,용산구,용산동5가,서울특별시 용산구 용산동5가,37.526143245049,126.974364951898
1117012800,서울특별시 용산구 한강로3가,존재,서울특별시,용산구,한강로3가,서울특별시 용산구 한강로3가,37.5276608637792,126.962182447512
1117012900,서울특별시 용산구 이촌동,존재,서울특별시,용산구,이촌동,서울특별시 용산구 이촌동,37.5141954312249,126.972097769518
1117013000,서울특별시 용산구 이태원동,존재,서울특별시,용산구,이태원동,서울특별시 용산구 이태원동,37.5402662116134,126.991527297365
1117013100,서울특별시 용산구 한남동,존재,서울특별시,용산구,한남동,서울특별시 용산구 한남동,37.5346298557798,127.000552132438
1117013200,서울특별시 용산구 동빙고동,존재,서울특별시,용산구,동빙고동,서울특별시 용산구 동빙고동,37.5244123976895,126.995112936884
1117013300,서울특별시 용산구 서빙고동,존재,서울특별시,용산구,서빙고동,서울특별시 용산구 서빙고동,37.5204623812775,126.994638088433
1117013400,서울특별시 용산구 주성동,존재,서울특별시,용산구,주성동,서울특별시 용산구 주성동,37.5215725360091,126.999221719448
1117013500,서울특별시 용산구 용산동6가,존재,서울특별시,용산구,용산동6가,서울특별시 용산구 용산동6가,37.5235531064679,126.980329796658
1117013600,서울특별시 용산구 보광동,존재,서울특별시,용산구,보광동,서울특별시 용산구 보광동,37.5262721673188,127.000171956489
1120010100,서울특별시 성동구 상왕십리동,존재,서울특별시,성동구,상왕십리동,서울특별시 성동구 상왕십리동,37.5684327095862,127.024784739728
1120010200,서울특별시 성동구 하왕십리동,존재,서울특별시,성동구,하왕십리동,서울특별시 성동구 하왕십리동,37.5619122139369,127.028703243306
1120010300,서울특별시 성동구 홍익동,존재,서울특별시,성동구,홍익동,서울특별시 성동구 홍익동,37.5663550219259,127.032213833438
1120010400,서울특별시 성동구 도선동,존재,서울특별시,성동구,도선동,서울특별시 성동구 도선동,37.5637958263853,127.033530216268
1120010500,서울특별시 성동구 마장동,존재,서울특별시,성동구,마장동,서울특별시 성동구 마장동,37.566379547987,127.045325760782
1120010600,서울특별시 성동구 사근동,존재,서울특별시,성동구,사근동,서울특별시 성동구 사근동,37.5614997515694,127.045327331714
1120010700,서울특별시 성동구 행당동,존재,서울특별시,성동구,행당동,서울특별시 성동구 행당동,37.558305907888,127.037031736958
1120010800,서울특별시 성동구 응봉동,존재,서울특별시,성동구,응봉동,서울특별시 성동구 응봉동,37.553160488276,127.033416807797
1120010900,서울특별시 성동구 금호동1가,존재,서울특별시,성동구,금호동1가,서울특별시 성동구 금호동1가,37.5548857249068,127.02279294328
1120011000,서울특별시 성동구 금호동2가,존재,서울특별시,성동구,금호동2가,서울특별시 성동구 금호동2가,37.5529940659194,127.020406751011
1120011100,서울특별시 성동구 금호동3가,존재,서울특별시,성동구,금호동3가,서울특별시 성동구 금호동3가,37.5499307132639,127.020166005976
1120011200,서울특별시 성동구 금호동4가,존재,서울특별시,성동구,금호동4가,서울특별시 성동구 금호동4가,37.5447325755772,127.026161935006
1120011300,서울특별시 성동구 옥수동,존재,서울특별시,성동구,옥수동,서울특별시 성동구 옥수동,37.5435886378543,127.013438338877
1120011400,서울특별시 성동구 성수동1가,존재,서울특별시,성동구,성수동1가,서울특별시 성동구 성수동1가,37.5417253860375,127.043351028535
1120011500,서울특별시 성동구 성수동2가,존재,서울특별시,성동구,성수동2가,서울특별시 성동구 성수동2가,37.5409627375214,127.057019282187
1120011800,서울특별시 성동구 송정동,존재,서울특별시,성동구,송정동,서울특별시 성동구 송정동,37.5545322586259,127.069569072089
1120012200,서울특별시 성동구 용답동,존재,서울특별시,성동구,용답동,서울특별시 성동구 용답동,37.5640758244216,127.055579052769
1121510100,서울특별시 광진구 중곡동,존재,서울특별시,광진구,중곡동,서울특별시 광진구 중곡동,37.5617477458583,127.090401426965
1121510200,서울특별시 광진구 능동,존재,서울특별시,광진구,능동,서울특별시 광진구 능동,37.5537792609497,127.080536887135
1121510300,서울특별시 광진구 구의동,존재,서울특별시,광진구,구의동,서울특별시 광진구 구의동,37.5502741239801,127.093135225891
1121510400,서울특별시 광진구 광장동,존재,서울특별시,광진구,광장동,서울특별시 광진구 광장동,37.5468565308903,127.103025712709
1121510500,서울특별시 광진구 자양동,존재,서울특별시,광진구,자양동,서울특별시 광진구 자양동,37.5311077958687,127.073018338792
1121510700,서울특별시 광진구 화양동,존재,서울특별시,광진구,화양동,서울특별시 광진구 화양동,37.5464762611363,127.071367614735
1121510900,서울특별시 광진구 군자동,존재,서울특별시,광진구,군자동,서울특별시 광진구 군자동,37.5554765598173,127.075350846159
1123010100,서울특별시 동대문구 신설동,존재,서울특별시,동대문구,신설동,서울특별시 동대문구 신설동,37.574962961668,127.025538570996
1123010200,서울특별시 동대문구 용두동,존재,서울특별시,동대문구,용두동,서울특별시 동대문구 용두동,37.575418648042,127.033598820976
1123010300,서울특별시 동대문구 제기동,존재,서울특별시,동대문구,제기동,서울특별시 동대문구 제기동,37.5831154639891,127.037818414722
1123010400,서울특별시 동대문구 전농동,존재,서울특별시,동대문구,전농동,서울특별시 동대문구 전농동,37.5793286114285,127.053978285554
1123010500,서울특별시 동대문구 답십리동,존재,서울특별시,동대문구,답십리동,서울특별시 동대문구 답십리동,37.5690668295006,127.056655839753
1123010600,서울특별시 동대문구 장안동,존재,서울특별시,동대문구,장안동,서울특별시 동대문구 장안동,37.5696967138505,127.071439570463
1123010700,서울특별시 동대문구 청량리동,존재,서울특별시,동대문구,청량리동,서울특별시 동대문구 청량리동,37.5830468218369,127.048170770368
1123010800,서울특별시 동대문구 회기동,존재,서울특별시,동대문구,회기동,서울특별시 동대문구 회기동,37.5907885967281,127.05537245757
1123010900,서울특별시 동대문구 휘경동,존재,서울특별시,동대문구,휘경동,서울특별시 동대문구 휘경동,37.5908553624267,127.065730507228
1123011000,서울특별시 동대문구 이문동,존재,서울특별시,동대문구,이문동,서울특별시 동대문구 이문동,37.6004055110661,127.066373060068
1126010100,서울특별시 중랑구 면목동,존재,서울특별시,중랑구,면목동,서울특별시 중랑구 면목동,37.5803715762429,127.087661590766
1126010200,서울특별시 중랑구 상봉동,존재,서울특별시,중랑구,상봉동,서울특별시 중랑구 상봉동,37.5967688195518,127.088754299651
1126010300,서울특별시 중랑구 중화동,존재,서울특별시,중랑구,중화동,서울특별시 중랑구 중화동,37.599461816745,127.077320262185
1126010400,서울특별시 중랑구 묵동,존재,서울특별시,중랑구,묵동,서울특별시 중랑구 묵동,37.6123807746797,127.079182031593
1126010500,서울특별시 중랑구 망우동,존재,서울특별시,중랑구,망우동,서울특별시 중랑구 망우동,37.5955130359783,127.103962394815
1126010600,서울특별시 중랑구 신내동,존재,서울특별시,중랑구,신내동,서울특별시 중랑구 신내동,37.6058747809885,127.09936528756
1129010100,서울특별시 성북구 성북동,존재,서울특별시,성북구,성북동,서울특별시 성북구 성북동,37.5910466093958,127.003274531869
1129010200,서울특별시 성북구 성북동1가,존재,서울특별시,성북구,성북동1가,서울특별시 성북구 성북동1가,37.5895149125503,127.003614139532
1129010300,서울특별시 성북구 돈암동,존재,서울특별시,성북구,돈암동,서울특별시 성북구 돈암동,37.5962791991147,127.00991034218
1129010400,서울특별시 성북구 동소문동1가,존재,서울특별시,성북구,동소문동1가,서울특별시 성북구 동소문동1가,37.5900265113416,127.007210212424
1129010500,서울특별시 성북구 동소문동2가,존재,서울특별시,성북구,동소문동2가,서울특별시 성북구 동소문동2가,37.5887073911222,127.008238156364
1129010600,서울특별시 성북구 동소문동3가,존재,서울특별시,성북구,동소문동3가,서울특별시 성북구 동소문동3가,37.5898604829037,127.010489205319
1129010700,서울특별시 성북구 동소문동4가,존재,서울특별시,성북구,동소문동4가,서울특별시 성북구 동소문동4가,37.591759761125,127.01063893326
1129010800,서울특별시 성북구 동소문동5가,존재,서울특별시,성북구,동소문동5가,서울특별시 성북구 동소문동5가,37.5916367047085,127.01537185184
1129010900,서울특별시 성북구 동소문동6가,존재,서울특별시,성북구,동소문동6가,서울특별시 성북구 동소문동6가,37.5933415527603,127.01399531696
1129011000,서울특별시 성북구 동소문동7가,존재,서울특별시,성북구,동소문동7가,서울특별시 성북구 동소문동7가,37.5963292176216,127.014190641129
1129011100,서울특별시 성북구 삼선동1가,존재,서울특별시,성북구,삼선동1가,서울특별시 성북구 삼선동1가,37.5846817438784,127.008396217359
1129011200,서울특별시 성북구 삼선동2가,존재,서울특별시,성북구,삼선동2가,서울특별시 성북구 삼선동2가,37.5833696420008,127.011439305713
1129011300,서울특별시 성북구 삼선동3가,존재,서울특별시,성북구,삼선동3가,서울특별시 성북구 삼선동3가,37.586508530236,127.013092803419
1129011400,서울특별시 성북구 삼선동4가,존재,서울특별시,성북구,삼선동4가,서울특별시 성북구 삼선동4가,37.5903502910639,127.013723013975
1129011500,서울특별시 성북구 삼선동5가,존재,서울특별시,성북구,삼선동5가,서울특별시 성북구 삼선동5가,37.5885336236904,127.015851281018
1129011600,서울특별시 성북구 동선동1가,존재,서울특별시,성북구,동선동1가,서울특별시 성북구 동선동1가,37.5923102427411,127.018211777612
1129011700,서울특별시 성북구 동선동2가,존재,서울특별시,성북구,동선동2가,서울특별시 성북구 동선동2가,37.5901655850023,127.020040985677
1129011800,서울특별시 성북구 동선동3가,존재,서울특별시,성북구,동선동3가,서울특별시 성북구 동선동3가,37.5944938544002,127.020599250097
1129011900,서울특별시 성북구 동선동4가,존재,서울특별시,성북구,동선동4가,서울특별시 성북구 동선동4가,37.5952221822841,127.018633716126
1129012000,서울특별시 성북구 동선동5가,존재,서울특별시,성북구,동선동5가,서울특별시 성북구 동선동5가,37.5959288284835,127.016844785039
1129012100,서울특별시 성북구 안암동1가,존재,서울특별시,성북구,안암동1가,서울특별시 성북구 안암동1가,37.5883885968465,127.021358427439
1129012200,서울특별시 성북구 안암동2가,존재,서울특별시,성북구,안암동2가,서울특별시 성북구 안암동2가,37.586528798482,127.02216855408
1129012300,서울특별시 성북구 안암동3가,존재,서울특별시,성북구,안암동3가,서울특별시 성북구 안암동3가,37.583533676855,127.023313410414
1129012400,서울특별시 성북구 안암동4가,존재,서울특별시,성북구,안암동4가,서울특별시 성북구 안암동4가,37.58070068194,127.024648423554
1129012500,서울특별시 성북구 안암동5가,존재,서울특별시,성북구,안암동5가,서울특별시 성북구 안암동5가,37.5883977734308,127.029021378105
1129012600,서울특별시 성북구 보문동4가,존재,서울특별시,성북구,보문동4가,서울특별시 성북구 보문동4가,37.5828961453853,127.021347801017
1129012700,서울특별시 성북구 보문동5가,존재,서울특별시,성북구,보문동5가,서울특별시 성북구 보문동5가,37.5823846059336,127.020066071097
1129012800,서울특별시 성북구 보문동6가,존재,서울특별시,성북구,보문동6가,서울특별시 성북구 보문동6가,37.5803846015945,127.018842854522
1129012900,서울특별시 성북구 보문동7가,존재,서울특별시,성북구,보문동7가,서울특별시 성북구 보문동7가,37.5798181272129,127.022551479065
1129013000,서울특별시 성북구 보문동1가,존재,서울특별시,성북구,보문동1가,서울특별시 성북구 보문동1가,37.5864896015958,127.019645993321
1129013100,서울특별시 성북구 보문동2가,존재,서울특별시,성북구,보문동2가,서울특별시 성북구 보문동2가,37.5857474136521,127.018210178625
1129013200,서울특별시 성북구 보문동3가,존재,서울특별시,성북구,보문동3가,서울특별시 성북구 보문동3가,37.58388803571,127.016352976758
1129013300,서울특별시 성북구 정릉동,존재,서울특별시,성북구,정릉동,서울특별시 성북구 정릉동,37.618580825547,126.995482832879
1129013400,서울특별시 성북구 길음동,존재,서울특별시,성북구,길음동,서울특별시 성북구 길음동,37.6076658267473,127.023343590916
1129013500,서울특별시 성북구 종암동,존재,서울특별시,성북구,종암동,서울특별시 성북구 종암동,37.5990602270306,127.035212918853
1129013600,서울특별시 성북구 하월곡동,존재,서울특별시,성북구,하월곡동,서울특별시 성북구 하월곡동,37.6075035036308,127.037812638789
1129013700,서울특별시 성북구 상월곡동,존재,서울특별시,성북구,상월곡동,서울특별시 성북구 상월곡동,37.6069133345458,127.045527017386
1129013800,서울특별시 성북구 장위동,존재,서울특별시,성북구,장위동,서울특별시 성북구 장위동,37.6170568426302,127.04956549458
1129013900,서울특별시 성북구 석관동,존재,서울특별시,성북구,석관동,서울특별시 성북구 석관동,37.6129860183721,127.0614007785
1130510100,서울특별시 강북구 미아동,존재,서울특별시,강북구,미아동,서울특별시 강북구 미아동,37.6270831294021,127.027060776679
1130510200,서울특별시 강북구 번동,존재,서울특별시,강북구,번동,서울특별시 강북구 번동,37.6241057350223,127.04133717608
1130510300,서울특별시 강북구 수유동,존재,서울특별시,강북구,수유동,서울특별시 강북구 수유동,37.6424621841481,127.022094520762
1130510400,서울특별시 강북구 우이동,존재,서울특별시,강북구,우이동,서울특별시 강북구 우이동,37.6630390800112,127.001890452891
1132010500,서울특별시 도봉구 쌍문동,존재,서울특별시,도봉구,쌍문동,서울특별시 도봉구 쌍문동,37.6513191127046,127.029190894368
1132010600,서울특별시 도봉구 방학동,존재,서울특별시,도봉구,방학동,서울특별시 도봉구 방학동,37.6658975489539,127.026875382235
1132010700,서울특별시 도봉구 창동,존재,서울특별시,도봉구,창동,서울특별시 도봉구 창동,37.6522582058479,127.045432300312
1132010800,서울특별시 도봉구 도봉동,존재,서울특별시,도봉구,도봉동,서울특별시 도봉구 도봉동,37.6873960128038,127.021495626589
1135010200,서울특별시 노원구 월계동,존재,서울특별시,노원구,월계동,서울특별시 노원구 월계동,37.6199191869583,127.062987742987
1135010300,서울특별시 노원구 공릉동,존재,서울특별시,노원구,공릉동,서울특별시 노원구 공릉동,37.6248431089168,127.073821318894
1135010400,서울특별시 노원구 하계동,존재,서울특별시,노원구,하계동,서울특별시 노원구 하계동,37.6404885286243,127.072685646642
1135010500,서울특별시 노원구 상계동,존재,서울특별시,노원구,상계동,서울특별시 노원구 상계동,37.6612505755399,127.060252770712
1135010600,서울특별시 노원구 중계동,존재,서울특별시,노원구,중계동,서울특별시 노원구 중계동,37.6525550467646,127.077488598779
1138010100,서울특별시 은평구 수색동,존재,서울특별시,은평구,수색동,서울특별시 은평구 수색동,37.5835205431622,126.893690338772
1138010200,서울특별시 은평구 녹번동,존재,서울특별시,은평구,녹번동,서울특별시 은평구 녹번동,37.602216160965,126.929919982801
1138010300,서울특별시 은평구 불광동,존재,서울특별시,은평구,불광동,서울특별시 은평구 불광동,37.617652326817,126.937059476367
1138010400,서울특별시 은평구 갈현동,존재,서울특별시,은평구,갈현동,서울특별시 은평구 갈현동,37.6198652831792,126.914367182376
1138010500,서울특별시 은평구 구산동,존재,서울특별시,은평구,구산동,서울특별시 은평구 구산동,37.6117570303251,126.910376186527
1138010600,서울특별시 은평구 대조동,존재,서울특별시,은평구,대조동,서울특별시 은평구 대조동,37.6141899645264,126.920825111083
1138010700,서울특별시 은평구 응암동,존재,서울특별시,은평구,응암동,서울특별시 은평구 응암동,37.5963272964126,126.924109745075
1138010800,서울특별시 은평구 역촌동,존재,서울특별시,은평구,역촌동,서울특별시 은평구 역촌동,37.6043976551679,126.915123289569
1138010900,서울특별시 은평구 신사동,존재,서울특별시,은평구,신사동,서울특별시 은평구 신사동,37.5949214743514,126.908475948726
1138011000,서울특별시 은평구 증산동,존재,서울특별시,은평구,증산동,서울특별시 은평구 증산동,37.5843030609174,126.907039772766
1138011400,서울특별시 은평구 진관동,존재,서울특별시,은평구,진관동,서울특별시 은평구 진관동,37.6349668825061,126.92106591289
1141010100,서울특별시 서대문구 충정로2가,존재,서울특별시,서대문구,충정로2가,서울특별시 서대문구 충정로2가,37.5648511031139,126.964119536636
1141010200,서울특별시 서대문구 충정로3가,존재,서울특별시,서대문구,충정로3가,서울특별시 서대문구 충정로3가,37.5620789699489,126.961983963838
1141010300,서울특별시 서대문구 합동,존재,서울특별시,서대문구,합동,서울특별시 서대문구 합동,37.5615287939469,126.966031651429
1141010400,서울특별시 서대문구 미근동,존재,서울특별시,서대문구,미근동,서울특별시 서대문구 미근동,37.5632950923107,126.967253249905
1141010500,서울특별시 서대문구 냉천동,존재,서울특별시,서대문구,냉천동,서울특별시 서대문구 냉천동,37.5667821636119,126.961963463309
1141010600,서울특별시 서대문구 천연동,존재,서울특별시,서대문구,천연동,서울특별시 서대문구 천연동,37.5675017663094,126.958422464555
1141010700,서울특별시 서대문구 옥천동,존재,서울특별시,서대문구,옥천동,서울특별시 서대문구 옥천동,37.569559807873,126.95890126611
1141010800,서울특별시 서대문구 영천동,존재,서울특별시,서대문구,영천동,서울특별시 서대문구 영천동,37.5703879302211,126.956682170377
1141010900,서울특별시 서대문구 현저동,존재,서울특별시,서대문구,현저동,서울특별시 서대문구 현저동,37.5737854968816,126.95407204926
1141011000,서울특별시 서대문구 북아현동,존재,서울특별시,서대문구,북아현동,서울특별시 서대문구 북아현동,37.559565244981,126.956901214305
1141011100,서울특별시 서대문구 홍제동,존재,서울특별시,서대문구,홍제동,서울특별시 서대문구 홍제동,37.585845800944,126.948725215733
1141011200,서울특별시 서대문구 대현동,존재,서울특별시,서대문구,대현동,서울특별시 서대문구 대현동,37.560768646354,126.947212193537
1141011300,서울특별시 서대문구 대신동,존재,서울특별시,서대문구,대신동,서울특별시 서대문구 대신동,37.5640649698094,126.944330406191
1141011400,서울특별시 서대문구 신촌동,존재,서울특별시,서대문구,신촌동,서울특별시 서대문구 신촌동,37.5651616940517,126.93927687604
1141011500,서울특별시 서대문구 봉원동,존재,서울특별시,서대문구,봉원동,서울특별시 서대문구 봉원동,37.5725932042939,126.946963866133
1141011600,서울특별시 서대문구 창천동,존재,서울특별시,서대문구,창천동,서울특별시 서대문구 창천동,37.5586862112855,126.934193637741
1141011700,서울특별시 서대문구 연희동,존재,서울특별시,서대문구,연희동,서울특별시 서대문구 연희동,37.5739100104158,126.935230751932
1141011800,서울특별시 서대문구 홍은동,존재,서울특별시,서대문구,홍은동,서울특별시 서대문구 홍은동,37.5908908122788,126.933218715152
1141011900,서울특별시 서대문구 북가좌동,존재,서울특별시,서대문구,북가좌동,서울특별시 서대문구 북가좌동,37.5780815956198,126.91039845202
1141012000,서울특별시 서대문구 남가좌동,존재,서울특별시,서대문구,남가좌동,서울특별시 서대문구 남가좌동,37.5755473825402,126.919548350676
1144010100,서울특별시 마포구 아현동,존재,서울특별시,마포구,아현동,서울특별시 마포구 아현동,37.5544867895966,126.955727151387
1144010200,서울특별시 마포구 공덕동,존재,서울특별시,마포구,공덕동,서울특별시 마포구 공덕동,37.5501743473819,126.960034513244
1144010300,서울특별시 마포구 신공덕동,존재,서울특별시,마포구,신공덕동,서울특별시 마포구 신공덕동,37.543714388763,126.95556152591
1144010400,서울특별시 마포구 도화동,존재,서울특별시,마포구,도화동,서울특별시 마포구 도화동,37.5415497123869,126.949873511116
1144010500,서울특별시 마포구 용강동,존재,서울특별시,마포구,용강동,서울특별시 마포구 용강동,37.54231770904,126.942708117541
1144010600,서울특별시 마포구 토정동,존재,서울특별시,마포구,토정동,서울특별시 마포구 토정동,37.5388960581724,126.939782456982
1144010700,서울특별시 마포구 마포동,존재,서울특별시,마포구,마포동,서울특별시 마포구 마포동,37.5371140701999,126.943825451904
1144010800,서울특별시 마포구 대흥동,존재,서울특별시,마포구,대흥동,서울특별시 마포구 대흥동,37.5498936438386,126.943403941965
1144010900,서울특별시 마포구 염리동,존재,서울특별시,마포구,염리동,서울특별시 마포구 염리동,37.5470619620453,126.94565571696
1144011000,서울특별시 마포구 노고산동,존재,서울특별시,마포구,노고산동,서울특별시 마포구 노고산동,37.5543526246387,126.937909479778
1144011100,서울특별시 마포구 신수동,존재,서울특별시,마포구,신수동,서울특별시 마포구 신수동,37.5470206619261,126.935226865858
1144011200,서울특별시 마포구 현석동,존재,서울특별시,마포구,현석동,서울특별시 마포구 현석동,37.5421619566645,126.934289634391
1144011300,서울특별시 마포구 구수동,존재,서울특별시,마포구,구수동,서울특별시 마포구 구수동,37.5457361347133,126.932539327611
1144011400,서울특별시 마포구 창전동,존재,서울특별시,마포구,창전동,서울특별시 마포구 창전동,37.549273643204,126.92977041133
1144011500,서울특별시 마포구 상수동,존재,서울특별시,마포구,상수동,서울특별시 마포구 상수동,37.5456269289382,126.924776753718
1144011600,서울특별시 마포구 하중동,존재,서울특별시,마포구,하중동,서울특별시 마포구 하중동,37.5435745257489,126.927779696718
1144011700,서울특별시 마포구 신정동,존재,서울특별시,마포구,신정동,서울특별시 마포구 신정동,37.543161599964,126.930332866478
1144011800,서울특별시 마포구 당인동,존재,서울특별시,마포구,당인동,서울특별시 마포구 당인동,37.5437530625517,126.919627791269
1144012000,서울특별시 마포구 서교동,존재,서울특별시,마포구,서교동,서울특별시 마포구 서교동,37.5550949138083,126.914613374473
1144012100,서울특별시 마포구 동교동,존재,서울특별시,마포구,동교동,서울특별시 마포구 동교동,37.5572085308328,126.922261659865
1144012200,서울특별시 마포구 합정동,존재,서울특별시,마포구,합정동,서울특별시 마포구 합정동,37.5516618139957,126.911756414276
1144012300,서울특별시 마포구 망원동,존재,서울특별시,마포구,망원동,서울특별시 마포구 망원동,37.5567856576913,126.901347294861
1144012400,서울특별시 마포구 연남동,존재,서울특별시,마포구,연남동,서울특별시 마포구 연남동,37.5644776141885,126.922023205508
1144012500,서울특별시 마포구 성산동,존재,서울특별시,마포구,성산동,서울특별시 마포구 성산동,37.5628827605386,126.909284812172
1144012600,서울특별시 마포구 중동,존재,서울특별시,마포구,중동,서울특별시 마포구 중동,37.5716627632571,126.9055839139
1144012700,서울특별시 마포구 상암동,존재,서울특별시,마포구,상암동,서울특별시 마포구 상암동,37.5783209050877,126.894689433213
1147010100,서울특별시 양천구 신정동,존재,서울특별시,양천구,신정동,서울특별시 양천구 신정동,37.5185526780279,126.854354325392
1147010200,서울특별시 양천구 목동,존재,서울특별시,양천구,목동,서울특별시 양천구 목동,37.5304364108359,126.870989288343
1147010300,서울특별시 양천구 신월동,존재,서울특별시,양천구,신월동,서울특별시 양천구 신월동,37.532815818936,126.831535864977
1150010100,서울특별시 강서구 염창동,존재,서울특별시,강서구,염창동,서울특별시 강서구 염창동,37.553736243135,126.870985348962
1150010200,서울특별시 강서구 등촌동,존재,서울특별시,강서구,등촌동,서울특별시 강서구 등촌동,37.5622374761139,126.843670821456
1150010300,서울특별시 강서구 화곡동,존재,서울특별시,강서구,화곡동,서울특별시 강서구 화곡동,37.5362848031693,126.848952280488
1150010400,서울특별시 강서구 가양동,존재,서울특별시,강서구,가양동,서울특별시 강서구 가양동,37.5693673262877,126.84732341674
1150010500,서울특별시 강서구 마곡동,존재,서울특별시,강서구,마곡동,서울특별시 강서구 마곡동,37.5747859514343,126.830205192607
1150010600,서울특별시 강서구 내발산동,존재,서울특별시,강서구,내발산동,서울특별시 강서구 내발산동,37.5543737621716,126.83326640676
1150010700,서울특별시 강서구 외발산동,존재,서울특별시,강서구,외발산동,서울특별시 강서구 외발산동,37.5438427469628,126.82085631674
1150010800,서울특별시 강서구 공항동,존재,서울특별시,강서구,공항동,서울특별시 강서구 공항동,37.5588726032731,126.810109136838
1150010900,서울특별시 강서구 방화동,존재,서울특별시,강서구,방화동,서울특별시 강서구 방화동,37.5713090735148,126.811820803059
1150011000,서울특별시 강서구 개화동,존재,서울특별시,강서구,개화동,서울특별시 강서구 개화동,37.5913312008971,126.810864581737
1150011100,서울특별시 강서구 과해동,존재,서울특별시,강서구,과해동,서울특별시 강서구 과해동,37.5656027325695,126.787712416395
1150011200,서울특별시 강서구 오곡동,존재,서울특별시,강서구,오곡동,서울특별시 강서구 오곡동,37.5515676820461,126.783116898869
1150011300,서울특별시 강서구 오쇠동,존재,서울특별시,강서구,오쇠동,서울특별시 강서구 오쇠동,37.5434597373435,126.797918436909
1153010100,서울특별시 구로구 신도림동,존재,서울특별시,구로구,신도림동,서울특별시 구로구 신도림동,37.5077809050365,126.880610228674
1153010200,서울특별시 구로구 구로동,존재,서울특별시,구로구,구로동,서울특별시 구로구 구로동,37.495770737873,126.882642231121
1153010300,서울특별시 구로구 가리봉동,존재,서울특별시,구로구,가리봉동,서울특별시 구로구 가리봉동,37.4825327471336,126.889718085071
1153010600,서울특별시 구로구 고척동,존재,서울특별시,구로구,고척동,서울특별시 구로구 고척동,37.5013977406621,126.863557123957
1153010700,서울특별시 구로구 개봉동,존재,서울특별시,구로구,개봉동,서울특별시 구로구 개봉동,37.4930115322773,126.857746551058
1153010800,서울특별시 구로구 오류동,존재,서울특별시,구로구,오류동,서울특별시 구로구 오류동,37.4889461307049,126.835492478188
1153010900,서울특별시 구로구 궁동,존재,서울특별시,구로구,궁동,서울특별시 구로구 궁동,37.5018731116129,126.827457184485
1153011000,서울특별시 구로구 온수동,존재,서울특별시,구로구,온수동,서울특별시 구로구 온수동,37.4941466665874,126.820586087352
1153011100,서울특별시 구로구 천왕동,존재,서울특별시,구로구,천왕동,서울특별시 구로구 천왕동,37.4802774110976,126.83999317372
1153011200,서울특별시 구로구 항동,존재,서울특별시,구로구,항동,서울특별시 구로구 항동,37.4801853131194,126.823409784343
1154510100,서울특별시 금천구 가산동,존재,서울특별시,금천구,가산동,서울특별시 금천구 가산동,37.4768763179224,126.891779471155
1154510200,서울특별시 금천구 독산동,존재,서울특별시,금천구,독산동,서울특별시 금천구 독산동,37.4681432491734,126.899392976389
1154510300,서울특별시 금천구 시흥동,존재,서울특별시,금천구,시흥동,서울특별시 금천구 시흥동,37.4476688042386,126.908452220723
1156010100,서울특별시 영등포구 영등포동,존재,서울특별시,영등포구,영등포동,서울특별시 영등포구 영등포동,37.5134118222973,126.906168599588
1156010200,서울특별시 영등포구 영등포동1가,존재,서울특별시,영등포구,영등포동1가,서울특별시 영등포구 영등포동1가,37.5178393128912,126.913185328453
1156010300,서울특별시 영등포구 영등포동2가,존재,서울특별시,영등포구,영등포동2가,서울특별시 영등포구 영등포동2가,37.5207969614042,126.91150771146
1156010400,서울특별시 영등포구 영등포동3가,존재,서울특별시,영등포구,영등포동3가,서울특별시 영등포구 영등포동3가,37.5182713776916,126.90787737105
1156010500,서울특별시 영등포구 영등포동4가,존재,서울특별시,영등포구,영등포동4가,서울특별시 영등포구 영등포동4가,37.5178895038414,126.903552262737
1156010600,서울특별시 영등포구 영등포동5가,존재,서울특별시,영등포구,영등포동5가,서울특별시 영등포구 영등포동5가,37.5210743651057,126.906688412883
1156010700,서울특별시 영등포구 영등포동6가,존재,서울특별시,영등포구,영등포동6가,서울특별시 영등포구 영등포동6가,37.5215905083395,126.90316740849
1156010800,서울특별시 영등포구 영등포동7가,존재,서울특별시,영등포구,영등포동7가,서울특별시 영등포구 영등포동7가,37.5240155727982,126.907114627945
1156010900,서울특별시 영등포구 영등포동8가,존재,서울특별시,영등포구,영등포동8가,서울특별시 영등포구 영등포동8가,37.5283028633869,126.905253942411
1156011000,서울특별시 영등포구 여의도동,존재,서울특별시,영등포구,여의도동,서울특별시 영등포구 여의도동,37.526784915083,126.930167091136
1156011100,서울특별시 영등포구 당산동1가,존재,서울특별시,영등포구,당산동1가,서울특별시 영등포구 당산동1가,37.5216623144431,126.898547402403
1156011200,서울특별시 영등포구 당산동2가,존재,서울특별시,영등포구,당산동2가,서울특별시 영등포구 당산동2가,37.5224653819518,126.893736304951
1156011300,서울특별시 영등포구 당산동3가,존재,서울특별시,영등포구,당산동3가,서울특별시 영등포구 당산동3가,37.525848582812,126.89671357564
1156011400,서울특별시 영등포구 당산동4가,존재,서울특별시,영등포구,당산동4가,서울특별시 영등포구 당산동4가,37.5290653986879,126.899075891843
1156011500,서울특별시 영등포구 당산동5가,존재,서울특별시,영등포구,당산동5가,서울특별시 영등포구 당산동5가,37.5320981652413,126.901203325782
1156011600,서울특별시 영등포구 당산동6가,존재,서울특별시,영등포구,당산동6가,서울특별시 영등포구 당산동6가,37.5337949488345,126.904735599528
1156011700,서울특별시 영등포구 당산동,존재,서울특별시,영등포구,당산동,서울특별시 영등포구 당산동,37.5402584246452,126.902165652703
1156011800,서울특별시 영등포구 도림동,존재,서울특별시,영등포구,도림동,서울특별시 영등포구 도림동,37.5094388403258,126.895944463887
1156011900,서울특별시 영등포구 문래동1가,존재,서울특별시,영등포구,문래동1가,서울특별시 영등포구 문래동1가,37.5122797138517,126.896981114579
1156012000,서울특별시 영등포구 문래동2가,존재,서울특별시,영등포구,문래동2가,서울특별시 영등포구 문래동2가,37.5127447489723,126.893057862261
1156012100,서울특별시 영등포구 문래동3가,존재,서울특별시,영등포구,문래동3가,서울특별시 영등포구 문래동3가,37.5165971793933,126.896816819326
1156012200,서울특별시 영등포구 문래동4가,존재,서울특별시,영등포구,문래동4가,서울특별시 영등포구 문래동4가,37.5144572928255,126.889829482109
1156012300,서울특별시 영등포구 문래동5가,존재,서울특별시,영등포구,문래동5가,서울특별시 영등포구 문래동5가,37.5162865616222,126.8844154127
1156012400,서울특별시 영등포구 문래동6가,존재,서울특별시,영등포구,문래동6가,서울특별시 영등포구 문래동6가,37.5194820467019,126.886822180022
1156012500,서울특별시 영등포구 양평동1가,존재,서울특별시,영등포구,양평동1가,서울특별시 영등포구 양평동1가,37.5234622076971,126.888223442468
1156012600,서울특별시 영등포구 양평동2가,존재,서울특별시,영등포구,양평동2가,서울특별시 영등포구 양평동2가,37.523485321528,126.882336382875
1156012700,서울특별시 영등포구 양평동3가,존재,서울특별시,영등포구,양평동3가,서울특별시 영등포구 양평동3가,37.5293681802834,126.891015825174
1156012800,서울특별시 영등포구 양평동4가,존재,서울특별시,영등포구,양평동4가,서울특별시 영등포구 양평동4가,37.5369309404219,126.896766179375
1156012900,서울특별시 영등포구 양평동5가,존재,서울특별시,영등포구,양평동5가,서울특별시 영등포구 양평동5가,37.5393563567171,126.892639686611
1156013000,서울특별시 영등포구 양평동6가,존재,서울특별시,영등포구,양평동6가,서울특별시 영등포구 양평동6가,37.5423276935981,126.890503614635
1156013100,서울특별시 영등포구 양화동,존재,서울특별시,영등포구,양화동,서울특별시 영등포구 양화동,37.5496245970542,126.88545485776
1156013200,서울특별시 영등포구 신길동,존재,서울특별시,영등포구,신길동,서울특별시 영등포구 신길동,37.5041663202167,126.91406973946
1156013300,서울특별시 영등포구 대림동,존재,서울특별시,영등포구,대림동,서울특별시 영등포구 대림동,37.4925087229046,126.902006335554
1156013400,서울특별시 영등포구 양평동,존재,서울특별시,영등포구,양평동,서울특별시 영등포구 양평동,37.5282170949851,126.885713864668
1159010100,서울특별시 동작구 노량진동,존재,서울특별시,동작구,노량진동,서울특별시 동작구 노량진동,37.5107058110368,126.940393261192
1159010200,서울특별시 동작구 상도동,존재,서울특별시,동작구,상도동,서울특별시 동작구 상도동,37.4985163075705,126.939014238644
1159010300,서울특별시 동작구 상도1동,존재,서울특별시,동작구,상도1동,서울특별시 동작구 상도1동,37.5032426328398,126.94974984805
1159010400,서울특별시 동작구 본동,존재,서울특별시,동작구,본동,서울특별시 동작구 본동,37.5130293559068,126.954204316851
1159010500,서울특별시 동작구 흑석동,존재,서울특별시,동작구,흑석동,서울특별시 동작구 흑석동,37.5057750153538,126.966590753167
1159010600,서울특별시 동작구 동작동,존재,서울특별시,동작구,동작동,서울특별시 동작구 동작동,37.4992139256221,126.973876571542
1159010700,서울특별시 동작구 사당동,존재,서울특별시,동작구,사당동,서울특별시 동작구 사당동,37.4839326741508,126.973135661399
1159010800,서울특별시 동작구 대방동,존재,서울특별시,동작구,대방동,서울특별시 동작구 대방동,37.5081642609998,126.926343500008
1159010900,서울특별시 동작구 신대방동,존재,서울특별시,동작구,신대방동,서울특별시 동작구 신대방동,37.4930124961565,126.914941920386
1162010100,서울특별시 관악구 봉천동,존재,서울특별시,관악구,봉천동,서울특별시 관악구 봉천동,37.4825384917268,126.952165181187
1162010200,서울특별시 관악구 신림동,존재,서울특별시,관악구,신림동,서울특별시 관악구 신림동,37.4894520674165,126.926185482384
1162010300,서울특별시 관악구 남현동,존재,서울특별시,관악구,남현동,서울특별시 관악구 남현동,37.4745631666845,126.977909779402
1165010100,서울특별시 서초구 방배동,존재,서울특별시,서초구,방배동,서울특별시 서초구 방배동,37.4834130146568,126.994486969319
1165010200,서울특별시 서초구 양재동,존재,서울특별시,서초구,양재동,서울특별시 서초구 양재동,37.4720040276212,127.037463917199
1165010300,서울특별시 서초구 우면동,존재,서울특별시,서초구,우면동,서울특별시 서초구 우면동,37.4646530229734,127.01605116304
1165010400,서울특별시 서초구 원지동,존재,서울특별시,서초구,원지동,서울특별시 서초구 원지동,37.443311718479,127.048637026567
1165010600,서울특별시 서초구 잠원동,존재,서울특별시,서초구,잠원동,서울특별시 서초구 잠원동,37.514918688022,127.014102820234
1165010700,서울특별시 서초구 반포동,존재,서울특별시,서초구,반포동,서울특별시 서초구 반포동,37.50514467674,127.013359062646
1165010800,서울특별시 서초구 서초동,존재,서울특별시,서초구,서초동,서울특별시 서초구 서초동,37.4900861966502,127.01953478052
1165010900,서울특별시 서초구 내곡동,존재,서울특별시,서초구,내곡동,서울특별시 서초구 내곡동,37.4582463131037,127.076916934729
1165011000,서울특별시 서초구 염곡동,존재,서울특별시,서초구,염곡동,서울특별시 서초구 염곡동,37.462299187089,127.053907608672
1165011100,서울특별시 서초구 신원동,존재,서울특별시,서초구,신원동,서울특별시 서초구 신원동,37.4440189779745,127.062170998757
1168010100,서울특별시 강남구 역삼동,존재,서울특별시,강남구,역삼동,서울특별시 강남구 역삼동,37.4953666908087,127.03306536185
1168010300,서울특별시 강남구 개포동,존재,서울특별시,강남구,개포동,서울특별시 강남구 개포동,37.4819251305593,127.057440206035
1168010400,서울특별시 강남구 청담동,존재,서울특별시,강남구,청담동,서울특별시 강남구 청담동,37.5250293348772,127.049233039691
1168010500,서울특별시 강남구 삼성동,존재,서울특별시,강남구,삼성동,서울특별시 강남구 삼성동,37.5143225723289,127.062831022499
1168010600,서울특별시 강남구 대치동,존재,서울특별시,강남구,대치동,서울특별시 강남구 대치동,37.4932421505465,127.056693501258
1168010700,서울특별시 강남구 신사동,존재,서울특별시,강남구,신사동,서울특별시 강남구 신사동,37.5239850298541,127.02277448907
1168010800,서울특별시 강남구 논현동,존재,서울특별시,강남구,논현동,서울특별시 강남구 논현동,37.512645150688,127.030154778539
1168011000,서울특별시 강남구 압구정동,존재,서울특별시,강남구,압구정동,서울특별시 강남구 압구정동,37.5306686414268,127.030809170421
1168011100,서울특별시 강남구 세곡동,존재,서울특별시,강남구,세곡동,서울특별시 강남구 세곡동,37.4644437055761,127.106760267266
1168011200,서울특별시 강남구 자곡동,존재,서울특별시,강남구,자곡동,서울특별시 강남구 자곡동,37.4733903987968,127.092180565565
1168011300,서울특별시 강남구 율현동,존재,서울특별시,강남구,율현동,서울특별시 강남구 율현동,37.470976512434,127.115817745643
1168011400,서울특별시 강남구 일원동,존재,서울특별시,강남구,일원동,서울특별시 강남구 일원동,37.4795654903149,127.080430036811
1168011500,서울특별시 강남구 수서동,존재,서울특별시,강남구,수서동,서울특별시 강남구 수서동,37.4868187699686,127.105426218127
1168011800,서울특별시 강남구 도곡동,존재,서울특별시,강남구,도곡동,서울특별시 강남구 도곡동,37.4909537197216,127.038482017226
1171010100,서울특별시 송파구 잠실동,존재,서울특별시,송파구,잠실동,서울특별시 송파구 잠실동,37.5119564733931,127.088282780728
1171010200,서울특별시 송파구 신천동,존재,서울특별시,송파구,신천동,서울특별시 송파구 신천동,37.5182926381796,127.101366591012
1171010300,서울특별시 송파구 풍납동,존재,서울특별시,송파구,풍납동,서울특별시 송파구 풍납동,37.5380588825241,127.122225970875
1171010400,서울특별시 송파구 송파동,존재,서울특별시,송파구,송파동,서울특별시 송파구 송파동,37.50609292063,127.109579159297
1171010500,서울특별시 송파구 석촌동,존재,서울특별시,송파구,석촌동,서울특별시 송파구 석촌동,37.5035646306702,127.103667384036
1171010600,서울특별시 송파구 삼전동,존재,서울특별시,송파구,삼전동,서울특별시 송파구 삼전동,37.5027233386057,127.092519707191
1171010700,서울특별시 송파구 가락동,존재,서울특별시,송파구,가락동,서울특별시 송파구 가락동,37.4965421665627,127.105729381413
1171010800,서울특별시 송파구 문정동,존재,서울특별시,송파구,문정동,서울특별시 송파구 문정동,37.4847415034152,127.118267660547
1171010900,서울특별시 송파구 장지동,존재,서울특별시,송파구,장지동,서울특별시 송파구 장지동,37.4785083981102,127.136582139995
1171011100,서울특별시 송파구 방이동,존재,서울특별시,송파구,방이동,서울특별시 송파구 방이동,37.5110126423949,127.123923689605
1171011200,서울특별시 송파구 오금동,존재,서울특별시,송파구,오금동,서울특별시 송파구 오금동,37.5029748269764,127.128103930329
1171011300,서울특별시 송파구 거여동,존재,서울특별시,송파구,거여동,서울특별시 송파구 거여동,37.4969242257404,127.143310298223
1171011400,서울특별시 송파구 마천동,존재,서울특별시,송파구,마천동,서울특별시 송파구 마천동,37.4960258496317,127.149903613068
1174010100,서울특별시 강동구 명일동,존재,서울특별시,강동구,명일동,서울특별시 강동구 명일동,37.5494403330956,127.150304746486
1174010200,서울특별시 강동구 고덕동,존재,서울특별시,강동구,고덕동,서울특별시 강동구 고덕동,37.5641661222504,127.155939319817
1174010300,서울특별시 강동구 상일동,존재,서울특별시,강동구,상일동,서울특별시 강동구 상일동,37.5505837474645,127.168300419218
1174010500,서울특별시 강동구 길동,존재,서울특별시,강동구,길동,서울특별시 강동구 길동,37.5344859624469,127.142712345548
1174010600,서울특별시 강동구 둔촌동,존재,서울특별시,강동구,둔촌동,서울특별시 강동구 둔촌동,37.5271882887608,127.142354524933
1174010700,서울특별시 강동구 암사동,존재,서울특별시,강동구,암사동,서울특별시 강동구 암사동,37.5591140475274,127.13168588897
1174010800,서울특별시 강동구 성내동,존재,서울특별시,강동구,성내동,서울특별시 강동구 성내동,37.5292748071425,127.130026914568
1174010900,서울특별시 강동구 천호동,존재,서울특별시,강동구,천호동,서울특별시 강동구 천호동,37.5422218634248,127.12866892591
1174011000,서울특별시 강동구 강일동,존재,서울특별시,강동구,강일동,서울특별시 강동구 강일동,37.5650420192003,127.173906305383
2811010100,인천광역시 중구 중앙동1가,존재,인천광역시,중구,중앙동1가,인천광역시 중구 중앙동1가,37.4734437780925,126.620420878993
2811010200,인천광역시 중구 중앙동2가,존재,인천광역시,중구,중앙동2가,인천광역시 중구 중앙동2가,37.4726985908492,126.621808352877
2811010300,인천광역시 중구 중앙동3가,존재,인천광역시,중구,중앙동3가,인천광역시 중구 중앙동3가,37.4720779963464,126.622715854906
2811010400,인천광역시 중구 중앙동4가,존재,인천광역시,중구,중앙동4가,인천광역시 중구 중앙동4가,37.4713899703632,126.623953773945
2811010500,인천광역시 중구 해안동1가,존재,인천광역시,중구,해안동1가,인천광역시 중구 해안동1가,37.4727469636341,126.620035518099
2811010600,인천광역시 중구 해안동2가,존재,인천광역시,중구,해안동2가,인천광역시 중구 해안동2가,37.4720842227288,126.621282388868
2811010700,인천광역시 중구 해안동3가,존재,인천광역시,중구,해안동3가,인천광역시 중구 해안동3가,37.471409500442,126.622167551021
2811010800,인천광역시 중구 해안동4가,존재,인천광역시,중구,해안동4가,인천광역시 중구 해안동4가,37.4705959032361,126.62358244365
2811010900,인천광역시 중구 관동1가,존재,인천광역시,중구,관동1가,인천광역시 중구 관동1가,37.4737783312894,126.621350714559
2811011000,인천광역시 중구 관동2가,존재,인천광역시,중구,관동2가,인천광역시 중구 관동2가,37.4728117358064,126.62338141097
2811011100,인천광역시 중구 관동3가,존재,인천광역시,중구,관동3가,인천광역시 중구 관동3가,37.4719695079715,126.624864288216
2811011200,인천광역시 중구 항동1가,존재,인천광역시,중구,항동1가,인천광역시 중구 항동1가,37.4738895700233,126.616728685193
2811011300,인천광역시 중구 항동2가,존재,인천광역시,중구,항동2가,인천광역시 중구 항동2가,37.4721437009873,126.617370663113
2811011400,인천광역시 중구 항동3가,존재,인천광역시,중구,항동3가,인천광역시 중구 항동3가,37.4721389508225,126.619247267091
2811011500,인천광역시 중구 항동4가,존재,인천광역시,중구,항동4가,인천광역시 중구 항동4가,37.4714757823905,126.620358481626
2811011600,인천광역시 중구 항동5가,존재,인천광역시,중구,항동5가,인천광역시 중구 항동5가,37.4707948731772,126.621560201942
2811011700,인천광역시 중구 항동6가,존재,인천광역시,중구,항동6가,인천광역시 중구 항동6가,37.4701139082374,126.622748335453
2811011800,인천광역시 중구 항동7가,존재,인천광역시,중구,항동7가,인천광역시 중구 항동7가,37.4535438176279,126.619757459082
2811011900,인천광역시 중구 송학동1가,존재,인천광역시,중구,송학동1가,인천광역시 중구 송학동1가,37.4746353359851,126.622241752895
2811012000,인천광역시 중구 송학동2가,존재,인천광역시,중구,송학동2가,인천광역시 중구 송학동2가,37.4742832525262,126.624852724082
2811012100,인천광역시 중구 송학동3가,존재,인천광역시,중구,송학동3가,인천광역시 중구 송학동3가,37.4739203050827,126.626324184048
2811012200,인천광역시 중구 사동,존재,인천광역시,중구,사동,인천광역시 중구 사동,37.469052132164,126.625457644242
2811012300,인천광역시 중구 신생동,존재,인천광역시,중구,신생동,인천광역시 중구 신생동,37.4661870360406,126.628917337531
2811012400,인천광역시 중구 신포동,존재,인천광역시,중구,신포동,인천광역시 중구 신포동,37.4711133457111,126.626505465171
2811012500,인천광역시 중구 답동,존재,인천광역시,중구,답동,인천광역시 중구 답동,37.4703689164193,126.629303625267
2811012600,인천광역시 중구 신흥동1가,존재,인천광역시,중구,신흥동1가,인천광역시 중구 신흥동1가,37.4673299004562,126.631344304425
2811012700,인천광역시 중구 신흥동2가,존재,인천광역시,중구,신흥동2가,인천광역시 중구 신흥동2가,37.4678276242241,126.63494559242
2811012800,인천광역시 중구 신흥동3가,존재,인천광역시,중구,신흥동3가,인천광역시 중구 신흥동3가,37.4368100767034,126.62420369814
2811012900,인천광역시 중구 선화동,존재,인천광역시,중구,선화동,인천광역시 중구 선화동,37.4657534000452,126.636664803948
2811013000,인천광역시 중구 유동,존재,인천광역시,중구,유동,인천광역시 중구 유동,37.4702312969993,126.637217395454
2811013100,인천광역시 중구 율목동,존재,인천광역시,중구,율목동,인천광역시 중구 율목동,37.4703767738302,126.632975267383
2811013200,인천광역시 중구 도원동,존재,인천광역시,중구,도원동,인천광역시 중구 도원동,37.4680782719057,126.637928653864
2811013300,인천광역시 중구 내동,존재,인천광역시,중구,내동,인천광역시 중구 내동,37.4727066611056,126.627754629171
2811013400,인천광역시 중구 경동,존재,인천광역시,중구,경동,인천광역시 중구 경동,37.4719999726783,126.634586161031
2811013500,인천광역시 중구 용동,존재,인천광역시,중구,용동,인천광역시 중구 용동,37.4730768457608,126.630872929772
2811013600,인천광역시 중구 인현동,존재,인천광역시,중구,인현동,인천광역시 중구 인현동,37.4751843175385,126.6305912411
2811013700,인천광역시 중구 전동,존재,인천광역시,중구,전동,인천광역시 중구 전동,37.4774585807633,126.626048801298
2811013800,인천광역시 중구 북성동1가,존재,인천광역시,중구,북성동1가,인천광역시 중구 북성동1가,37.470078837763,126.603237142771
2811013900,인천광역시 중구 북성동2가,존재,인천광역시,중구,북성동2가,인천광역시 중구 북성동2가,37.4762011833893,126.618286057207
2811014000,인천광역시 중구 북성동3가,존재,인천광역시,중구,북성동3가,인천광역시 중구 북성동3가,37.4759090905697,126.620471720144
2811014100,인천광역시 중구 선린동,존재,인천광역시,중구,선린동,인천광역시 중구 선린동,37.474354658074,126.619009926458
2811014200,인천광역시 중구 송월동1가,존재,인천광역시,중구,송월동1가,인천광역시 중구 송월동1가,37.4798726413368,126.622450551262
2811014300,인천광역시 중구 송월동2가,존재,인천광역시,중구,송월동2가,인천광역시 중구 송월동2가,37.4792312517425,126.619120838258
2811014400,인천광역시 중구 송월동3가,존재,인천광역시,중구,송월동3가,인천광역시 중구 송월동3가,37.4780368783077,126.620913182874
2811014500,인천광역시 중구 중산동,존재,인천광역시,중구,중산동,인천광역시 중구 중산동,37.4957821842544,126.564237014514
2811014600,인천광역시 중구 운남동,존재,인천광역시,중구,운남동,인천광역시 중구 운남동,37.4891707175436,126.527232917984
2811014700,인천광역시 중구 운서동,존재,인천광역시,중구,운서동,인천광역시 중구 운서동,37.4933298817888,126.48834389365
2811014800,인천광역시 중구 운북동,존재,인천광역시,중구,운북동,인천광역시 중구 운북동,37.516394889003,126.515577959441
2811014900,인천광역시 중구 을왕동,존재,인천광역시,중구,을왕동,인천광역시 중구 을왕동,37.4479934956554,126.384466787896
2811015000,인천광역시 중구 남북동,존재,인천광역시,중구,남북동,인천광역시 중구 남북동,37.4530644703656,126.410654282755
2811015100,인천광역시 중구 덕교동,존재,인천광역시,중구,덕교동,인천광역시 중구 덕교동,37.4368990249209,126.422771894891
2811015200,인천광역시 중구 무의동,존재,인천광역시,중구,무의동,인천광역시 중구 무의동,37.3795559473818,126.422172947152
2814010100,인천광역시 동구 만석동,존재,인천광역시,동구,만석동,인천광역시 동구 만석동,37.4832593369185,126.625508844154
2814010200,인천광역시 동구 화수동,존재,인천광역시,동구,화수동,인천광역시 동구 화수동,37.4843549992898,126.630098353638
2814010300,인천광역시 동구 송현동,존재,인천광역시,동구,송현동,인천광역시 동구 송현동,37.488940863887,126.641120648772
2814010400,인천광역시 동구 화평동,존재,인천광역시,동구,화평동,인천광역시 동구 화평동,37.4790236691566,126.630934125633
2814010500,인천광역시 동구 창영동,존재,인천광역시,동구,창영동,인천광역시 동구 창영동,37.4710253298736,126.639949255761
2814010600,인천광역시 동구 금곡동,존재,인천광역시,동구,금곡동,인천광역시 동구 금곡동,37.472794549827,126.64101698646
2814010700,인천광역시 동구 송림동,존재,인천광역시,동구,송림동,인천광역시 동구 송림동,37.4762265463569,126.64015041084
2817710100,인천광역시 미추홀구 숭의동,존재,인천광역시,미추홀구,숭의동,인천광역시 미추홀구 숭의동,37.4639861204443,126.6505721129
2817710200,인천광역시 미추홀구 용현동,존재,인천광역시,미추홀구,용현동,인천광역시 미추홀구 용현동,37.4514021746598,126.648591852703
2817710300,인천광역시 미추홀구 학익동,존재,인천광역시,미추홀구,학익동,인천광역시 미추홀구 학익동,37.4410179859397,126.654380831267
2817710400,인천광역시 미추홀구 도화동,존재,인천광역시,미추홀구,도화동,인천광역시 미추홀구 도화동,37.4704037020946,126.66382722965
2817710500,인천광역시 미추홀구 주안동,존재,인천광역시,미추홀구,주안동,인천광역시 미추홀구 주안동,37.4583425223069,126.685315551042
2817710600,인천광역시 미추홀구 관교동,존재,인천광역시,미추홀구,관교동,인천광역시 미추홀구 관교동,37.4431273039604,126.696742918767
2817710700,인천광역시 미추홀구 문학동,존재,인천광역시,미추홀구,문학동,인천광역시 미추홀구 문학동,37.4367196637245,126.685840004885
2818510100,인천광역시 연수구 옥련동,존재,인천광역시,연수구,옥련동,인천광역시 연수구 옥련동,37.4274077931912,126.655166478511
2818510200,인천광역시 연수구 선학동,존재,인천광역시,연수구,선학동,인천광역시 연수구 선학동,37.4224482590645,126.701385903384
2818510300,인천광역시 연수구 연수동,존재,인천광역시,연수구,연수동,인천광역시 연수구 연수동,37.4222124972898,126.681481155615
2818510400,인천광역시 연수구 청학동,존재,인천광역시,연수구,청학동,인천광역시 연수구 청학동,37.4250030076555,126.666158794496
2818510500,인천광역시 연수구 동춘동,존재,인천광역시,연수구,동춘동,인천광역시 연수구 동춘동,37.4096123478582,126.670826553603
2818510600,인천광역시 연수구 송도동,존재,인천광역시,연수구,송도동,인천광역시 연수구 송도동,37.3910698289606,126.652089783488
2820010100,인천광역시 남동구 구월동,존재,인천광역시,남동구,구월동,인천광역시 남동구 구월동,37.4493320894427,126.713525152911
2820010200,인천광역시 남동구 간석동,존재,인천광역시,남동구,간석동,인천광역시 남동구 간석동,37.4586752910066,126.705351572816
2820010300,인천광역시 남동구 만수동,존재,인천광역시,남동구,만수동,인천광역시 남동구 만수동,37.4488855477952,126.732119636521
2820010400,인천광역시 남동구 장수동,존재,인천광역시,남동구,장수동,인천광역시 남동구 장수동,37.4571231075947,126.753040520037
2820010500,인천광역시 남동구 서창동,존재,인천광역시,남동구,서창동,인천광역시 남동구 서창동,37.4328373664365,126.750535160559
2820010600,인천광역시 남동구 운연동,존재,인천광역시,남동구,운연동,인천광역시 남동구 운연동,37.4381257818047,126.763421771259
2820010700,인천광역시 남동구 남촌동,존재,인천광역시,남동구,남촌동,인천광역시 남동구 남촌동,37.4292314211433,126.714650246045
2820010800,인천광역시 남동구 수산동,존재,인천광역시,남동구,수산동,인천광역시 남동구 수산동,37.4360708083705,126.729507720893
2820010900,인천광역시 남동구 도림동,존재,인천광역시,남동구,도림동,인천광역시 남동구 도림동,37.4177046735254,126.728001310114
2820011000,인천광역시 남동구 논현동,존재,인천광역시,남동구,논현동,인천광역시 남동구 논현동,37.4059832797149,126.729150577399
2820011100,인천광역시 남동구 고잔동,존재,인천광역시,남동구,고잔동,인천광역시 남동구 고잔동,37.3948569954354,126.69630508548
2823710100,인천광역시 부평구 부평동,존재,인천광역시,부평구,부평동,인천광역시 부평구 부평동,37.4910355141781,126.723090470976
2823710200,인천광역시 부평구 십정동,존재,인천광역시,부평구,십정동,인천광역시 부평구 십정동,37.4760762809561,126.699910983781
2823710300,인천광역시 부평구 산곡동,존재,인천광역시,부평구,산곡동,인천광역시 부평구 산곡동,37.4978724390985,126.703817982723
2823710400,인천광역시 부평구 청천동,존재,인천광역시,부평구,청천동,인천광역시 부평구 청천동,37.5174754318652,126.709948306142
2823710500,인천광역시 부평구 삼산동,존재,인천광역시,부평구,삼산동,인천광역시 부평구 삼산동,37.5171021494125,126.740015740398
2823710600,인천광역시 부평구 갈산동,존재,인천광역시,부평구,갈산동,인천광역시 부평구 갈산동,37.5176032533045,126.727295254355
2823710700,인천광역시 부평구 부개동,존재,인천광역시,부평구,부개동,인천광역시 부평구 부개동,37.4848429355416,126.736902911522
2823710800,인천광역시 부평구 일신동,존재,인천광역시,부평구,일신동,인천광역시 부평구 일신동,37.484590992012,126.7469576318
2823710900,인천광역시 부평구 구산동,존재,인천광역시,부평구,구산동,인천광역시 부평구 구산동,37.4707907888379,126.751878673426
2824510100,인천광역시 계양구 효성동,존재,인천광역시,계양구,효성동,인천광역시 계양구 효성동,37.5324085170085,126.712126095433
2824510200,인천광역시 계양구 계산동,존재,인천광역시,계양구,계산동,인천광역시 계양구 계산동,37.5428607963104,126.724510217287
2824510300,인천광역시 계양구 작전동,존재,인천광역시,계양구,작전동,인천광역시 계양구 작전동,37.5307998427732,126.729885541395
2824510400,인천광역시 계양구 서운동,존재,인천광역시,계양구,서운동,인천광역시 계양구 서운동,37.5302218715551,126.752292867881
2824510500,인천광역시 계양구 임학동,존재,인천광역시,계양구,임학동,인천광역시 계양구 임학동,37.5483798675871,126.732949923189
2824510600,인천광역시 계양구 용종동,존재,인천광역시,계양구,용종동,인천광역시 계양구 용종동,37.5406759354148,126.741676429816
2824510700,인천광역시 계양구 병방동,존재,인천광역시,계양구,병방동,인천광역시 계양구 병방동,37.5482215503965,126.747819992068
2824510800,인천광역시 계양구 방축동,존재,인천광역시,계양구,방축동,인천광역시 계양구 방축동,37.5553468386219,126.734758464304
2824510900,인천광역시 계양구 박촌동,존재,인천광역시,계양구,박촌동,인천광역시 계양구 박촌동,37.5581059823772,126.743870756602
2824511000,인천광역시 계양구 동양동,존재,인천광역시,계양구,동양동,인천광역시 계양구 동양동,37.5589709760257,126.76107996894
2824511100,인천광역시 계양구 귤현동,존재,인천광역시,계양구,귤현동,인천광역시 계양구 귤현동,37.5678793766949,126.741944726922
2824511200,인천광역시 계양구 상야동,존재,인천광역시,계양구,상야동,인천광역시 계양구 상야동,37.573354119641,126.771846910605
2824511300,인천광역시 계양구 하야동,존재,인천광역시,계양구,하야동,인천광역시 계양구 하야동,37.5799946255953,126.786394548594
2824511400,인천광역시 계양구 평동,존재,인천광역시,계양구,평동,인천광역시 계양구 평동,37.582422231168,126.773992947939
2824511500,인천광역시 계양구 노오지동,존재,인천광역시,계양구,노오지동,인천광역시 계양구 노오지동,37.5832572489949,126.758864872717
2824511600,인천광역시 계양구 선주지동,존재,인천광역시,계양구,선주지동,인천광역시 계양구 선주지동,37.5781273473065,126.747818789282
2824511700,인천광역시 계양구 이화동,존재,인천광역시,계양구,이화동,인천광역시 계양구 이화동,37.5874873459742,126.739748483773
2824511800,인천광역시 계양구 오류동,존재,인천광역시,계양구,오류동,인천광역시 계양구 오류동,37.5851882297162,126.727076066333
2824511900,인천광역시 계양구 갈현동,존재,인천광역시,계양구,갈현동,인천광역시 계양구 갈현동,37.5773169489367,126.723880688201
2824512000,인천광역시 계양구 둑실동,존재,인천광역시,계양구,둑실동,인천광역시 계양구 둑실동,37.5746819164735,126.704315511328
2824512100,인천광역시 계양구 목상동,존재,인천광역시,계양구,목상동,인천광역시 계양구 목상동,37.5695577224304,126.711865455864
2824512200,인천광역시 계양구 다남동,존재,인천광역시,계양구,다남동,인천광역시 계양구 다남동,37.5644297888849,126.722615295983
2824512300,인천광역시 계양구 장기동,존재,인천광역시,계양구,장기동,인천광역시 계양구 장기동,37.5763618168405,126.73645899083
2826010100,인천광역시 서구 백석동,존재,인천광역시,서구,백석동,인천광역시 서구 백석동,37.5784473189522,126.672625099561
2826010200,인천광역시 서구 시천동,존재,인천광역시,서구,시천동,인천광역시 서구 시천동,37.5709198281968,126.691810867543
2826010300,인천광역시 서구 검암동,존재,인천광역시,서구,검암동,인천광역시 서구 검암동,37.5642859120744,126.6734114725
2826010400,인천광역시 서구 경서동,존재,인천광역시,서구,경서동,인천광역시 서구 경서동,37.5561823274355,126.651337176951
2826010500,인천광역시 서구 공촌동,존재,인천광역시,서구,공촌동,인천광역시 서구 공촌동,37.5498393058777,126.699864464232
2826010600,인천광역시 서구 연희동,존재,인천광역시,서구,연희동,인천광역시 서구 연희동,37.5489749699658,126.678203978634
2826010700,인천광역시 서구 심곡동,존재,인천광역시,서구,심곡동,인천광역시 서구 심곡동,37.5406173997723,126.683562499805
2826010800,인천광역시 서구 가정동,존재,인천광역시,서구,가정동,인천광역시 서구 가정동,37.5232288067731,126.674522669542
2826010900,인천광역시 서구 신현동,존재,인천광역시,서구,신현동,인천광역시 서구 신현동,37.518343312323,126.667308939306
2826011000,인천광역시 서구 석남동,존재,인천광역시,서구,석남동,인천광역시 서구 석남동,37.5110804950592,126.674801640164
2826011100,인천광역시 서구 원창동,존재,인천광역시,서구,원창동,인천광역시 서구 원창동,37.5114914857684,126.640053562099
2826011200,인천광역시 서구 가좌동,존재,인천광역시,서구,가좌동,인천광역시 서구 가좌동,37.4939783807821,126.673098188916
2826011300,인천광역시 서구 마전동,존재,인천광역시,서구,마전동,인천광역시 서구 마전동,37.5953744773205,126.673701407056
2826011400,인천광역시 서구 당하동,존재,인천광역시,서구,당하동,인천광역시 서구 당하동,37.5921117368323,126.674585246871
2826011500,인천광역시 서구 원당동,존재,인천광역시,서구,원당동,인천광역시 서구 원당동,37.5951276899194,126.70165291632
2826011700,인천광역시 서구 대곡동,존재,인천광역시,서구,대곡동,인천광역시 서구 대곡동,37.6231788392195,126.668509703115
2826011800,인천광역시 서구 금곡동,존재,인천광역시,서구,금곡동,인천광역시 서구 금곡동,37.6137637396708,126.640861415782
2826011900,인천광역시 서구 오류동,존재,인천광역시,서구,오류동,인천광역시 서구 오류동,37.5947475773331,126.619592696141
2826012000,인천광역시 서구 왕길동,존재,인천광역시,서구,왕길동,인천광역시 서구 왕길동,37.5912216682017,126.650666521601
2826012100,인천광역시 서구 불로동,존재,인천광역시,서구,불로동,인천광역시 서구 불로동,37.6121506336699,126.688288338704
2826012200,인천광역시 서구 청라동,존재,인천광역시,서구,청라동,인천광역시 서구 청라동,37.5360210477791,126.630970210614
2871025000,인천광역시 강화군 강화읍,존재,인천광역시,강화군,강화읍,인천광역시 강화군 강화읍,37.748347928795,126.483733815019
2871025021,인천광역시 강화군 강화읍 신문리,존재,인천광역시,강화군,강화읍,인천광역시 강화군 강화읍 신문리,37.7448814952888,126.481375234612
2871025022,인천광역시 강화군 강화읍 관청리,존재,인천광역시,강화군,강화읍,인천광역시 강화군 강화읍 관청리,37.74927649816,126.485102580756
2871025023,인천광역시 강화군 강화읍 국화리,존재,인천광역시,강화군,강화읍,인천광역시 강화군 강화읍 국화리,37.743582269658,126.460884712212
2871025024,인천광역시 강화군 강화읍 남산리,존재,인천광역시,강화군,강화읍,인천광역시 강화군 강화읍 남산리,37.7363891021314,126.481797513256
2871025025,인천광역시 강화군 강화읍 갑곳리,존재,인천광역시,강화군,강화읍,인천광역시 강화군 강화읍 갑곳리,37.7391351274902,126.504400559334
2871025026,인천광역시 강화군 강화읍 용정리,존재,인천광역시,강화군,강화읍,인천광역시 강화군 강화읍 용정리,37.7462431679195,126.513352985329
2871025027,인천광역시 강화군 강화읍 옥림리,존재,인천광역시,강화군,강화읍,인천광역시 강화군 강화읍 옥림리,37.7561620574049,126.502403271246
2871025028,인천광역시 강화군 강화읍 월곳리,존재,인천광역시,강화군,강화읍,인천광역시 강화군 강화읍 월곳리,37.770305184466,126.503661416732
2871025029,인천광역시 강화군 강화읍 대산리,존재,인천광역시,강화군,강화읍,인천광역시 강화군 강화읍 대산리,37.7733000565836,126.491846112443
2871031000,인천광역시 강화군 선원면,존재,인천광역시,강화군,선원면,인천광역시 강화군 선원면,37.7133449417264,126.48482509821
2871031021,인천광역시 강화군 선원면 금월리,존재,인천광역시,강화군,선원면,인천광역시 강화군 선원면 금월리,37.7080289811693,126.488903612099
2871031022,인천광역시 강화군 선원면 연리,존재,인천광역시,강화군,선원면,인천광역시 강화군 선원면 연리,37.7031140730023,126.506853990626
2871031023,인천광역시 강화군 선원면 지산리,존재,인천광역시,강화군,선원면,인천광역시 강화군 선원면 지산리,37.7143069424693,126.5006872432
2871031024,인천광역시 강화군 선원면 신정리,존재,인천광역시,강화군,선원면,인천광역시 강화군 선원면 신정리,37.7246971162646,126.505880618877
2871031025,인천광역시 강화군 선원면 창리,존재,인천광역시,강화군,선원면,인천광역시 강화군 선원면 창리,37.7288037952595,126.4885793683
2871031026,인천광역시 강화군 선원면 선행리,존재,인천광역시,강화군,선원면,인천광역시 강화군 선원면 선행리,37.7261083069975,126.461905242225
2871031027,인천광역시 강화군 선원면 냉정리,존재,인천광역시,강화군,선원면,인천광역시 강화군 선원면 냉정리,37.7116350127135,126.47302422567
2871032000,인천광역시 강화군 불은면,존재,인천광역시,강화군,불은면,인천광역시 강화군 불은면,37.6865846022371,126.480343900914
2871032021,인천광역시 강화군 불은면 두운리,존재,인천광역시,강화군,불은면,인천광역시 강화군 불은면 두운리,37.6827827426657,126.484501458412
2871032022,인천광역시 강화군 불은면 고능리,존재,인천광역시,강화군,불은면,인천광역시 강화군 불은면 고능리,37.6881146668343,126.502540828661
2871032023,인천광역시 강화군 불은면 오두리,존재,인천광역시,강화군,불은면,인천광역시 강화군 불은면 오두리,37.6769747438631,126.510210111584
2871032024,인천광역시 강화군 불은면 넙성리,존재,인천광역시,강화군,불은면,인천광역시 강화군 불은면 넙성리,37.6681163296204,126.507597968385
2871032025,인천광역시 강화군 불은면 신현리,존재,인천광역시,강화군,불은면,인천광역시 강화군 불은면 신현리,37.6573688569414,126.503997167981
2871032026,인천광역시 강화군 불은면 삼동암리,존재,인천광역시,강화군,불은면,인천광역시 강화군 불은면 삼동암리,37.6929193578441,126.462467172618
2871032027,인천광역시 강화군 불은면 삼성리,존재,인천광역시,강화군,불은면,인천광역시 강화군 불은면 삼성리,37.7057013674074,126.449773848047
2871032028,인천광역시 강화군 불은면 덕성리,존재,인천광역시,강화군,불은면,인천광역시 강화군 불은면 덕성리,37.6544222652161,126.520901799864
2871033000,인천광역시 강화군 길상면,존재,인천광역시,강화군,길상면,인천광역시 강화군 길상면,37.6416648973794,126.489222662087
2871033021,인천광역시 강화군 길상면 온수리,존재,인천광역시,강화군,길상면,인천광역시 강화군 길상면 온수리,37.6413456365103,126.483768205791
2871033022,인천광역시 강화군 길상면 선두리,존재,인천광역시,강화군,길상면,인천광역시 강화군 길상면 선두리,37.6161818919783,126.484304673119
2871033023,인천광역시 강화군 길상면 동검리,존재,인천광역시,강화군,길상면,인천광역시 강화군 길상면 동검리,37.5891518538009,126.511266262538
2871033024,인천광역시 강화군 길상면 초지리,존재,인천광역시,강화군,길상면,인천광역시 강화군 길상면 초지리,37.6293965522661,126.521742200489
2871033025,인천광역시 강화군 길상면 장흥리,존재,인천광역시,강화군,길상면,인천광역시 강화군 길상면 장흥리,37.6124390125947,126.512663279683
2871033026,인천광역시 강화군 길상면 길직리,존재,인천광역시,강화군,길상면,인천광역시 강화군 길상면 길직리,37.6583657421707,126.485994006315
2871034000,인천광역시 강화군 화도면,존재,인천광역시,강화군,화도면,인천광역시 강화군 화도면,37.631674841393,126.419836724037
2871034021,인천광역시 강화군 화도면 내리,존재,인천광역시,강화군,화도면,인천광역시 강화군 화도면 내리,37.6352845804971,126.398690882842
2871034022,인천광역시 강화군 화도면 상방리,존재,인천광역시,강화군,화도면,인천광역시 강화군 화도면 상방리,37.6344844249724,126.418808850572
2871034023,인천광역시 강화군 화도면 문산리,존재,인천광역시,강화군,화도면,인천광역시 강화군 화도면 문산리,37.6343953198682,126.432336552405
2871034024,인천광역시 강화군 화도면 덕포리,존재,인천광역시,강화군,화도면,인천광역시 강화군 화도면 덕포리,37.6293454810943,126.450441486047
2871034025,인천광역시 강화군 화도면 사기리,존재,인천광역시,강화군,화도면,인천광역시 강화군 화도면 사기리,37.6105360530191,126.45888381438
2871034026,인천광역시 강화군 화도면 동막리,존재,인천광역시,강화군,화도면,인천광역시 강화군 화도면 동막리,37.5971830670223,126.440998781287
2871034027,인천광역시 강화군 화도면 흥왕리,존재,인천광역시,강화군,화도면,인천광역시 강화군 화도면 흥왕리,37.605181349574,126.420327937685
2871034028,인천광역시 강화군 화도면 여차리,존재,인천광역시,강화군,화도면,인천광역시 강화군 화도면 여차리,37.6048448083791,126.399864622682
2871034029,인천광역시 강화군 화도면 장화리,존재,인천광역시,강화군,화도면,인천광역시 강화군 화도면 장화리,37.6204793120357,126.38461965598
2871035000,인천광역시 강화군 양도면,존재,인천광역시,강화군,양도면,인천광역시 강화군 양도면,37.6628523497571,126.422096586903
2871035021,인천광역시 강화군 양도면 하일리,존재,인천광역시,강화군,양도면,인천광역시 강화군 양도면 하일리,37.6629187577522,126.417281608336
2871035022,인천광역시 강화군 양도면 능내리,존재,인천광역시,강화군,양도면,인천광역시 강화군 양도면 능내리,37.6557048196831,126.42335775566
2871035023,인천광역시 강화군 양도면 건평리,존재,인천광역시,강화군,양도면,인천광역시 강화군 양도면 건평리,37.6822818803558,126.402778255635
2871035024,인천광역시 강화군 양도면 인산리,존재,인천광역시,강화군,양도면,인천광역시 강화군 양도면 인산리,37.697915999121,126.414390790264
2871035025,인천광역시 강화군 양도면 삼흥리,존재,인천광역시,강화군,양도면,인천광역시 강화군 양도면 삼흥리,37.6827504217089,126.419384732858
2871035026,인천광역시 강화군 양도면 길정리,존재,인천광역시,강화군,양도면,인천광역시 강화군 양도면 길정리,37.6582898846557,126.464883776804
2871035027,인천광역시 강화군 양도면 도장리,존재,인천광역시,강화군,양도면,인천광역시 강화군 양도면 도장리,37.6506450438662,126.450556523838
2871035028,인천광역시 강화군 양도면 조산리,존재,인천광역시,강화군,양도면,인천광역시 강화군 양도면 조산리,37.6510946539565,126.435110373776
2871036000,인천광역시 강화군 내가면,존재,인천광역시,강화군,내가면,인천광역시 강화군 내가면,37.7193820844793,126.389827319378
2871036021,인천광역시 강화군 내가면 고천리,존재,인천광역시,강화군,내가면,인천광역시 강화군 내가면 고천리,37.721113498829,126.402802356612
2871036022,인천광역시 강화군 내가면 오상리,존재,인천광역시,강화군,내가면,인천광역시 강화군 내가면 오상리,37.7323026259619,126.383745269001
2871036023,인천광역시 강화군 내가면 외포리,존재,인천광역시,강화군,내가면,인천광역시 강화군 내가면 외포리,37.7035904548618,126.383670091712
2871036024,인천광역시 강화군 내가면 황청리,존재,인천광역시,강화군,내가면,인천광역시 강화군 내가면 황청리,37.7173649804087,126.360114869255
2871036025,인천광역시 강화군 내가면 구하리,존재,인천광역시,강화군,내가면,인천광역시 강화군 내가면 구하리,37.7293903819572,126.364671347002
2871037000,인천광역시 강화군 하점면,존재,인천광역시,강화군,하점면,인천광역시 강화군 하점면,37.7749161689116,126.411636420428
2871037021,인천광역시 강화군 하점면 신봉리,존재,인천광역시,강화군,하점면,인천광역시 강화군 하점면 신봉리,37.7751020353766,126.409169600514
2871037022,인천광역시 강화군 하점면 장정리,존재,인천광역시,강화군,하점면,인천광역시 강화군 하점면 장정리,37.7793311088231,126.430022214071
2871037023,인천광역시 강화군 하점면 부근리,존재,인천광역시,강화군,하점면,인천광역시 강화군 하점면 부근리,37.7693858655423,126.434025564671
2871037024,인천광역시 강화군 하점면 삼거리,존재,인천광역시,강화군,하점면,인천광역시 강화군 하점면 삼거리,37.7600278130266,126.415780738616
2871037025,인천광역시 강화군 하점면 신삼리,존재,인천광역시,강화군,하점면,인천광역시 강화군 하점면 신삼리,37.7550571474767,126.398390038791
2871037026,인천광역시 강화군 하점면 망월리,존재,인천광역시,강화군,하점면,인천광역시 강화군 하점면 망월리,37.7473351985663,126.374362031379
2871037027,인천광역시 강화군 하점면 창후리,존재,인천광역시,강화군,하점면,인천광역시 강화군 하점면 창후리,37.7652462199353,126.368967910931
2871037028,인천광역시 강화군 하점면 이강리,존재,인천광역시,강화군,하점면,인천광역시 강화군 하점면 이강리,37.7717463257575,126.390659376841
2871038000,인천광역시 강화군 양사면,존재,인천광역시,강화군,양사면,인천광역시 강화군 양사면,37.798236053338,126.408694720425
2871038021,인천광역시 강화군 양사면 철산리,존재,인천광역시,강화군,양사면,인천광역시 강화군 양사면 철산리,37.8194917201447,126.440525764623
2871038022,인천광역시 강화군 양사면 덕하리,존재,인천광역시,강화군,양사면,인천광역시 강화군 양사면 덕하리,37.8034949588021,126.426384656365
2871038023,인천광역시 강화군 양사면 북성리,존재,인천광역시,강화군,양사면,인천광역시 강화군 양사면 북성리,37.8177704443434,126.412668375256
2871038024,인천광역시 강화군 양사면 교산리,존재,인천광역시,강화군,양사면,인천광역시 강화군 양사면 교산리,37.7989102664397,126.395968074858
2871038025,인천광역시 강화군 양사면 인화리,존재,인천광역시,강화군,양사면,인천광역시 강화군 양사면 인화리,37.7903548927136,126.370502778496
2871039000,인천광역시 강화군 송해면,존재,인천광역시,강화군,송해면,인천광역시 강화군 송해면,37.7647980152118,126.463254769088
2871039021,인천광역시 강화군 송해면 솔정리,존재,인천광역시,강화군,송해면,인천광역시 강화군 송해면 솔정리,37.7674426368882,126.46312670026
2871039022,인천광역시 강화군 송해면 신당리,존재,인천광역시,강화군,송해면,인천광역시 강화군 송해면 신당리,37.7671031775294,126.478214764691
2871039023,인천광역시 강화군 송해면 숭뢰리,존재,인천광역시,강화군,송해면,인천광역시 강화군 송해면 숭뢰리,37.7892412865587,126.472518975505
2871039024,인천광역시 강화군 송해면 당산리,존재,인천광역시,강화군,송해면,인천광역시 강화군 송해면 당산리,37.8010755157911,126.457296892952
2871039025,인천광역시 강화군 송해면 상도리,존재,인천광역시,강화군,송해면,인천광역시 강화군 송해면 상도리,37.7795514940602,126.459193315802
2871039026,인천광역시 강화군 송해면 하도리,존재,인천광역시,강화군,송해면,인천광역시 강화군 송해면 하도리,37.7606335978115,126.454187987923
2871039027,인천광역시 강화군 송해면 양오리,존재,인천광역시,강화군,송해면,인천광역시 강화군 송해면 양오리,37.7933566074672,126.446544926559
2871040000,인천광역시 강화군 교동면,존재,인천광역시,강화군,교동면,인천광역시 강화군 교동면,37.7845285796273,126.283014815298
2871040021,인천광역시 강화군 교동면 대룡리,존재,인천광역시,강화군,교동면,인천광역시 강화군 교동면 대룡리,37.7791327525154,126.279311985092
2871040022,인천광역시 강화군 교동면 읍내리,존재,인천광역시,강화군,교동면,인천광역시 강화군 교동면 읍내리,37.7694108751688,126.295590945845
2871040023,인천광역시 강화군 교동면 상용리,존재,인천광역시,강화군,교동면,인천광역시 강화군 교동면 상용리,37.7837737744084,126.312368902453
2871040024,인천광역시 강화군 교동면 봉소리,존재,인천광역시,강화군,교동면,인천광역시 강화군 교동면 봉소리,37.7970135607069,126.319730672466
2871040025,인천광역시 강화군 교동면 고구리,존재,인천광역시,강화군,교동면,인천광역시 강화군 교동면 고구리,37.7925478460609,126.290898176929
2871040026,인천광역시 강화군 교동면 삼선리,존재,인천광역시,강화군,교동면,인천광역시 강화군 교동면 삼선리,37.7934116650165,126.261394025351
2871040027,인천광역시 강화군 교동면 인사리,존재,인천광역시,강화군,교동면,인천광역시 강화군 교동면 인사리,37.8077963453513,126.265179769265
2871040028,인천광역시 강화군 교동면 난정리,존재,인천광역시,강화군,교동면,인천광역시 강화군 교동면 난정리,37.7771328536245,126.234763597904
2871040029,인천광역시 강화군 교동면 양갑리,존재,인천광역시,강화군,교동면,인천광역시 강화군 교동면 양갑리,37.7738786541737,126.257293437803
2871040030,인천광역시 강화군 교동면 동산리,존재,인천광역시,강화군,교동면,인천광역시 강화군 교동면 동산리,37.7608801488694,126.237595655207
2871040031,인천광역시 강화군 교동면 서한리,존재,인천광역시,강화군,교동면,인천광역시 강화군 교동면 서한리,37.7674645288013,126.21838404633
2871040032,인천광역시 강화군 교동면 무학리,존재,인천광역시,강화군,교동면,인천광역시 강화군 교동면 무학리,37.7933546360512,126.234396489483
2871040033,인천광역시 강화군 교동면 지석리,존재,인천광역시,강화군,교동면,인천광역시 강화군 교동면 지석리,37.8051014366411,126.243654523438
2871041000,인천광역시 강화군 삼산면,존재,인천광역시,강화군,삼산면,인천광역시 강화군 삼산면,37.704947426536,126.32040974097
2871041021,인천광역시 강화군 삼산면 석모리,존재,인천광역시,강화군,삼산면,인천광역시 강화군 삼산면 석모리,37.7026102087664,126.312615919651
2871041022,인천광역시 강화군 삼산면 상리,존재,인천광역시,강화군,삼산면,인천광역시 강화군 삼산면 상리,37.7270275747053,126.310393892986
2871041023,인천광역시 강화군 삼산면 하리,존재,인천광역시,강화군,삼산면,인천광역시 강화군 삼산면 하리,37.7225858146783,126.29485047578
2871041024,인천광역시 강화군 삼산면 석포리,존재,인천광역시,강화군,삼산면,인천광역시 강화군 삼산면 석포리,37.6851409058312,126.365729194465
2871041025,인천광역시 강화군 삼산면 매음리,존재,인천광역시,강화군,삼산면,인천광역시 강화군 삼산면 매음리,37.6699823130392,126.343202789966
2871041026,인천광역시 강화군 삼산면 서검리,존재,인천광역시,강화군,삼산면,인천광역시 강화군 삼산면 서검리,37.7212761136021,126.233963922033
2871041027,인천광역시 강화군 삼산면 미법리,존재,인천광역시,강화군,삼산면,인천광역시 강화군 삼산면 미법리,37.7297424305146,126.26467675183
2871042000,인천광역시 강화군 서도면,존재,인천광역시,강화군,서도면,인천광역시 강화군 서도면,37.6504198627875,126.239320129833
2871042021,인천광역시 강화군 서도면 주문도리,존재,인천광역시,강화군,서도면,인천광역시 강화군 서도면 주문도리,37.6445374092669,126.243092023235
2871042022,인천광역시 강화군 서도면 아차도리,존재,인천광역시,강화군,서도면,인천광역시 강화군 서도면 아차도리,37.6607230718773,126.229849383217
2871042023,인천광역시 강화군 서도면 말도리,존재,인천광역시,강화군,서도면,인천광역시 강화군 서도면 말도리,37.6841386526356,126.134937944432
2871042024,인천광역시 강화군 서도면 볼음도리,존재,인천광역시,강화군,서도면,인천광역시 강화군 서도면 볼음도리,37.6709254174726,126.19107038617
2872031000,인천광역시 옹진군 북도면,존재,인천광역시,옹진군,북도면,인천광역시 옹진군 북도면,37.5329794642505,126.429069369524
2872031021,인천광역시 옹진군 북도면 시도리,존재,인천광역시,옹진군,북도면,인천광역시 옹진군 북도면 시도리,37.5353257769847,126.426865588777
2872031022,인천광역시 옹진군 북도면 신도리,존재,인천광역시,옹진군,북도면,인천광역시 옹진군 북도면 신도리,37.5258242623821,126.452378330136
2872031023,인천광역시 옹진군 북도면 모도리,존재,인천광역시,옹진군,북도면,인천광역시 옹진군 북도면 모도리,37.5331348327878,126.408644491838
2872031024,인천광역시 옹진군 북도면 장봉리,존재,인천광역시,옹진군,북도면,인천광역시 옹진군 북도면 장봉리,37.537744165387,126.344454960438
2872033000,인천광역시 옹진군 백령면,존재,인천광역시,옹진군,백령면,인천광역시 옹진군 백령면,37.9743612082699,124.718710475439
2872033021,인천광역시 옹진군 백령면 진촌리,존재,인천광역시,옹진군,백령면,인천광역시 옹진군 백령면 진촌리,37.9669313855657,124.701118044992
2872033022,인천광역시 옹진군 백령면 북포리,존재,인천광역시,옹진군,백령면,인천광역시 옹진군 백령면 북포리,37.9603420103127,124.674942791937
2872033023,인천광역시 옹진군 백령면 가을리,존재,인천광역시,옹진군,백령면,인천광역시 옹진군 백령면 가을리,37.9614419331008,124.650884351552
2872033024,인천광역시 옹진군 백령면 연화리,존재,인천광역시,옹진군,백령면,인천광역시 옹진군 백령면 연화리,37.9421342419437,124.634388384679
2872033025,인천광역시 옹진군 백령면 남포리,존재,인천광역시,옹진군,백령면,인천광역시 옹진군 백령면 남포리,37.9317983086227,124.677284585627
2872034000,인천광역시 옹진군 대청면,존재,인천광역시,옹진군,대청면,인천광역시 옹진군 대청면,37.8252535468351,124.712308819936
2872034021,인천광역시 옹진군 대청면 대청리,존재,인천광역시,옹진군,대청면,인천광역시 옹진군 대청면 대청리,37.82489658264,124.69824739131
2872034022,인천광역시 옹진군 대청면 소청리,존재,인천광역시,옹진군,대청면,인천광역시 옹진군 대청면 소청리,37.7699540076319,124.741494051767
2872035000,인천광역시 옹진군 덕적면,존재,인천광역시,옹진군,덕적면,인천광역시 옹진군 덕적면,37.2276332114675,126.144705565589
2872035021,인천광역시 옹진군 덕적면 북리,존재,인천광역시,옹진군,덕적면,인천광역시 옹진군 덕적면 북리,37.2540279287599,126.112666031945
2872035022,인천광역시 옹진군 덕적면 진리,존재,인천광역시,옹진군,덕적면,인천광역시 옹진군 덕적면 진리,37.2291361030807,126.141218032742
2872035023,인천광역시 옹진군 덕적면 서포리,존재,인천광역시,옹진군,덕적면,인천광역시 옹진군 덕적면 서포리,37.2321988746333,126.110366238633
2872035024,인천광역시 옹진군 덕적면 소야리,존재,인천광역시,옹진군,덕적면,인천광역시 옹진군 덕적면 소야리,37.2140313063496,126.173632020229
2872035025,인천광역시 옹진군 덕적면 울도리,존재,인천광역시,옹진군,덕적면,인천광역시 옹진군 덕적면 울도리,37.0362861730079,125.985143923856
2872035026,인천광역시 옹진군 덕적면 백아리,존재,인천광역시,옹진군,덕적면,인천광역시 옹진군 덕적면 백아리,37.0785286193402,125.949360046428
2872035027,인천광역시 옹진군 덕적면 문갑리,존재,인천광역시,옹진군,덕적면,인천광역시 옹진군 덕적면 문갑리,37.1719503763378,126.106195491097
2872035028,인천광역시 옹진군 덕적면 굴업리,존재,인천광역시,옹진군,덕적면,인천광역시 옹진군 덕적면 굴업리,37.1919774260771,125.984014326028
2872036000,인천광역시 옹진군 영흥면,존재,인천광역시,옹진군,영흥면,인천광역시 옹진군 영흥면,37.2559012375489,126.483321517933
2872036021,인천광역시 옹진군 영흥면 외리,존재,인천광역시,옹진군,영흥면,인천광역시 옹진군 영흥면 외리,37.2466978106289,126.461027462363
2872036022,인천광역시 옹진군 영흥면 내리,존재,인천광역시,옹진군,영흥면,인천광역시 옹진군 영흥면 내리,37.2689672727892,126.474555632963
2872036023,인천광역시 옹진군 영흥면 선재리,존재,인천광역시,옹진군,영흥면,인천광역시 옹진군 영흥면 선재리,37.2406158223917,126.526355481568
2872037000,인천광역시 옹진군 자월면,존재,인천광역시,옹진군,자월면,인천광역시 옹진군 자월면,37.2546232671259,126.307202843874
2872037021,인천광역시 옹진군 자월면 자월리,존재,인천광역시,옹진군,자월면,인천광역시 옹진군 자월면 자월리,37.2563607502663,126.310960870634
2872037022,인천광역시 옹진군 자월면 이작리,존재,인천광역시,옹진군,자월면,인천광역시 옹진군 자월면 이작리,37.1768136202982,126.249765486167
2872037023,인천광역시 옹진군 자월면 승봉리,존재,인천광역시,옹진군,자월면,인천광역시 옹진군 자월면 승봉리,37.1672347132503,126.305488378262
2872038000,인천광역시 옹진군 연평면,존재,인천광역시,옹진군,연평면,인천광역시 옹진군 연평면,37.6651915483658,125.702047674071
2872038021,인천광역시 옹진군 연평면 연평리,존재,인천광역시,옹진군,연평면,인천광역시 옹진군 연평면 연평리,37.6676766788361,125.694410872968
3011010100,대전광역시 동구 원동,존재,대전광역시,동구,원동,대전광역시 동구 원동,36.3273754232803,127.434178396422
3011010200,대전광역시 동구 인동,존재,대전광역시,동구,인동,대전광역시 동구 인동,36.3220737686567,127.438875233153
3011010300,대전광역시 동구 효동,존재,대전광역시,동구,효동,대전광역시 동구 효동,36.31705238059,127.441818056525
3011010400,대전광역시 동구 천동,존재,대전광역시,동구,천동,대전광역시 동구 천동,36.314837124135,127.446228483964
3011010500,대전광역시 동구 가오동,존재,대전광역시,동구,가오동,대전광역시 동구 가오동,36.308081851405,127.459560061295
3011010600,대전광역시 동구 신흥동,존재,대전광역시,동구,신흥동,대전광역시 동구 신흥동,36.3222118390569,127.445401889362
3011010700,대전광역시 동구 판암동,존재,대전광역시,동구,판암동,대전광역시 동구 판암동,36.3173568237095,127.457667993794
3011010800,대전광역시 동구 삼정동,존재,대전광역시,동구,삼정동,대전광역시 동구 삼정동,36.3235534586085,127.474275332343
3011010900,대전광역시 동구 용운동,존재,대전광역시,동구,용운동,대전광역시 동구 용운동,36.3281414785861,127.461580056854
3011011000,대전광역시 동구 대동,존재,대전광역시,동구,대동,대전광역시 동구 대동,36.3301051112737,127.442769372147
3011011100,대전광역시 동구 자양동,존재,대전광역시,동구,자양동,대전광역시 동구 자양동,36.3354899505007,127.448725370359
3011011200,대전광역시 동구 신안동,존재,대전광역시,동구,신안동,대전광역시 동구 신안동,36.3307383151504,127.438211022048
3011011300,대전광역시 동구 소제동,존재,대전광역시,동구,소제동,대전광역시 동구 소제동,36.3347483765336,127.437765680729
3011011400,대전광역시 동구 가양동,존재,대전광역시,동구,가양동,대전광역시 동구 가양동,36.3470197552555,127.441416938884
3011011500,대전광역시 동구 용전동,존재,대전광역시,동구,용전동,대전광역시 동구 용전동,36.3577370465826,127.432394996182
3011011600,대전광역시 동구 성남동,존재,대전광역시,동구,성남동,대전광역시 동구 성남동,36.3445109239957,127.437486132961
3011011700,대전광역시 동구 홍도동,존재,대전광역시,동구,홍도동,대전광역시 동구 홍도동,36.3489583881664,127.425711387429
3011011800,대전광역시 동구 삼성동,존재,대전광역시,동구,삼성동,대전광역시 동구 삼성동,36.3405647879043,127.42217253113
3011011900,대전광역시 동구 정동,존재,대전광역시,동구,정동,대전광역시 동구 정동,36.3339496363009,127.43240161029
3011012000,대전광역시 동구 중동,존재,대전광역시,동구,중동,대전광역시 동구 중동,36.3311352793609,127.430149629236
3011012100,대전광역시 동구 추동,존재,대전광역시,동구,추동,대전광역시 동구 추동,36.3728095820997,127.470205903331
3011012200,대전광역시 동구 비룡동,존재,대전광역시,동구,비룡동,대전광역시 동구 비룡동,36.3436425678867,127.476054656938
3011012300,대전광역시 동구 주산동,존재,대전광역시,동구,주산동,대전광역시 동구 주산동,36.3595285529648,127.478727328669
3011012400,대전광역시 동구 용계동,존재,대전광역시,동구,용계동,대전광역시 동구 용계동,36.3729684982674,127.48810337041
3011012500,대전광역시 동구 마산동,존재,대전광역시,동구,마산동,대전광역시 동구 마산동,36.3879302296932,127.488406415532
3011012600,대전광역시 동구 효평동,존재,대전광역시,동구,효평동,대전광역시 동구 효평동,36.3985055162114,127.46697190424
3011012700,대전광역시 동구 직동,존재,대전광역시,동구,직동,대전광역시 동구 직동,36.4192547799401,127.485725758392
3011012800,대전광역시 동구 세천동,존재,대전광역시,동구,세천동,대전광역시 동구 세천동,36.3273525275505,127.493053112169
3011012900,대전광역시 동구 신상동,존재,대전광역시,동구,신상동,대전광역시 동구 신상동,36.3612821224956,127.516406452962
3011013000,대전광역시 동구 신하동,존재,대전광역시,동구,신하동,대전광역시 동구 신하동,36.363213152399,127.500566196125
3011013100,대전광역시 동구 신촌동,존재,대전광역시,동구,신촌동,대전광역시 동구 신촌동,36.3717182112136,127.516274840536
3011013200,대전광역시 동구 사성동,존재,대전광역시,동구,사성동,대전광역시 동구 사성동,36.3841858427097,127.517315728032
3011013300,대전광역시 동구 내탑동,존재,대전광역시,동구,내탑동,대전광역시 동구 내탑동,36.4009541830648,127.511576636429
3011013400,대전광역시 동구 오동,존재,대전광역시,동구,오동,대전광역시 동구 오동,36.4154677605749,127.522932877107
3011013500,대전광역시 동구 주촌동,존재,대전광역시,동구,주촌동,대전광역시 동구 주촌동,36.40475940955,127.531676984594
3011013600,대전광역시 동구 낭월동,존재,대전광역시,동구,낭월동,대전광역시 동구 낭월동,36.2853809699095,127.487365904407
3011013700,대전광역시 동구 대별동,존재,대전광역시,동구,대별동,대전광역시 동구 대별동,36.2810830483934,127.457531817982
3011013800,대전광역시 동구 이사동,존재,대전광역시,동구,이사동,대전광역시 동구 이사동,36.2782524031901,127.443424634903
3011013900,대전광역시 동구 대성동,존재,대전광역시,동구,대성동,대전광역시 동구 대성동,36.2938029524033,127.469918368439
3011014000,대전광역시 동구 장척동,존재,대전광역시,동구,장척동,대전광역시 동구 장척동,36.2540795748572,127.441320808933
3011014100,대전광역시 동구 소호동,존재,대전광역시,동구,소호동,대전광역시 동구 소호동,36.2647376405884,127.449379680235
3011014200,대전광역시 동구 구도동,존재,대전광역시,동구,구도동,대전광역시 동구 구도동,36.2673193416722,127.471664844759
3011014300,대전광역시 동구 삼괴동,존재,대전광역시,동구,삼괴동,대전광역시 동구 삼괴동,36.2453191190134,127.477237711421
3011014400,대전광역시 동구 상소동,존재,대전광역시,동구,상소동,대전광역시 동구 상소동,36.2308653584158,127.460344728626
3011014500,대전광역시 동구 하소동,존재,대전광역시,동구,하소동,대전광역시 동구 하소동,36.2159199552789,127.437289593048
3014010100,대전광역시 중구 은행동,존재,대전광역시,중구,은행동,대전광역시 중구 은행동,36.3284743770719,127.428317409366
3014010200,대전광역시 중구 선화동,존재,대전광역시,중구,선화동,대전광역시 중구 선화동,36.3305087346118,127.418794838885
3014010300,대전광역시 중구 목동,존재,대전광역시,중구,목동,대전광역시 중구 목동,36.3358684217493,127.408527307191
3014010400,대전광역시 중구 중촌동,존재,대전광역시,중구,중촌동,대전광역시 중구 중촌동,36.3388938195035,127.412419375833
3014010500,대전광역시 중구 대흥동,존재,대전광역시,중구,대흥동,대전광역시 중구 대흥동,36.3233563031682,127.424102081287
3014010600,대전광역시 중구 문창동,존재,대전광역시,중구,문창동,대전광역시 중구 문창동,36.3162160271414,127.437915923805
3014010700,대전광역시 중구 석교동,존재,대전광역시,중구,석교동,대전광역시 중구 석교동,36.30971794322,127.442480375975
3014010800,대전광역시 중구 호동,존재,대전광역시,중구,호동,대전광역시 중구 호동,36.2965798754585,127.43131802123
3014010900,대전광역시 중구 옥계동,존재,대전광역시,중구,옥계동,대전광역시 중구 옥계동,36.2970906575418,127.452103442804
3014011000,대전광역시 중구 대사동,존재,대전광역시,중구,대사동,대전광역시 중구 대사동,36.3176799385072,127.424819646891
3014011100,대전광역시 중구 부사동,존재,대전광역시,중구,부사동,대전광역시 중구 부사동,36.3142129187361,127.433655534598
3014011200,대전광역시 중구 용두동,존재,대전광역시,중구,용두동,대전광역시 중구 용두동,36.3251884948558,127.410391530714
3014011300,대전광역시 중구 오류동,존재,대전광역시,중구,오류동,대전광역시 중구 오류동,36.3254558995842,127.403848952525
3014011400,대전광역시 중구 태평동,존재,대전광역시,중구,태평동,대전광역시 중구 태평동,36.3264278223218,127.394539034565
3014011500,대전광역시 중구 유천동,존재,대전광역시,중구,유천동,대전광역시 중구 유천동,36.3150959024364,127.395234672172
3014011600,대전광역시 중구 문화동,존재,대전광역시,중구,문화동,대전광역시 중구 문화동,36.3152626096332,127.406789549422
3014011700,대전광역시 중구 산성동,존재,대전광역시,중구,산성동,대전광역시 중구 산성동,36.3054035846097,127.386171712159
3014011800,대전광역시 중구 사정동,존재,대전광역시,중구,사정동,대전광역시 중구 사정동,36.2949213988922,127.397065476943
3014011900,대전광역시 중구 안영동,존재,대전광역시,중구,안영동,대전광역시 중구 안영동,36.2769483551478,127.379242268111
3014012000,대전광역시 중구 무수동,존재,대전광역시,중구,무수동,대전광역시 중구 무수동,36.2818497375627,127.4069811764
3014012100,대전광역시 중구 구완동,존재,대전광역시,중구,구완동,대전광역시 중구 구완동,36.2794212022424,127.426335198607
3014012200,대전광역시 중구 침산동,존재,대전광역시,중구,침산동,대전광역시 중구 침산동,36.2810460598264,127.39181728369
3014012300,대전광역시 중구 목달동,존재,대전광역시,중구,목달동,대전광역시 중구 목달동,36.2621343562346,127.411499131578
3014012400,대전광역시 중구 정생동,존재,대전광역시,중구,정생동,대전광역시 중구 정생동,36.2475879767641,127.40124058286
3014012500,대전광역시 중구 어남동,존재,대전광역시,중구,어남동,대전광역시 중구 어남동,36.2276709995154,127.412039272046
3014012600,대전광역시 중구 금동,존재,대전광역시,중구,금동,대전광역시 중구 금동,36.2425658277091,127.425445207229
3017010100,대전광역시 서구 복수동,존재,대전광역시,서구,복수동,대전광역시 서구 복수동,36.2999799953063,127.378935126694
3017010200,대전광역시 서구 변동,존재,대전광역시,서구,변동,대전광역시 서구 변동,36.3258260182586,127.386762476923
3017010300,대전광역시 서구 도마동,존재,대전광역시,서구,도마동,대전광역시 서구 도마동,36.3160391986015,127.38115530131
3017010400,대전광역시 서구 정림동,존재,대전광역시,서구,정림동,대전광역시 서구 정림동,36.3044951786296,127.366714213649
3017010500,대전광역시 서구 용문동,존재,대전광역시,서구,용문동,대전광역시 서구 용문동,36.3389135932133,127.39153662262
3017010600,대전광역시 서구 탄방동,존재,대전광역시,서구,탄방동,대전광역시 서구 탄방동,36.3466402192893,127.395385119788
3017010800,대전광역시 서구 괴정동,존재,대전광역시,서구,괴정동,대전광역시 서구 괴정동,36.3371382917064,127.382064497169
3017010900,대전광역시 서구 가장동,존재,대전광역시,서구,가장동,대전광역시 서구 가장동,36.3301098940474,127.385188763848
3017011000,대전광역시 서구 내동,존재,대전광역시,서구,내동,대전광역시 서구 내동,36.3322111734852,127.377362575419
3017011100,대전광역시 서구 갈마동,존재,대전광역시,서구,갈마동,대전광역시 서구 갈마동,36.3526615199207,127.367840159016
3017011200,대전광역시 서구 둔산동,존재,대전광역시,서구,둔산동,대전광역시 서구 둔산동,36.3525471565857,127.385816196595
3017011300,대전광역시 서구 월평동,존재,대전광역시,서구,월평동,대전광역시 서구 월평동,36.3546931857657,127.357608933166
3017011400,대전광역시 서구 가수원동,존재,대전광역시,서구,가수원동,대전광역시 서구 가수원동,36.3035880722445,127.34943491264
3017011500,대전광역시 서구 도안동,존재,대전광역시,서구,도안동,대전광역시 서구 도안동,36.3236309850031,127.346740231544
3017011600,대전광역시 서구 관저동,존재,대전광역시,서구,관저동,대전광역시 서구 관저동,36.3038570418674,127.33736713095
3017011700,대전광역시 서구 흑석동,존재,대전광역시,서구,흑석동,대전광역시 서구 흑석동,36.2636713049889,127.347454272413
3017011800,대전광역시 서구 매노동,존재,대전광역시,서구,매노동,대전광역시 서구 매노동,36.2437159505611,127.333303659232
3017011900,대전광역시 서구 산직동,존재,대전광역시,서구,산직동,대전광역시 서구 산직동,36.2453328766487,127.353945990359
3017012000,대전광역시 서구 장안동,존재,대전광역시,서구,장안동,대전광역시 서구 장안동,36.2198820602264,127.348181412445
3017012100,대전광역시 서구 평촌동,존재,대전광역시,서구,평촌동,대전광역시 서구 평촌동,36.2391811782615,127.313282421729
3017012200,대전광역시 서구 오동,존재,대전광역시,서구,오동,대전광역시 서구 오동,36.2202326972551,127.322091018675
3017012300,대전광역시 서구 우명동,존재,대전광역시,서구,우명동,대전광역시 서구 우명동,36.2278732950721,127.299075537989
3017012400,대전광역시 서구 원정동,존재,대전광역시,서구,원정동,대전광역시 서구 원정동,36.2527243695859,127.296277328208
3017012500,대전광역시 서구 용촌동,존재,대전광역시,서구,용촌동,대전광역시 서구 용촌동,36.2512569696193,127.320162161264
3017012600,대전광역시 서구 봉곡동,존재,대전광역시,서구,봉곡동,대전광역시 서구 봉곡동,36.2709675612614,127.32025151422
3017012700,대전광역시 서구 괴곡동,존재,대전광역시,서구,괴곡동,대전광역시 서구 괴곡동,36.2811820342306,127.360029216893
3017012800,대전광역시 서구 만년동,존재,대전광역시,서구,만년동,대전광역시 서구 만년동,36.3675085566381,127.375023596287
3020010100,대전광역시 유성구 원내동,존재,대전광역시,유성구,원내동,대전광역시 유성구 원내동,36.2950995455574,127.316867870265
3020010200,대전광역시 유성구 교촌동,존재,대전광역시,유성구,교촌동,대전광역시 유성구 교촌동,36.3077933526091,127.312176002492
3020010300,대전광역시 유성구 대정동,존재,대전광역시,유성구,대정동,대전광역시 유성구 대정동,36.3148257990775,127.331076169022
3020010400,대전광역시 유성구 용계동,존재,대전광역시,유성구,용계동,대전광역시 유성구 용계동,36.3232728261099,127.329352325585
3020010500,대전광역시 유성구 학하동,존재,대전광역시,유성구,학하동,대전광역시 유성구 학하동,36.3411495961532,127.308731204812
3020010600,대전광역시 유성구 계산동,존재,대전광역시,유성구,계산동,대전광역시 유성구 계산동,36.3385412439715,127.293852980217
3020010700,대전광역시 유성구 성북동,존재,대전광역시,유성구,성북동,대전광역시 유성구 성북동,36.3060701442417,127.290791709425
3020010800,대전광역시 유성구 세동,존재,대전광역시,유성구,세동,대전광역시 유성구 세동,36.2934480386575,127.274834596405
3020010900,대전광역시 유성구 송정동,존재,대전광역시,유성구,송정동,대전광역시 유성구 송정동,36.2869498135071,127.258150375658
3020011000,대전광역시 유성구 방동,존재,대전광역시,유성구,방동,대전광역시 유성구 방동,36.2775483221904,127.29418071738
3020011100,대전광역시 유성구 봉명동,존재,대전광역시,유성구,봉명동,대전광역시 유성구 봉명동,36.3549114724539,127.345907414374
3020011200,대전광역시 유성구 구암동,존재,대전광역시,유성구,구암동,대전광역시 유성구 구암동,36.351938588859,127.323679920393
3020011300,대전광역시 유성구 덕명동,존재,대전광역시,유성구,덕명동,대전광역시 유성구 덕명동,36.3514737208217,127.297266017143
3020011400,대전광역시 유성구 원신흥동,존재,대전광역시,유성구,원신흥동,대전광역시 유성구 원신흥동,36.3421510420853,127.343329061063
3020011500,대전광역시 유성구 상대동,존재,대전광역시,유성구,상대동,대전광역시 유성구 상대동,36.3468039903396,127.334691588011
3020011600,대전광역시 유성구 복용동,존재,대전광역시,유성구,복용동,대전광역시 유성구 복용동,36.3449987256116,127.313157684658
3020011700,대전광역시 유성구 장대동,존재,대전광역시,유성구,장대동,대전광역시 유성구 장대동,36.3629526585338,127.332251511601
3020011800,대전광역시 유성구 갑동,존재,대전광역시,유성구,갑동,대전광역시 유성구 갑동,36.3680171255372,127.290830399085
3020011900,대전광역시 유성구 노은동,존재,대전광역시,유성구,노은동,대전광역시 유성구 노은동,36.3682747209828,127.318452455186
3020012000,대전광역시 유성구 지족동,존재,대전광역시,유성구,지족동,대전광역시 유성구 지족동,36.3802222170789,127.31102533917
3020012100,대전광역시 유성구 죽동,존재,대전광역시,유성구,죽동,대전광역시 유성구 죽동,36.3767410143448,127.335974335378
3020012200,대전광역시 유성구 궁동,존재,대전광역시,유성구,궁동,대전광역시 유성구 궁동,36.3674377559449,127.343422294906
3020012300,대전광역시 유성구 어은동,존재,대전광역시,유성구,어은동,대전광역시 유성구 어은동,36.3743834890292,127.355911578359
3020012400,대전광역시 유성구 구성동,존재,대전광역시,유성구,구성동,대전광역시 유성구 구성동,36.3709614124394,127.367039284927
3020012500,대전광역시 유성구 신성동,존재,대전광역시,유성구,신성동,대전광역시 유성구 신성동,36.3838680517771,127.349593151015
3020012600,대전광역시 유성구 가정동,존재,대전광역시,유성구,가정동,대전광역시 유성구 가정동,36.380578576392,127.367084472042
3020012700,대전광역시 유성구 도룡동,존재,대전광역시,유성구,도룡동,대전광역시 유성구 도룡동,36.3753524482397,127.386307684878
3020012800,대전광역시 유성구 장동,존재,대전광역시,유성구,장동,대전광역시 유성구 장동,36.4003333080816,127.357211505724
3020012900,대전광역시 유성구 방현동,존재,대전광역시,유성구,방현동,대전광역시 유성구 방현동,36.4122663834227,127.362653424746
3020013000,대전광역시 유성구 화암동,존재,대전광역시,유성구,화암동,대전광역시 유성구 화암동,36.4125606963221,127.375886700276
3020013100,대전광역시 유성구 덕진동,존재,대전광역시,유성구,덕진동,대전광역시 유성구 덕진동,36.4236154790315,127.368013981303
3020013200,대전광역시 유성구 하기동,존재,대전광역시,유성구,하기동,대전광역시 유성구 하기동,36.3915429263115,127.327803174974
3020013300,대전광역시 유성구 추목동,존재,대전광역시,유성구,추목동,대전광역시 유성구 추목동,36.4179580165699,127.349397996496
3020013400,대전광역시 유성구 자운동,존재,대전광역시,유성구,자운동,대전광역시 유성구 자운동,36.4027047910377,127.345084602985
3020013500,대전광역시 유성구 신봉동,존재,대전광역시,유성구,신봉동,대전광역시 유성구 신봉동,36.4069101870456,127.332826543509
3020013600,대전광역시 유성구 수남동,존재,대전광역시,유성구,수남동,대전광역시 유성구 수남동,36.41491200027,127.319837967658
3020013700,대전광역시 유성구 안산동,존재,대전광역시,유성구,안산동,대전광역시 유성구 안산동,36.4081978017672,127.292621167438
3020013800,대전광역시 유성구 외삼동,존재,대전광역시,유성구,외삼동,대전광역시 유성구 외삼동,36.4010724999653,127.316214011206
3020013900,대전광역시 유성구 반석동,존재,대전광역시,유성구,반석동,대전광역시 유성구 반석동,36.394551364223,127.29664969477
3020014000,대전광역시 유성구 문지동,존재,대전광역시,유성구,문지동,대전광역시 유성구 문지동,36.3911391222974,127.397844033525
3020014100,대전광역시 유성구 전민동,존재,대전광역시,유성구,전민동,대전광역시 유성구 전민동,36.399972913852,127.400377160331
3020014200,대전광역시 유성구 원촌동,존재,대전광역시,유성구,원촌동,대전광역시 유성구 원촌동,36.380810259053,127.403653520412
3020014300,대전광역시 유성구 탑립동,존재,대전광역시,유성구,탑립동,대전광역시 유성구 탑립동,36.4164075800594,127.411740601726
3020014400,대전광역시 유성구 용산동,존재,대전광역시,유성구,용산동,대전광역시 유성구 용산동,36.4217434336623,127.400863552541
3020014500,대전광역시 유성구 봉산동,존재,대전광역시,유성구,봉산동,대전광역시 유성구 봉산동,36.4475527876787,127.384398805539
3020014600,대전광역시 유성구 관평동,존재,대전광역시,유성구,관평동,대전광역시 유성구 관평동,36.4231207490059,127.388769859047
3020014700,대전광역시 유성구 송강동,존재,대전광역시,유성구,송강동,대전광역시 유성구 송강동,36.430727972109,127.381630476095
3020014800,대전광역시 유성구 금고동,존재,대전광역시,유성구,금고동,대전광역시 유성구 금고동,36.4646412815349,127.389182339314
3020014900,대전광역시 유성구 대동,존재,대전광역시,유성구,대동,대전광역시 유성구 대동,36.4795366673056,127.394345231376
3020015000,대전광역시 유성구 금탄동,존재,대전광역시,유성구,금탄동,대전광역시 유성구 금탄동,36.4907448882606,127.381701482906
3020015100,대전광역시 유성구 신동,존재,대전광역시,유성구,신동,대전광역시 유성구 신동,36.4746455317659,127.371781063762
3020015200,대전광역시 유성구 둔곡동,존재,대전광역시,유성구,둔곡동,대전광역시 유성구 둔곡동,36.4582132692465,127.364362118397
3020015300,대전광역시 유성구 구룡동,존재,대전광역시,유성구,구룡동,대전광역시 유성구 구룡동,36.4431121490921,127.360030823127
3023010100,대전광역시 대덕구 오정동,존재,대전광역시,대덕구,오정동,대전광역시 대덕구 오정동,36.3538403567361,127.409900161618
3023010200,대전광역시 대덕구 대화동,존재,대전광역시,대덕구,대화동,대전광역시 대덕구 대화동,36.3664804183066,127.411410536653
3023010300,대전광역시 대덕구 읍내동,존재,대전광역시,대덕구,읍내동,대전광역시 대덕구 읍내동,36.3793112840068,127.425306156536
3023010400,대전광역시 대덕구 연축동,존재,대전광역시,대덕구,연축동,대전광역시 대덕구 연축동,36.3904136842555,127.425304206537
3023010500,대전광역시 대덕구 신대동,존재,대전광역시,대덕구,신대동,대전광역시 대덕구 신대동,36.3989562765432,127.41829229941
3023010600,대전광역시 대덕구 와동,존재,대전광역시,대덕구,와동,대전광역시 대덕구 와동,36.4124297927111,127.425633799972
3023010700,대전광역시 대덕구 송촌동,존재,대전광역시,대덕구,송촌동,대전광역시 대덕구 송촌동,36.3657586658518,127.439967262996
3023010800,대전광역시 대덕구 법동,존재,대전광역시,대덕구,법동,대전광역시 대덕구 법동,36.370759383474,127.426766168389
3023010900,대전광역시 대덕구 중리동,존재,대전광역시,대덕구,중리동,대전광역시 대덕구 중리동,36.3605737779517,127.426420863562
3023011000,대전광역시 대덕구 비래동,존재,대전광역시,대덕구,비래동,대전광역시 대덕구 비래동,36.3548963656828,127.450017671709
3023011100,대전광역시 대덕구 석봉동,존재,대전광역시,대덕구,석봉동,대전광역시 대덕구 석봉동,36.4508924261057,127.423305032144
3023011200,대전광역시 대덕구 목상동,존재,대전광역시,대덕구,목상동,대전광역시 대덕구 목상동,36.4485087587773,127.412262656128
3023011300,대전광역시 대덕구 문평동,존재,대전광역시,대덕구,문평동,대전광역시 대덕구 문평동,36.4456020279252,127.396716526258
3023011400,대전광역시 대덕구 신일동,존재,대전광역시,대덕구,신일동,대전광역시 대덕구 신일동,36.4380332799486,127.407125999633
3023011500,대전광역시 대덕구 덕암동,존재,대전광역시,대덕구,덕암동,대전광역시 대덕구 덕암동,36.4403037751316,127.426856681678
3023011600,대전광역시 대덕구 상서동,존재,대전광역시,대덕구,상서동,대전광역시 대덕구 상서동,36.4256682038194,127.419943168404
3023011700,대전광역시 대덕구 평촌동,존재,대전광역시,대덕구,평촌동,대전광역시 대덕구 평촌동,36.4326251203988,127.435058247866
3023011800,대전광역시 대덕구 장동,존재,대전광역시,대덕구,장동,대전광역시 대덕구 장동,36.4056790790607,127.443246840143
3023011900,대전광역시 대덕구 용호동,존재,대전광역시,대덕구,용호동,대전광역시 대덕구 용호동,36.4403862029208,127.45148335886
3023012000,대전광역시 대덕구 이현동,존재,대전광역시,대덕구,이현동,대전광역시 대덕구 이현동,36.4118442312018,127.461954366543
3023012100,대전광역시 대덕구 갈전동,존재,대전광역시,대덕구,갈전동,대전광역시 대덕구 갈전동,36.4289159653442,127.470231794045
3023012200,대전광역시 대덕구 부수동,존재,대전광역시,대덕구,부수동,대전광역시 대덕구 부수동,36.4409146434283,127.47778577409
3023012300,대전광역시 대덕구 황호동,존재,대전광역시,대덕구,황호동,대전광역시 대덕구 황호동,36.4475460054304,127.491389924683
3023012400,대전광역시 대덕구 삼정동,존재,대전광역시,대덕구,삼정동,대전광역시 대덕구 삼정동,36.4446290608225,127.466431698198
3023012500,대전광역시 대덕구 미호동,존재,대전광역시,대덕구,미호동,대전광역시 대덕구 미호동,36.4634406767888,127.472167212185
3023012600,대전광역시 대덕구 신탄진동,존재,대전광역시,대덕구,신탄진동,대전광역시 대덕구 신탄진동,36.4517152153308,127.429101079908
3611025021,세종특별자치시 조치원읍 원리,존재,세종특별자치시,조치원읍,원리,세종특별자치시 조치원읍 원리,36.6012755661504,127.296956432571
3611025022,세종특별자치시 조치원읍 상리,존재,세종특별자치시,조치원읍,상리,세종특별자치시 조치원읍 상리,36.6023224012456,127.303509874727
3611025023,세종특별자치시 조치원읍 평리,존재,세종특별자치시,조치원읍,평리,세종특별자치시 조치원읍 평리,36.6053403659632,127.301715505419
3611025024,세종특별자치시 조치원읍 교리,존재,세종특별자치시,조치원읍,교리,세종특별자치시 조치원읍 교리,36.604678277347,127.298395640301
3611025025,세종특별자치시 조치원읍 정리,존재,세종특별자치시,조치원읍,정리,세종특별자치시 조치원읍 정리,36.5993810484765,127.299246973381
3611025026,세종특별자치시 조치원읍 명리,존재,세종특별자치시,조치원읍,명리,세종특별자치시 조치원읍 명리,36.600136226424,127.304221057301
3611025027,세종특별자치시 조치원읍 남리,존재,세종특별자치시,조치원읍,남리,세종특별자치시 조치원읍 남리,36.5953444145134,127.301917974426
3611025028,세종특별자치시 조치원읍 침산리,존재,세종특별자치시,조치원읍,침산리,세종특별자치시 조치원읍 침산리,36.6013779519125,127.290514766982
3611025029,세종특별자치시 조치원읍 신흥리,존재,세종특별자치시,조치원읍,신흥리,세종특별자치시 조치원읍 신흥리,36.5943927061477,127.288870387553
3611025030,세종특별자치시 조치원읍 죽림리,존재,세종특별자치시,조치원읍,죽림리,세종특별자치시 조치원읍 죽림리,36.5909505218485,127.296143569363
3611025031,세종특별자치시 조치원읍 번암리,존재,세종특별자치시,조치원읍,번암리,세종특별자치시 조치원읍 번암리,36.5832014214353,127.295854736621
3611025032,세종특별자치시 조치원읍 신안리,존재,세종특별자치시,조치원읍,신안리,세종특별자치시 조치원읍 신안리,36.6221699519581,127.28565148692
3611025033,세종특별자치시 조치원읍 봉산리,존재,세종특별자치시,조치원읍,봉산리,세종특별자치시 조치원읍 봉산리,36.6091546990323,127.27301762377
3611025034,세종특별자치시 조치원읍 서창리,존재,세종특별자치시,조치원읍,서창리,세종특별자치시 조치원읍 서창리,36.609426142508,127.290835566051
3611031021,세종특별자치시 연기면 연기리,존재,세종특별자치시,연기면,연기리,세종특별자치시 연기면 연기리,36.5463003043787,127.276767918836
3611031022,세종특별자치시 연기면 보통리,존재,세종특별자치시,연기면,보통리,세종특별자치시 연기면 보통리,36.5481511268879,127.286741467361
3611031023,세종특별자치시 연기면 눌왕리,존재,세종특별자치시,연기면,눌왕리,세종특별자치시 연기면 눌왕리,36.5449651846527,127.25306860279
3611031024,세종특별자치시 연기면 수산리,존재,세종특별자치시,연기면,수산리,세종특별자치시 연기면 수산리,36.5424480816349,127.226735441357
3611032021,세종특별자치시 연동면 내판리,존재,세종특별자치시,연동면,내판리,세종특별자치시 연동면 내판리,36.550671529783,127.327048737678
3611032022,세종특별자치시 연동면 문주리,존재,세종특별자치시,연동면,문주리,세종특별자치시 연동면 문주리,36.5512853731903,127.307688498028
3611032023,세종특별자치시 연동면 명학리,존재,세종특별자치시,연동면,명학리,세종특별자치시 연동면 명학리,36.5300185752968,127.34573864191
3611032024,세종특별자치시 연동면 응암리,존재,세종특별자치시,연동면,응암리,세종특별자치시 연동면 응암리,36.548566195063,127.346290317081
3611032025,세종특별자치시 연동면 노송리,존재,세종특별자치시,연동면,노송리,세종특별자치시 연동면 노송리,36.5653011297241,127.332763003885
3611032026,세종특별자치시 연동면 예양리,존재,세종특별자치시,연동면,예양리,세종특별자치시 연동면 예양리,36.5771411382544,127.314548405344
3611032027,세종특별자치시 연동면 송용리,존재,세종특별자치시,연동면,송용리,세종특별자치시 연동면 송용리,36.5637840425775,127.315361109636
3611032028,세종특별자치시 연동면 합강리,존재,세종특별자치시,연동면,합강리,세종특별자치시 연동면 합강리,36.5206185292197,127.347961020668
3611033021,세종특별자치시 부강면 부강리,존재,세종특별자치시,부강면,부강리,세종특별자치시 부강면 부강리,36.5279041496407,127.369297932083
3611033022,세종특별자치시 부강면 행산리,존재,세종특별자치시,부강면,행산리,세종특별자치시 부강면 행산리,36.552254671909,127.374582890426
3611033023,세종특별자치시 부강면 산수리,존재,세종특별자치시,부강면,산수리,세종특별자치시 부강면 산수리,36.5561195337686,127.361492641724
3611033024,세종특별자치시 부강면 갈산리,존재,세종특별자치시,부강면,갈산리,세종특별자치시 부강면 갈산리,36.543876551202,127.364459942623
3611033025,세종특별자치시 부강면 문곡리,존재,세종특별자치시,부강면,문곡리,세종특별자치시 부강면 문곡리,36.5302216337253,127.391971648068
3611033026,세종특별자치시 부강면 등곡리,존재,세종특별자치시,부강면,등곡리,세종특별자치시 부강면 등곡리,36.5131043986864,127.391670970662
3611033027,세종특별자치시 부강면 노호리,존재,세종특별자치시,부강면,노호리,세종특별자치시 부강면 노호리,36.4993951900407,127.397392582959
3611033028,세종특별자치시 부강면 금호리,존재,세종특별자치시,부강면,금호리,세종특별자치시 부강면 금호리,36.5017482436018,127.367258276735
3611034021,세종특별자치시 금남면 용포리,존재,세종특별자치시,금남면,용포리,세종특별자치시 금남면 용포리,36.4639849395168,127.281526782052
3611034022,세종특별자치시 금남면 발산리,존재,세종특별자치시,금남면,발산리,세종특별자치시 금남면 발산리,36.4548229338749,127.285656825778
3611034023,세종특별자치시 금남면 감성리,존재,세종특별자치시,금남면,감성리,세종특별자치시 금남면 감성리,36.440502410736,127.289829181545
3611034024,세종특별자치시 금남면 두만리,존재,세종특별자치시,금남면,두만리,세종특별자치시 금남면 두만리,36.430170490601,127.290227918992
3611034025,세종특별자치시 금남면 용담리,존재,세종특별자치시,금남면,용담리,세종특별자치시 금남면 용담리,36.4234214961603,127.286188508434
3611034026,세종특별자치시 금남면 축산리,존재,세종특별자치시,금남면,축산리,세종특별자치시 금남면 축산리,36.4358994630625,127.305648747644
3611034027,세종특별자치시 금남면 금천리,존재,세종특별자치시,금남면,금천리,세종특별자치시 금남면 금천리,36.4366816364734,127.324776462996
3611034028,세종특별자치시 금남면 영치리,존재,세종특별자치시,금남면,영치리,세종특별자치시 금남면 영치리,36.4569806131857,127.298065317148
3611034029,세종특별자치시 금남면 남곡리,존재,세종특별자치시,금남면,남곡리,세종특별자치시 금남면 남곡리,36.4641488278397,127.31132898487
3611034030,세종특별자치시 금남면 황용리,존재,세종특별자치시,금남면,황용리,세종특별자치시 금남면 황용리,36.474370102314,127.325393355422
3611034031,세종특별자치시 금남면 영대리,존재,세종특별자치시,금남면,영대리,세종특별자치시 금남면 영대리,36.4578862022858,127.331901894882
3611034032,세종특별자치시 금남면 달전리,존재,세종특별자치시,금남면,달전리,세종특별자치시 금남면 달전리,36.4605533974118,127.349660398424
3611034033,세종특별자치시 금남면 박산리,존재,세종특별자치시,금남면,박산리,세종특별자치시 금남면 박산리,36.4801362859136,127.35611786981
3611034034,세종특별자치시 금남면 대박리,존재,세종특별자치시,금남면,대박리,세종특별자치시 금남면 대박리,36.4824854477064,127.341684088211
3611034035,세종특별자치시 금남면 부용리,존재,세종특별자치시,금남면,부용리,세종특별자치시 금남면 부용리,36.4954998037729,127.342357344671
3611034036,세종특별자치시 금남면 장재리,존재,세종특별자치시,금남면,장재리,세종특별자치시 금남면 장재리,36.4756160366573,127.308219284088
3611034037,세종특별자치시 금남면 호탄리,존재,세종특별자치시,금남면,호탄리,세종특별자치시 금남면 호탄리,36.4717077940632,127.298617097716
3611034038,세종특별자치시 금남면 신촌리,존재,세종특별자치시,금남면,신촌리,세종특별자치시 금남면 신촌리,36.4673483781681,127.291901656526
3611034039,세종특별자치시 금남면 도암리,존재,세종특별자치시,금남면,도암리,세종특별자치시 금남면 도암리,36.4456489229001,127.274986743304
3611034040,세종특별자치시 금남면 성덕리,존재,세종특별자치시,금남면,성덕리,세종특별자치시 금남면 성덕리,36.4569731163893,127.267771104198
3611034041,세종특별자치시 금남면 영곡리,존재,세종특별자치시,금남면,영곡리,세종특별자치시 금남면 영곡리,36.4492317563023,127.258954741741
3611034042,세종특별자치시 금남면 성강리,존재,세종특별자치시,금남면,성강리,세종특별자치시 금남면 성강리,36.4201231065073,127.249264303956
3611034043,세종특별자치시 금남면 봉암리,존재,세종특별자치시,금남면,봉암리,세종특별자치시 금남면 봉암리,36.418745844725,127.277188795924
3611034044,세종특별자치시 금남면 국곡리,존재,세종특별자치시,금남면,국곡리,세종특별자치시 금남면 국곡리,36.4305539171376,127.264843312113
3611034045,세종특별자치시 금남면 원봉리,존재,세종특별자치시,금남면,원봉리,세종특별자치시 금남면 원봉리,36.4493258901801,127.243338716671
3611034046,세종특별자치시 금남면 도남리,존재,세종특별자치시,금남면,도남리,세종특별자치시 금남면 도남리,36.4346147334584,127.232764897644
3611035021,세종특별자치시 장군면 도계리,존재,세종특별자치시,장군면,도계리,세종특별자치시 장군면 도계리,36.4952639185425,127.208838247023
3611035022,세종특별자치시 장군면 평기리,존재,세종특별자치시,장군면,평기리,세종특별자치시 장군면 평기리,36.5116370382732,127.197723218259
3611035023,세종특별자치시 장군면 대교리,존재,세종특별자치시,장군면,대교리,세종특별자치시 장군면 대교리,36.5172075057501,127.215676141819
3611035024,세종특별자치시 장군면 봉안리,존재,세종특별자치시,장군면,봉안리,세종특별자치시 장군면 봉안리,36.4950145111816,127.228865025432
3611035025,세종특별자치시 장군면 금암리,존재,세종특별자치시,장군면,금암리,세종특별자치시 장군면 금암리,36.4540034346117,127.217888232756
3611035026,세종특별자치시 장군면 하봉리,존재,세종특별자치시,장군면,하봉리,세종특별자치시 장군면 하봉리,36.4962637319535,127.188558677355
3611035027,세종특별자치시 장군면 은용리,존재,세종특별자치시,장군면,은용리,세종특별자치시 장군면 은용리,36.4799992486538,127.20621733258
3611035028,세종특별자치시 장군면 산학리,존재,세종특별자치시,장군면,산학리,세종특별자치시 장군면 산학리,36.4799118411521,127.226588820937
3611035029,세종특별자치시 장군면 송문리,존재,세종특별자치시,장군면,송문리,세종특별자치시 장군면 송문리,36.5164313186328,127.188737098492
3611035030,세종특별자치시 장군면 송정리,존재,세종특별자치시,장군면,송정리,세종특별자치시 장군면 송정리,36.5063412835454,127.179858335552
3611035031,세종특별자치시 장군면 송학리,존재,세종특별자치시,장군면,송학리,세종특별자치시 장군면 송학리,36.5347212336438,127.18405128008
3611035032,세종특별자치시 장군면 용현리,존재,세종특별자치시,장군면,용현리,세종특별자치시 장군면 용현리,36.5397756705565,127.20353494454
3611035033,세종특별자치시 장군면 용암리,존재,세종특별자치시,장군면,용암리,세종특별자치시 장군면 용암리,36.5585643299099,127.208919109915
3611035034,세종특별자치시 장군면 태산리,존재,세종특별자치시,장군면,태산리,세종특별자치시 장군면 태산리,36.5546374842712,127.194870516428
3611036021,세종특별자치시 연서면 월하리,존재,세종특별자치시,연서면,월하리,세종특별자치시 연서면 월하리,36.5673580917962,127.297796228942
3611036022,세종특별자치시 연서면 쌍전리,존재,세종특별자치시,연서면,쌍전리,세종특별자치시 연서면 쌍전리,36.5780579845676,127.276206372769
3611036023,세종특별자치시 연서면 성제리,존재,세종특별자치시,연서면,성제리,세종특별자치시 연서면 성제리,36.5895704524298,127.262073437277
3611036024,세종특별자치시 연서면 고복리,존재,세종특별자치시,연서면,고복리,세종특별자치시 연서면 고복리,36.6077400735307,127.252509010452
3611036025,세종특별자치시 연서면 용암리,존재,세종특별자치시,연서면,용암리,세종특별자치시 연서면 용암리,36.6024731634952,127.227787221164
3611036026,세종특별자치시 연서면 쌍류리,존재,세종특별자치시,연서면,쌍류리,세종특별자치시 연서면 쌍류리,36.6053858515751,127.210015470418
3611036027,세종특별자치시 연서면 청라리,존재,세종특별자치시,연서면,청라리,세종특별자치시 연서면 청라리,36.5880929789918,127.202705202254
3611036028,세종특별자치시 연서면 기룡리,존재,세종특별자치시,연서면,기룡리,세종특별자치시 연서면 기룡리,36.5745772123606,127.229756536163
3611036029,세종특별자치시 연서면 신대리,존재,세종특별자치시,연서면,신대리,세종특별자치시 연서면 신대리,36.5923891450821,127.236246176721
3611036030,세종특별자치시 연서면 국촌리,존재,세종특별자치시,연서면,국촌리,세종특별자치시 연서면 국촌리,36.5717511638545,127.269386805166
3611036031,세종특별자치시 연서면 와촌리,존재,세종특별자치시,연서면,와촌리,세종특별자치시 연서면 와촌리,36.5603486690876,127.246622021543
3611036032,세종특별자치시 연서면 부동리,존재,세종특별자치시,연서면,부동리,세종특별자치시 연서면 부동리,36.5546555161932,127.268992365879
3611036033,세종특별자치시 연서면 봉암리,존재,세종특별자치시,연서면,봉암리,세종특별자치시 연서면 봉암리,36.5626212360336,127.286200648675
3611037021,세종특별자치시 전의면 읍내리,존재,세종특별자치시,전의면,읍내리,세종특별자치시 전의면 읍내리,36.6829936420763,127.198295186706
3611037022,세종특별자치시 전의면 동교리,존재,세종특별자치시,전의면,동교리,세종특별자치시 전의면 동교리,36.6795836416914,127.210955376825
3611037023,세종특별자치시 전의면 서정리,존재,세종특별자치시,전의면,서정리,세종특별자치시 전의면 서정리,36.693840909886,127.188628230856
3611037024,세종특별자치시 전의면 원성리,존재,세종특별자치시,전의면,원성리,세종특별자치시 전의면 원성리,36.669651576686,127.183642748715
3611037025,세종특별자치시 전의면 신흥리,존재,세종특별자치시,전의면,신흥리,세종특별자치시 전의면 신흥리,36.6635356709689,127.187641530563
3611037026,세종특별자치시 전의면 유천리,존재,세종특별자치시,전의면,유천리,세종특별자치시 전의면 유천리,36.6862856156376,127.169615895905
3611037027,세종특별자치시 전의면 관정리,존재,세종특별자치시,전의면,관정리,세종특별자치시 전의면 관정리,36.7051124750243,127.209995519819
3611037028,세종특별자치시 전의면 신정리,존재,세종특별자치시,전의면,신정리,세종특별자치시 전의면 신정리,36.6924711874999,127.223997318089
3611037029,세종특별자치시 전의면 노곡리,존재,세종특별자치시,전의면,노곡리,세종특별자치시 전의면 노곡리,36.6990001342096,127.23643323825
3611037030,세종특별자치시 전의면 신방리,존재,세종특별자치시,전의면,신방리,세종특별자치시 전의면 신방리,36.6571780362804,127.196121810699
3611037031,세종특별자치시 전의면 영당리,존재,세종특별자치시,전의면,영당리,세종특별자치시 전의면 영당리,36.6517534316135,127.170193255489
3611037032,세종특별자치시 전의면 양곡리,존재,세종특별자치시,전의면,양곡리,세종특별자치시 전의면 양곡리,36.6402655248072,127.180160225496
3611037033,세종특별자치시 전의면 달전리,존재,세종특별자치시,전의면,달전리,세종특별자치시 전의면 달전리,36.6234288279309,127.184771740131
3611037034,세종특별자치시 전의면 금사리,존재,세종특별자치시,전의면,금사리,세종특별자치시 전의면 금사리,36.6124079262848,127.166404604052
3611037035,세종특별자치시 전의면 다방리,존재,세종특별자치시,전의면,다방리,세종특별자치시 전의면 다방리,36.6027970719977,127.184293342136
3611038021,세종특별자치시 전동면 노장리,존재,세종특별자치시,전동면,노장리,세종특별자치시 전동면 노장리,36.6720312195461,127.279665165167
3611038022,세종특별자치시 전동면 봉대리,존재,세종특별자치시,전동면,봉대리,세종특별자치시 전동면 봉대리,36.6855973960528,127.262788241111
3611038023,세종특별자치시 전동면 청송리,존재,세종특별자치시,전동면,청송리,세종특별자치시 전동면 청송리,36.6710893528271,127.251033398076
3611038024,세종특별자치시 전동면 석곡리,존재,세종특별자치시,전동면,석곡리,세종특별자치시 전동면 석곡리,36.6558599259249,127.2528852697
3611038025,세종특별자치시 전동면 보덕리,존재,세종특별자치시,전동면,보덕리,세종특별자치시 전동면 보덕리,36.6440752207628,127.248454236706
3611038026,세종특별자치시 전동면 송곡리,존재,세종특별자치시,전동면,송곡리,세종특별자치시 전동면 송곡리,36.6277493827636,127.262314445108
3611038027,세종특별자치시 전동면 송정리,존재,세종특별자치시,전동면,송정리,세종특별자치시 전동면 송정리,36.6275048972105,127.237981137756
3611038028,세종특별자치시 전동면 청람리,존재,세종특별자치시,전동면,청람리,세종특별자치시 전동면 청람리,36.6517200481958,127.232580114389
3611038029,세종특별자치시 전동면 미곡리,존재,세종특별자치시,전동면,미곡리,세종특별자치시 전동면 미곡리,36.6745175282307,127.225681478536
3611038030,세종특별자치시 전동면 송성리,존재,세종특별자치시,전동면,송성리,세종특별자치시 전동면 송성리,36.6436056996605,127.213621536323
3611038031,세종특별자치시 전동면 심중리,존재,세종특별자치시,전동면,심중리,세종특별자치시 전동면 심중리,36.6675221889121,127.295980301257
3611039021,세종특별자치시 소정면 소정리,존재,세종특별자치시,소정면,소정리,세종특별자치시 소정면 소정리,36.7142044079772,127.149378133575
3611039022,세종특별자치시 소정면 운당리,존재,세종특별자치시,소정면,운당리,세종특별자치시 소정면 운당리,36.6989246023015,127.146729986165
3611039023,세종특별자치시 소정면 대곡리,존재,세종특별자치시,소정면,대곡리,세종특별자치시 소정면 대곡리,36.7218840056532,127.171919471238
3611039024,세종특별자치시 소정면 고등리,존재,세종특별자치시,소정면,고등리,세종특별자치시 소정면 고등리,36.7148656215388,127.193344779191
4111100000,경기도 수원시 장안구,존재,경기도,수원시,장안구,경기도 수원시 장안구,37.3039218321454,127.010273399584
4111112900,경기도 수원시 장안구 파장동,존재,경기도,수원시,장안구,경기도 수원시 장안구 파장동,37.3103196025955,126.997419023951
4111113000,경기도 수원시 장안구 정자동,존재,경기도,수원시,장안구,경기도 수원시 장안구 정자동,37.3017558325296,126.990841281045
4111113100,경기도 수원시 장안구 이목동,존재,경기도,수원시,장안구,경기도 수원시 장안구 이목동,37.3189026787409,126.97819910328
4111113200,경기도 수원시 장안구 율전동,존재,경기도,수원시,장안구,경기도 수원시 장안구 율전동,37.3028804285454,126.969789313003
4111113300,경기도 수원시 장안구 천천동,존재,경기도,수원시,장안구,경기도 수원시 장안구 천천동,37.2920047534449,126.977119691468
4111113400,경기도 수원시 장안구 영화동,존재,경기도,수원시,장안구,경기도 수원시 장안구 영화동,37.2931846908545,127.014029745892
4111113500,경기도 수원시 장안구 송죽동,존재,경기도,수원시,장안구,경기도 수원시 장안구 송죽동,37.3005053421739,127.006983971536
4111113600,경기도 수원시 장안구 조원동,존재,경기도,수원시,장안구,경기도 수원시 장안구 조원동,37.3019100094315,127.01653986805
4111113700,경기도 수원시 장안구 연무동,존재,경기도,수원시,장안구,경기도 수원시 장안구 연무동,37.2905417315214,127.021472428994
4111113800,경기도 수원시 장안구 상광교동,존재,경기도,수원시,장안구,경기도 수원시 장안구 상광교동,37.335316577422,127.01766207149
4111113900,경기도 수원시 장안구 하광교동,존재,경기도,수원시,장안구,경기도 수원시 장안구 하광교동,37.3176939490743,127.028167877793
4111300000,경기도 수원시 권선구,존재,경기도,수원시,권선구,경기도 수원시 권선구,37.2576307301331,126.971872538584
4111312600,경기도 수원시 권선구 세류동,존재,경기도,수원시,권선구,경기도 수원시 권선구 세류동,37.2621173861588,127.008053643212
4111312700,경기도 수원시 권선구 평동,존재,경기도,수원시,권선구,경기도 수원시 권선구 평동,37.2580664266839,126.994138199612
4111312800,경기도 수원시 권선구 고색동,존재,경기도,수원시,권선구,경기도 수원시 권선구 고색동,37.2461969588827,126.984144062997
4111312900,경기도 수원시 권선구 오목천동,존재,경기도,수원시,권선구,경기도 수원시 권선구 오목천동,37.2418690484092,126.969394427065
4111313000,경기도 수원시 권선구 평리동,존재,경기도,수원시,권선구,경기도 수원시 권선구 평리동,37.2426838805778,126.996113965501
4111313100,경기도 수원시 권선구 서둔동,존재,경기도,수원시,권선구,경기도 수원시 권선구 서둔동,37.2743991785223,126.981283287789
4111313200,경기도 수원시 권선구 구운동,존재,경기도,수원시,권선구,경기도 수원시 권선구 구운동,37.2771111447235,126.971432311497
4111313300,경기도 수원시 권선구 탑동,존재,경기도,수원시,권선구,경기도 수원시 권선구 탑동,37.2648972568593,126.974151635341
4111313400,경기도 수원시 권선구 금곡동,존재,경기도,수원시,권선구,경기도 수원시 권선구 금곡동,37.2727872043051,126.952320757237
4111313500,경기도 수원시 권선구 호매실동,존재,경기도,수원시,권선구,경기도 수원시 권선구 호매실동,37.26624745857,126.95705992348
4111313600,경기도 수원시 권선구 곡반정동,존재,경기도,수원시,권선구,경기도 수원시 권선구 곡반정동,37.2380090692736,127.030211826582
4111313700,경기도 수원시 권선구 권선동,존재,경기도,수원시,권선구,경기도 수원시 권선구 권선동,37.2576747662825,127.024596888703
4111313800,경기도 수원시 권선구 장지동,존재,경기도,수원시,권선구,경기도 수원시 권선구 장지동,37.2413968253858,127.010044011175
4111313900,경기도 수원시 권선구 대황교동,존재,경기도,수원시,권선구,경기도 수원시 권선구 대황교동,37.231200132497,127.014419418506
4111314000,경기도 수원시 권선구 입북동,존재,경기도,수원시,권선구,경기도 수원시 권선구 입북동,37.2932002332761,126.959543799173
4111314100,경기도 수원시 권선구 당수동,존재,경기도,수원시,권선구,경기도 수원시 권선구 당수동,37.2887192971878,126.940216969357
4111500000,경기도 수원시 팔달구,존재,경기도,수원시,팔달구,경기도 수원시 팔달구,37.2825587658538,127.020121509968
4111512000,경기도 수원시 팔달구 팔달로1가,존재,경기도,수원시,팔달구,경기도 수원시 팔달구 팔달로1가,37.2805481852065,127.016647952887
4111512100,경기도 수원시 팔달구 팔달로2가,존재,경기도,수원시,팔달구,경기도 수원시 팔달구 팔달로2가,37.2783964657951,127.016904565496
4111512200,경기도 수원시 팔달구 팔달로3가,존재,경기도,수원시,팔달구,경기도 수원시 팔달구 팔달로3가,37.2761873015247,127.015546513994
4111512300,경기도 수원시 팔달구 남창동,존재,경기도,수원시,팔달구,경기도 수원시 팔달구 남창동,37.2795287375535,127.012322295841
4111512400,경기도 수원시 팔달구 영동,존재,경기도,수원시,팔달구,경기도 수원시 팔달구 영동,37.2763274361672,127.018518742298
4111512500,경기도 수원시 팔달구 중동,존재,경기도,수원시,팔달구,경기도 수원시 팔달구 중동,37.2740859763993,127.016281217168
4111512600,경기도 수원시 팔달구 구천동,존재,경기도,수원시,팔달구,경기도 수원시 팔달구 구천동,37.2736568205913,127.018076107464
4111512700,경기도 수원시 팔달구 남수동,존재,경기도,수원시,팔달구,경기도 수원시 팔달구 남수동,37.279661217041,127.018943533342
4111512800,경기도 수원시 팔달구 매향동,존재,경기도,수원시,팔달구,경기도 수원시 팔달구 매향동,37.285557303707,127.020816958724
4111512900,경기도 수원시 팔달구 북수동,존재,경기도,수원시,팔달구,경기도 수원시 팔달구 북수동,37.2855291351344,127.01661296437
4111513000,경기도 수원시 팔달구 신풍동,존재,경기도,수원시,팔달구,경기도 수원시 팔달구 신풍동,37.2838355056378,127.014118222441
4111513100,경기도 수원시 팔달구 장안동,존재,경기도,수원시,팔달구,경기도 수원시 팔달구 장안동,37.2864846975775,127.012914341157
4111513200,경기도 수원시 팔달구 교동,존재,경기도,수원시,팔달구,경기도 수원시 팔달구 교동,37.273325896649,127.013065432691
4111513300,경기도 수원시 팔달구 매교동,존재,경기도,수원시,팔달구,경기도 수원시 팔달구 매교동,37.2710728946344,127.016289588053
4111513400,경기도 수원시 팔달구 매산로1가,존재,경기도,수원시,팔달구,경기도 수원시 팔달구 매산로1가,37.2673977627356,127.000947023048
4111513500,경기도 수원시 팔달구 매산로2가,존재,경기도,수원시,팔달구,경기도 수원시 팔달구 매산로2가,37.2652640268118,127.004148745817
4111513600,경기도 수원시 팔달구 매산로3가,존재,경기도,수원시,팔달구,경기도 수원시 팔달구 매산로3가,37.2710844479191,127.009484221759
4111513700,경기도 수원시 팔달구 고등동,존재,경기도,수원시,팔달구,경기도 수원시 팔달구 고등동,37.2734455492434,127.001168088516
4111513800,경기도 수원시 팔달구 화서동,존재,경기도,수원시,팔달구,경기도 수원시 팔달구 화서동,37.2767576637951,126.994759157061
4111513900,경기도 수원시 팔달구 지동,존재,경기도,수원시,팔달구,경기도 수원시 팔달구 지동,37.2815595456453,127.024708400375
4111514000,경기도 수원시 팔달구 우만동,존재,경기도,수원시,팔달구,경기도 수원시 팔달구 우만동,37.2853104025743,127.029391735447
4111514100,경기도 수원시 팔달구 인계동,존재,경기도,수원시,팔달구,경기도 수원시 팔달구 인계동,37.269640385835,127.0256380269
4111700000,경기도 수원시 영통구,존재,경기도,수원시,영통구,경기도 수원시 영통구,37.259603581297,127.04662480454
4111710100,경기도 수원시 영통구 매탄동,존재,경기도,수원시,영통구,경기도 수원시 영통구 매탄동,37.2704256011136,127.040340286559
4111710200,경기도 수원시 영통구 원천동,존재,경기도,수원시,영통구,경기도 수원시 영통구 원천동,37.2734624286596,127.053213432207
4111710300,경기도 수원시 영통구 이의동,존재,경기도,수원시,영통구,경기도 수원시 영통구 이의동,37.3036861320944,127.046372274239
4111710400,경기도 수원시 영통구 하동,존재,경기도,수원시,영통구,경기도 수원시 영통구 하동,37.2899942604673,127.074128958987
4111710500,경기도 수원시 영통구 영통동,존재,경기도,수원시,영통구,경기도 수원시 영통구 영통동,37.2663467845111,127.080545438494
4111710600,경기도 수원시 영통구 신동,존재,경기도,수원시,영통구,경기도 수원시 영통구 신동,37.2476019257225,127.045995242628
4111710700,경기도 수원시 영통구 망포동,존재,경기도,수원시,영통구,경기도 수원시 영통구 망포동,37.2407749027699,127.047776280369
4113100000,경기도 성남시 수정구,존재,경기도,성남시,수정구,경기도 성남시 수정구,37.4503896755506,127.145617389273
4113110100,경기도 성남시 수정구 신흥동,존재,경기도,성남시,수정구,경기도 성남시 수정구 신흥동,37.4431149209874,127.141137377657
4113110200,경기도 성남시 수정구 태평동,존재,경기도,성남시,수정구,경기도 성남시 수정구 태평동,37.4408182318508,127.125991008174
4113110300,경기도 성남시 수정구 수진동,존재,경기도,성남시,수정구,경기도 성남시 수정구 수진동,37.4385763091096,127.139027108809
4113110400,경기도 성남시 수정구 단대동,존재,경기도,성남시,수정구,경기도 성남시 수정구 단대동,37.4493897577627,127.155361716912
4113110500,경기도 성남시 수정구 산성동,존재,경기도,성남시,수정구,경기도 성남시 수정구 산성동,37.4522438484413,127.15002866944
4113110600,경기도 성남시 수정구 양지동,존재,경기도,성남시,수정구,경기도 성남시 수정구 양지동,37.4548459679088,127.160987909728
4113110700,경기도 성남시 수정구 복정동,존재,경기도,성남시,수정구,경기도 성남시 수정구 복정동,37.4658074787091,127.127149746638
4113110800,경기도 성남시 수정구 창곡동,존재,경기도,성남시,수정구,경기도 성남시 수정구 창곡동,37.4683098541632,127.147827065531
4113110900,경기도 성남시 수정구 신촌동,존재,경기도,성남시,수정구,경기도 성남시 수정구 신촌동,37.4581092778004,127.109079606758
4113111000,경기도 성남시 수정구 오야동,존재,경기도,성남시,수정구,경기도 성남시 수정구 오야동,37.4530218368562,127.111359718883
4113111100,경기도 성남시 수정구 심곡동,존재,경기도,성남시,수정구,경기도 성남시 수정구 심곡동,37.4468634389173,127.102359551351
4113111200,경기도 성남시 수정구 고등동,존재,경기도,성남시,수정구,경기도 성남시 수정구 고등동,37.4282637538218,127.101344503792
4113111300,경기도 성남시 수정구 상적동,존재,경기도,성남시,수정구,경기도 성남시 수정구 상적동,37.4214831902663,127.053955156249
4113111400,경기도 성남시 수정구 둔전동,존재,경기도,성남시,수정구,경기도 성남시 수정구 둔전동,37.4335648993108,127.113708186792
4113111500,경기도 성남시 수정구 시흥동,존재,경기도,성남시,수정구,경기도 성남시 수정구 시흥동,37.4220156950269,127.107911064005
4113111600,경기도 성남시 수정구 금토동,존재,경기도,성남시,수정구,경기도 성남시 수정구 금토동,37.4100535546779,127.075701946878
4113111700,경기도 성남시 수정구 사송동,존재,경기도,성남시,수정구,경기도 성남시 수정구 사송동,37.4147670113406,127.112730888795
4113300000,경기도 성남시 중원구,존재,경기도,성남시,중원구,경기도 성남시 중원구,37.4305990144627,127.137231710025
4113310100,경기도 성남시 중원구 성남동,존재,경기도,성남시,중원구,경기도 성남시 중원구 성남동,37.4353291482243,127.138944267643
4113310300,경기도 성남시 중원구 금광동,존재,경기도,성남시,중원구,경기도 성남시 중원구 금광동,37.4450553893091,127.162431497209
4113310400,경기도 성남시 중원구 은행동,존재,경기도,성남시,중원구,경기도 성남시 중원구 은행동,37.4521211053813,127.168879723867
4113310500,경기도 성남시 중원구 상대원동,존재,경기도,성남시,중원구,경기도 성남시 중원구 상대원동,37.4333251526037,127.164335999581
4113310600,경기도 성남시 중원구 여수동,존재,경기도,성남시,중원구,경기도 성남시 중원구 여수동,37.4211450154018,127.143744170308
4113310700,경기도 성남시 중원구 도촌동,존재,경기도,성남시,중원구,경기도 성남시 중원구 도촌동,37.4165024621994,127.152772405649
4113310800,경기도 성남시 중원구 갈현동,존재,경기도,성남시,중원구,경기도 성남시 중원구 갈현동,37.4203682785005,127.174574361606
4113310900,경기도 성남시 중원구 하대원동,존재,경기도,성남시,중원구,경기도 성남시 중원구 하대원동,37.4282778582399,127.146360901903
4113313200,경기도 성남시 중원구 중앙동,존재,경기도,성남시,중원구,경기도 성남시 중원구 중앙동,37.4429300831517,127.156279509281
4113500000,경기도 성남시 분당구,존재,경기도,성남시,분당구,경기도 성남시 분당구,37.3827531654052,127.118829944284
4113510100,경기도 성남시 분당구 분당동,존재,경기도,성남시,분당구,경기도 성남시 분당구 분당동,37.3701870959081,127.131129158742
4113510200,경기도 성남시 분당구 수내동,존재,경기도,성남시,분당구,경기도 성남시 분당구 수내동,37.3754592998365,127.118005540215
4113510300,경기도 성남시 분당구 정자동,존재,경기도,성남시,분당구,경기도 성남시 분당구 정자동,37.3614492169548,127.1115403336
4113510400,경기도 성남시 분당구 율동,존재,경기도,성남시,분당구,경기도 성남시 분당구 율동,37.386170090577,127.158569043741
4113510500,경기도 성남시 분당구 서현동,존재,경기도,성남시,분당구,경기도 성남시 분당구 서현동,37.3828105281478,127.126083586929
4113510600,경기도 성남시 분당구 이매동,존재,경기도,성남시,분당구,경기도 성남시 분당구 이매동,37.3995791810402,127.127177813535
4113510700,경기도 성남시 분당구 야탑동,존재,경기도,성남시,분당구,경기도 성남시 분당구 야탑동,37.4120856880184,127.130167470751
4113510800,경기도 성남시 분당구 판교동,존재,경기도,성남시,분당구,경기도 성남시 분당구 판교동,37.3898680691969,127.09878136729
4113510900,경기도 성남시 분당구 삼평동,존재,경기도,성남시,분당구,경기도 성남시 분당구 삼평동,37.4061209184774,127.116359386936
4113511000,경기도 성남시 분당구 백현동,존재,경기도,성남시,분당구,경기도 성남시 분당구 백현동,37.3885382845906,127.110839685197
4113511100,경기도 성남시 분당구 금곡동,존재,경기도,성남시,분당구,경기도 성남시 분당구 금곡동,37.351585342512,127.10701559073
4113511200,경기도 성남시 분당구 궁내동,존재,경기도,성남시,분당구,경기도 성남시 분당구 궁내동,37.3713693312789,127.092994884379
4113511300,경기도 성남시 분당구 동원동,존재,경기도,성남시,분당구,경기도 성남시 분당구 동원동,37.3575138423938,127.079992594825
4113511400,경기도 성남시 분당구 구미동,존재,경기도,성남시,분당구,경기도 성남시 분당구 구미동,37.3402676009462,127.12270368209
4113511500,경기도 성남시 분당구 운중동,존재,경기도,성남시,분당구,경기도 성남시 분당구 운중동,37.390471221413,127.077769102887
4113511600,경기도 성남시 분당구 대장동,존재,경기도,성남시,분당구,경기도 성남시 분당구 대장동,37.370948994797,127.063776987593
4113511700,경기도 성남시 분당구 석운동,존재,경기도,성남시,분당구,경기도 성남시 분당구 석운동,37.3789058254176,127.041857082732
4113511800,경기도 성남시 분당구 하산운동,존재,경기도,성남시,분당구,경기도 성남시 분당구 하산운동,37.3844301661674,127.078670706394
4115010100,경기도 의정부시 의정부동,존재,경기도,의정부시,의정부동,경기도 의정부시 의정부동,37.7346401263968,127.034033667251
4115010200,경기도 의정부시 호원동,존재,경기도,의정부시,호원동,경기도 의정부시 호원동,37.7141699194512,127.034477959332
4115010300,경기도 의정부시 장암동,존재,경기도,의정부시,장암동,경기도 의정부시 장암동,37.7263976740223,127.054270875497
4115010400,경기도 의정부시 신곡동,존재,경기도,의정부시,신곡동,경기도 의정부시 신곡동,37.7314238778053,127.056847377285
4115010500,경기도 의정부시 용현동,존재,경기도,의정부시,용현동,경기도 의정부시 용현동,37.7338683010294,127.079978282419
4115010600,경기도 의정부시 민락동,존재,경기도,의정부시,민락동,경기도 의정부시 민락동,37.7403538413428,127.096358976229
4115010700,경기도 의정부시 낙양동,존재,경기도,의정부시,낙양동,경기도 의정부시 낙양동,37.7588360460209,127.110976788335
4115010800,경기도 의정부시 자일동,존재,경기도,의정부시,자일동,경기도 의정부시 자일동,37.767925063445,127.094338186332
4115010900,경기도 의정부시 금오동,존재,경기도,의정부시,금오동,경기도 의정부시 금오동,37.7553882118649,127.059748029924
4115011000,경기도 의정부시 가능동,존재,경기도,의정부시,가능동,경기도 의정부시 가능동,37.7506435264153,127.038616105186
4115011100,경기도 의정부시 녹양동,존재,경기도,의정부시,녹양동,경기도 의정부시 녹양동,37.7601308014542,127.03232037874
4115011200,경기도 의정부시 고산동,존재,경기도,의정부시,고산동,경기도 의정부시 고산동,37.7222523746944,127.095337368279
4115011300,경기도 의정부시 산곡동,존재,경기도,의정부시,산곡동,경기도 의정부시 산곡동,37.7246169395578,127.111311374423
4117100000,경기도 안양시 만안구,존재,경기도,안양시,만안구,경기도 안양시 만안구,37.3867040506793,126.932510436351
4117110100,경기도 안양시 만안구 안양동,존재,경기도,안양시,만안구,경기도 안양시 만안구 안양동,37.3861273838986,126.915649986285
4117110200,경기도 안양시 만안구 석수동,존재,경기도,안양시,만안구,경기도 안양시 만안구 석수동,37.419587610453,126.91063733651
4117110300,경기도 안양시 만안구 박달동,존재,경기도,안양시,만안구,경기도 안양시 만안구 박달동,37.4035771458391,126.909124825885
4117300000,경기도 안양시 동안구,존재,경기도,안양시,동안구,경기도 안양시 동안구,37.392606021495,126.951422855867
4117310100,경기도 안양시 동안구 비산동,존재,경기도,안양시,동안구,경기도 안양시 동안구 비산동,37.3998702682225,126.933356967257
4117310200,경기도 안양시 동안구 관양동,존재,경기도,안양시,동안구,경기도 안양시 동안구 관양동,37.4060457499298,126.961457538379
4117310300,경기도 안양시 동안구 평촌동,존재,경기도,안양시,동안구,경기도 안양시 동안구 평촌동,37.3946500875002,126.977074976104
4117310400,경기도 안양시 동안구 호계동,존재,경기도,안양시,동안구,경기도 안양시 동안구 호계동,37.375092351174,126.957201177225
4119200000,경기도 부천시 원미구 ,존재,경기도,부천시,원미구,경기도 부천시 원미구 ,37.4965957109918,126.787016804225
4119210100,경기도 부천시 원미구 원미동,존재,경기도,부천시,원미구,경기도 부천시 원미구 원미동,37.4945152063197,126.78847467442
4119210200,경기도 부천시 원미구 심곡동,존재,경기도,부천시,원미구,경기도 부천시 원미구 심곡동,37.4911478996836,126.78385709779
4119210300,경기도 부천시 원미구 춘의동,존재,경기도,부천시,원미구,경기도 부천시 원미구 춘의동,37.5026880955634,126.785904754648
4119210400,경기도 부천시 원미구 도당동,존재,경기도,부천시,원미구,경기도 부천시 원미구 도당동,37.516268049592,126.785924784297
4119210500,경기도 부천시 원미구 약대동,존재,경기도,부천시,원미구,경기도 부천시 원미구 약대동,37.5132817149291,126.771283379886
4119210600,경기도 부천시 원미구 소사동,존재,경기도,부천시,원미구,경기도 부천시 원미구 소사동,37.4858944080458,126.794618231381
4119210700,경기도 부천시 원미구 역곡동,존재,경기도,부천시,원미구,경기도 부천시 원미구 역곡동,37.489286049949,126.816680853404
4119210800,경기도 부천시 원미구 중동,존재,경기도,부천시,원미구,경기도 부천시 원미구 중동,37.4878421325001,126.768185927414
4119210900,경기도 부천시 원미구 상동,존재,경기도,부천시,원미구,경기도 부천시 원미구 상동,37.4949021135947,126.760804751664
4119400000,경기도 부천시 소사구 ,존재,경기도,부천시,소사구,경기도 부천시 소사구 ,37.4800578251827,126.79995251998
4119410100,경기도 부천시 소사구 소사본동,존재,경기도,부천시,소사구,경기도 부천시 소사구 소사본동,37.4762277086984,126.792162031052
4119410200,경기도 부천시 소사구 심곡본동,존재,경기도,부천시,소사구,경기도 부천시 소사구 심곡본동,37.4807108086724,126.780043113587
4119410300,경기도 부천시 소사구 범박동,존재,경기도,부천시,소사구,경기도 부천시 소사구 범박동,37.4705881439793,126.809722248791
4119410400,경기도 부천시 소사구 괴안동,존재,경기도,부천시,소사구,경기도 부천시 소사구 괴안동,37.4783719195825,126.806921315937
4119410500,경기도 부천시 소사구 송내동,존재,경기도,부천시,소사구,경기도 부천시 소사구 송내동,37.4839506166476,126.756068319829
4119410600,경기도 부천시 소사구 옥길동,존재,경기도,부천시,소사구,경기도 부천시 소사구 옥길동,37.461734583362,126.815251595645
4119410700,경기도 부천시 소사구 계수동,존재,경기도,부천시,소사구,경기도 부천시 소사구 계수동,37.4652118751889,126.808085534087
4119600000,경기도 부천시 오정구 ,존재,경기도,부천시,오정구,경기도 부천시 오정구 ,37.5283804980603,126.795755306715
4119610100,경기도 부천시 오정구 오정동,존재,경기도,부천시,오정구,경기도 부천시 오정구 오정동,37.5289195819329,126.790771456185
4119610200,경기도 부천시 오정구 여월동,존재,경기도,부천시,오정구,경기도 부천시 오정구 여월동,37.5128190218343,126.798213723457
4119610300,경기도 부천시 오정구 작동,존재,경기도,부천시,오정구,경기도 부천시 오정구 작동,37.513291343602,126.815988741765
4119610400,경기도 부천시 오정구 원종동,존재,경기도,부천시,오정구,경기도 부천시 오정구 원종동,37.5259638814997,126.805278275373
4119610500,경기도 부천시 오정구 고강동,존재,경기도,부천시,오정구,경기도 부천시 오정구 고강동,37.5295501272997,126.812115826118
4119610600,경기도 부천시 오정구 대장동,존재,경기도,부천시,오정구,경기도 부천시 오정구 대장동,37.5420606337393,126.775549618468
4119610700,경기도 부천시 오정구 삼정동,존재,경기도,부천시,오정구,경기도 부천시 오정구 삼정동,37.5241721607673,126.767154981449
4119610800,경기도 부천시 오정구 내동,존재,경기도,부천시,오정구,경기도 부천시 오정구 내동,37.520879394672,126.781020261773
4121010100,경기도 광명시 광명동,존재,경기도,광명시,광명동,경기도 광명시 광명동,37.4886276698912,126.862684820612
4121010200,경기도 광명시 철산동,존재,경기도,광명시,철산동,경기도 광명시 철산동,37.4907492268668,126.867941213494
4121010300,경기도 광명시 하안동,존재,경기도,광명시,하안동,경기도 광명시 하안동,37.4651620028155,126.869225117896
4121010400,경기도 광명시 소하동,존재,경기도,광명시,소하동,경기도 광명시 소하동,37.4522110542154,126.885011358569
4121010500,경기도 광명시 노온사동,존재,경기도,광명시,노온사동,경기도 광명시 노온사동,37.4406866721116,126.850780888447
4121010600,경기도 광명시 일직동,존재,경기도,광명시,일직동,경기도 광명시 일직동,37.4191474463948,126.881419847337
4121010700,경기도 광명시 가학동,존재,경기도,광명시,가학동,경기도 광명시 가학동,37.4147979908055,126.859037771128
4121010800,경기도 광명시 옥길동,존재,경기도,광명시,옥길동,경기도 광명시 옥길동,37.4664080619692,126.836618006003
4122010100,경기도 평택시 서정동,존재,경기도,평택시,서정동,경기도 평택시 서정동,37.067768614195,127.054711085274
4122010200,경기도 평택시 장당동,존재,경기도,평택시,장당동,경기도 평택시 장당동,37.0456706763472,127.062051467923
4122010300,경기도 평택시 모곡동,존재,경기도,평택시,모곡동,경기도 평택시 모곡동,37.0344065332417,127.075664631417
4122010400,경기도 평택시 칠괴동,존재,경기도,평택시,칠괴동,경기도 평택시 칠괴동,37.0286788821221,127.086785263598
4122010500,경기도 평택시 칠원동,존재,경기도,평택시,칠원동,경기도 평택시 칠원동,37.0246265270638,127.10590790441
4122010600,경기도 평택시 도일동,존재,경기도,평택시,도일동,경기도 평택시 도일동,37.0533939971946,127.108218820566
4122010700,경기도 평택시 가재동,존재,경기도,평택시,가재동,경기도 평택시 가재동,37.0449553961212,127.082478213738
4122010800,경기도 평택시 장안동,존재,경기도,평택시,장안동,경기도 평택시 장안동,37.0569272304926,127.084807199986
4122010900,경기도 평택시 이충동,존재,경기도,평택시,이충동,경기도 평택시 이충동,37.0580842473489,127.067952926886
4122011000,경기도 평택시 지산동,존재,경기도,평택시,지산동,경기도 평택시 지산동,37.0774051123925,127.057583461173
4122011100,경기도 평택시 독곡동,존재,경기도,평택시,독곡동,경기도 평택시 독곡동,37.0879336316756,127.070184064725
4122011200,경기도 평택시 신장동,존재,경기도,평택시,신장동,경기도 평택시 신장동,37.0854023760524,127.051097700349
4122011300,경기도 평택시 평택동,존재,경기도,평택시,평택동,경기도 평택시 평택동,36.9910828663656,127.085861850038
4122011400,경기도 평택시 통복동,존재,경기도,평택시,통복동,경기도 평택시 통복동,37.0008027064571,127.087288337454
4122011500,경기도 평택시 군문동,존재,경기도,평택시,군문동,경기도 평택시 군문동,36.9825314540798,127.088484999309
4122011600,경기도 평택시 유천동,존재,경기도,평택시,유천동,경기도 평택시 유천동,36.9769317263713,127.11612046132
4122011700,경기도 평택시 합정동,존재,경기도,평택시,합정동,경기도 평택시 합정동,36.9860841859554,127.099061077826
4122011800,경기도 평택시 비전동,존재,경기도,평택시,비전동,경기도 평택시 비전동,37.0006091586058,127.095251177566
4122011900,경기도 평택시 동삭동,존재,경기도,평택시,동삭동,경기도 평택시 동삭동,37.0138927319355,127.097667874173
4122012000,경기도 평택시 세교동,존재,경기도,평택시,세교동,경기도 평택시 세교동,36.9998365845904,127.082474392867
4122012100,경기도 평택시 지제동,존재,경기도,평택시,지제동,경기도 평택시 지제동,37.0163911669229,127.065218930238
4122012200,경기도 평택시 신대동,존재,경기도,평택시,신대동,경기도 평택시 신대동,36.9984964060497,127.063913951298
4122012300,경기도 평택시 소사동,존재,경기도,평택시,소사동,경기도 평택시 소사동,36.9820351949677,127.130280325621
4122012400,경기도 평택시 용이동,존재,경기도,평택시,용이동,경기도 평택시 용이동,37.0036183281673,127.14248240822
4122012500,경기도 평택시 월곡동,존재,경기도,평택시,월곡동,경기도 평택시 월곡동,37.0235268655698,127.140901316289
4122012600,경기도 평택시 청룡동,존재,경기도,평택시,청룡동,경기도 평택시 청룡동,37.0256313784908,127.121723763273
4122012700,경기도 평택시 죽백동,존재,경기도,평택시,죽백동,경기도 평택시 죽백동,37.006119302628,127.123566706371
4122012800,경기도 평택시 고덕동,존재,경기도,평택시,고덕동,경기도 평택시 고덕동,37.0495355509021,127.032124505836
4122025000,경기도 평택시 팽성읍,존재,경기도,평택시,팽성읍,경기도 평택시 팽성읍,36.9651318147252,127.062439708927
4122025021,경기도 평택시 팽성읍 객사리,존재,경기도,평택시,팽성읍,경기도 평택시 팽성읍 객사리,36.9655323710751,127.061532699458
4122025022,경기도 평택시 팽성읍 남산리,존재,경기도,평택시,팽성읍,경기도 평택시 팽성읍 남산리,36.9544572579302,127.066252932466
4122025023,경기도 평택시 팽성읍 추팔리,존재,경기도,평택시,팽성읍,경기도 평택시 팽성읍 추팔리,36.9628177438939,127.080530006477
4122025024,경기도 평택시 팽성읍 노와리,존재,경기도,평택시,팽성읍,경기도 평택시 팽성읍 노와리,36.9528184658982,127.091580855252
4122025025,경기도 평택시 팽성읍 평궁리,존재,경기도,평택시,팽성읍,경기도 평택시 팽성읍 평궁리,36.9735885048869,127.089256294727
4122025026,경기도 평택시 팽성읍 신궁리,존재,경기도,평택시,팽성읍,경기도 평택시 팽성읍 신궁리,36.9816758731609,127.068756502977
4122025027,경기도 평택시 팽성읍 두리,존재,경기도,평택시,팽성읍,경기도 평택시 팽성읍 두리,36.9734523104011,127.066031305327
4122025028,경기도 평택시 팽성읍 신호리,존재,경기도,평택시,팽성읍,경기도 평택시 팽성읍 신호리,36.9857869204064,127.058075953672
4122025029,경기도 평택시 팽성읍 근내리,존재,경기도,평택시,팽성읍,경기도 평택시 팽성읍 근내리,36.973567837111,127.051027331761
4122025030,경기도 평택시 팽성읍 석봉리,존재,경기도,평택시,팽성읍,경기도 평택시 팽성읍 석봉리,36.9878430048828,127.046197821218
4122025031,경기도 평택시 팽성읍 원정리,존재,경기도,평택시,팽성읍,경기도 평택시 팽성읍 원정리,36.9760051174366,127.039640773009
4122025032,경기도 평택시 팽성읍 도두리,존재,경기도,평택시,팽성읍,경기도 평택시 팽성읍 도두리,36.9715637920275,126.993450488436
4122025033,경기도 평택시 팽성읍 함정리,존재,경기도,평택시,팽성읍,경기도 평택시 팽성읍 함정리,36.9557040242993,127.03234554096
4122025034,경기도 평택시 팽성읍 신대리,존재,경기도,평택시,팽성읍,경기도 평택시 팽성읍 신대리,36.9465353278852,126.998706692659
4122025035,경기도 평택시 팽성읍 본정리,존재,경기도,평택시,팽성읍,경기도 평택시 팽성읍 본정리,36.9455718869387,127.016040401511
4122025036,경기도 평택시 팽성읍 노양리,존재,경기도,평택시,팽성읍,경기도 평택시 팽성읍 노양리,36.938317374557,126.998536205152
4122025037,경기도 평택시 팽성읍 노성리,존재,경기도,평택시,팽성읍,경기도 평택시 팽성읍 노성리,36.9367645220553,127.026621667119
4122025038,경기도 평택시 팽성읍 두정리,존재,경기도,평택시,팽성읍,경기도 평택시 팽성읍 두정리,36.9450893799294,127.031622562688
4122025039,경기도 평택시 팽성읍 석근리,존재,경기도,평택시,팽성읍,경기도 평택시 팽성읍 석근리,36.9379586117199,127.046616706766
4122025040,경기도 평택시 팽성읍 대사리,존재,경기도,평택시,팽성읍,경기도 평택시 팽성읍 대사리,36.9443162858237,127.069589587584
4122025041,경기도 평택시 팽성읍 안정리,존재,경기도,평택시,팽성읍,경기도 평택시 팽성읍 안정리,36.9602340398327,127.045372674994
4122025042,경기도 평택시 팽성읍 동창리,존재,경기도,평택시,팽성읍,경기도 평택시 팽성읍 동창리,36.9697893210657,127.034170766228
4122025043,경기도 평택시 팽성읍 내리,존재,경기도,평택시,팽성읍,경기도 평택시 팽성읍 내리,36.9730609765057,127.023894056312
4122025044,경기도 평택시 팽성읍 대추리,존재,경기도,평택시,팽성읍,경기도 평택시 팽성읍 대추리,36.9622848254472,127.01919250094
4122025045,경기도 평택시 팽성읍 송화리,존재,경기도,평택시,팽성읍,경기도 평택시 팽성읍 송화리,36.9515902699808,127.046723813446
4122025300,경기도 평택시 안중읍,존재,경기도,평택시,안중읍,경기도 평택시 안중읍,36.9861235830997,126.931167606861
4122025321,경기도 평택시 안중읍 안중리,존재,경기도,평택시,안중읍,경기도 평택시 안중읍 안중리,36.9888110441323,126.935128129221
4122025322,경기도 평택시 안중읍 학현리,존재,경기도,평택시,안중읍,경기도 평택시 안중읍 학현리,36.9962826208308,126.922741989639
4122025323,경기도 평택시 안중읍 금곡리,존재,경기도,평택시,안중읍,경기도 평택시 안중읍 금곡리,36.9971181680237,126.948017769838
4122025324,경기도 평택시 안중읍 대반리,존재,경기도,평택시,안중읍,경기도 평택시 안중읍 대반리,36.9813934932123,126.9504545258
4122025325,경기도 평택시 안중읍 삼정리,존재,경기도,평택시,안중읍,경기도 평택시 안중읍 삼정리,36.9681698531901,126.96215107456
4122025326,경기도 평택시 안중읍 용성리,존재,경기도,평택시,안중읍,경기도 평택시 안중읍 용성리,37.0112518802718,126.942682217485
4122025327,경기도 평택시 안중읍 덕우리,존재,경기도,평택시,안중읍,경기도 평택시 안중읍 덕우리,37.0093921115669,126.918189435837
4122025328,경기도 평택시 안중읍 성해리,존재,경기도,평택시,안중읍,경기도 평택시 안중읍 성해리,36.997506837567,126.906010912401
4122025329,경기도 평택시 안중읍 송담리,존재,경기도,평택시,안중읍,경기도 평택시 안중읍 송담리,36.9765848469291,126.934621880839
4122025330,경기도 평택시 안중읍 현화리,존재,경기도,평택시,안중읍,경기도 평택시 안중읍 현화리,36.981030841615,126.914791898797
4122025600,경기도 평택시 포승읍,존재,경기도,평택시,포승읍,경기도 평택시 포승읍,36.9828189890725,126.885294803342
4122025621,경기도 평택시 포승읍 내기리,존재,경기도,평택시,포승읍,경기도 평택시 포승읍 내기리,36.9766778597122,126.862195023176
4122025622,경기도 평택시 포승읍 도곡리,존재,경기도,평택시,포승읍,경기도 평택시 포승읍 도곡리,36.9955930208455,126.861859834317
4122025623,경기도 평택시 포승읍 원정리,존재,경기도,평택시,포승읍,경기도 평택시 포승읍 원정리,36.9960641119591,126.815921358108
4122025624,경기도 평택시 포승읍 만호리,존재,경기도,평택시,포승읍,경기도 평택시 포승읍 만호리,36.962644023566,126.854377998621
4122025625,경기도 평택시 포승읍 희곡리,존재,경기도,평택시,포승읍,경기도 평택시 포승읍 희곡리,36.959596543382,126.871554476685
4122025626,경기도 평택시 포승읍 신영리,존재,경기도,평택시,포승읍,경기도 평택시 포승읍 신영리,36.9513192271403,126.883886993249
4122025627,경기도 평택시 포승읍 방림리,존재,경기도,평택시,포승읍,경기도 평택시 포승읍 방림리,36.9727039494114,126.887749240749
4122025628,경기도 평택시 포승읍 석정리,존재,경기도,평택시,포승읍,경기도 평택시 포승읍 석정리,36.9955638507864,126.878000641191
4122025629,경기도 평택시 포승읍 홍원리,존재,경기도,평택시,포승읍,경기도 평택시 포승읍 홍원리,37.0176743166738,126.87261195942
4122025900,경기도 평택시 청북읍,존재,경기도,평택시,청북읍,경기도 평택시 청북읍,37.0398153105498,126.934275457083
4122025921,경기도 평택시 청북읍 현곡리,존재,경기도,평택시,청북읍,경기도 평택시 청북읍 현곡리,37.0440773302009,126.937482204521
4122025922,경기도 평택시 청북읍 삼계리,존재,경기도,평택시,청북읍,경기도 평택시 청북읍 삼계리,37.0441946864905,126.912216863148
4122025923,경기도 평택시 청북읍 고잔리,존재,경기도,평택시,청북읍,경기도 평택시 청북읍 고잔리,37.0511402143019,126.886743462533
4122025924,경기도 평택시 청북읍 옥길리,존재,경기도,평택시,청북읍,경기도 평택시 청북읍 옥길리,37.0251074301469,126.908966274189
4122025925,경기도 평택시 청북읍 후사리,존재,경기도,평택시,청북읍,경기도 평택시 청북읍 후사리,37.0294677807341,126.93507109122
4122025926,경기도 평택시 청북읍 토진리,존재,경기도,평택시,청북읍,경기도 평택시 청북읍 토진리,37.0370230388281,126.961258197386
4122025927,경기도 평택시 청북읍 백봉리,존재,경기도,평택시,청북읍,경기도 평택시 청북읍 백봉리,37.0331901525782,126.987843498733
4122025928,경기도 평택시 청북읍 어연리,존재,경기도,평택시,청북읍,경기도 평택시 청북읍 어연리,37.0455523106236,126.982895403675
4122025929,경기도 평택시 청북읍 율북리,존재,경기도,평택시,청북읍,경기도 평택시 청북읍 율북리,37.0623301068831,126.981528905383
4122025930,경기도 평택시 청북읍 한산리,존재,경기도,평택시,청북읍,경기도 평택시 청북읍 한산리,37.0547464128856,126.964532012898
4122025931,경기도 평택시 청북읍 어소리,존재,경기도,평택시,청북읍,경기도 평택시 청북읍 어소리,37.0552463155027,126.951287973824
4122025932,경기도 평택시 청북읍 고렴리,존재,경기도,평택시,청북읍,경기도 평택시 청북읍 고렴리,37.0562707605427,126.925181606585
4122031000,경기도 평택시 진위면,존재,경기도,평택시,진위면,경기도 평택시 진위면,37.1001416853059,127.090848944811
4122031021,경기도 평택시 진위면 봉남리,존재,경기도,평택시,진위면,경기도 평택시 진위면 봉남리,37.1016571547793,127.093330138009
4122031022,경기도 평택시 진위면 마산리,존재,경기도,평택시,진위면,경기도 평택시 진위면 마산리,37.0882503533652,127.091941502825
4122031023,경기도 평택시 진위면 은산리,존재,경기도,평택시,진위면,경기도 평택시 진위면 은산리,37.088941914572,127.113299264075
4122031024,경기도 평택시 진위면 동천리,존재,경기도,평택시,진위면,경기도 평택시 진위면 동천리,37.1232172997633,127.106778774766
4122031025,경기도 평택시 진위면 고현리,존재,경기도,평택시,진위면,경기도 평택시 진위면 고현리,37.1325458124165,127.09310696611
4122031026,경기도 평택시 진위면 청호리,존재,경기도,평택시,진위면,경기도 평택시 진위면 청호리,37.1237444053931,127.088167485086
4122031027,경기도 평택시 진위면 갈곶리,존재,경기도,평택시,진위면,경기도 평택시 진위면 갈곶리,37.1225393565644,127.074167900521
4122031028,경기도 평택시 진위면 야막리,존재,경기도,평택시,진위면,경기도 평택시 진위면 야막리,37.118713316198,127.058253844875
4122031029,경기도 평택시 진위면 가곡리,존재,경기도,평택시,진위면,경기도 평택시 진위면 가곡리,37.1173504254494,127.077920938016
4122031030,경기도 평택시 진위면 견산리,존재,경기도,평택시,진위면,경기도 평택시 진위면 견산리,37.103382089088,127.075161694619
4122031031,경기도 평택시 진위면 하북리,존재,경기도,평택시,진위면,경기도 평택시 진위면 하북리,37.1033768448609,127.058939582
4122031032,경기도 평택시 진위면 신리,존재,경기도,평택시,진위면,경기도 평택시 진위면 신리,37.0969676390447,127.067249715609
4122032000,경기도 평택시 서탄면,존재,경기도,평택시,서탄면,경기도 평택시 서탄면,37.1082411769342,127.035321910042
4122032021,경기도 평택시 서탄면 금암리,존재,경기도,평택시,서탄면,경기도 평택시 서탄면 금암리,37.1060711538224,127.036171412013
4122032022,경기도 평택시 서탄면 사리,존재,경기도,평택시,서탄면,경기도 평택시 서탄면 사리,37.117763980438,127.044944421138
4122032023,경기도 평택시 서탄면 수월암리,존재,경기도,평택시,서탄면,경기도 평택시 서탄면 수월암리,37.1234917166238,127.032083714706
4122032024,경기도 평택시 서탄면 내천리,존재,경기도,평택시,서탄면,경기도 평택시 서탄면 내천리,37.1210988449938,127.009532992391
4122032025,경기도 평택시 서탄면 마두리,존재,경기도,평택시,서탄면,경기도 평택시 서탄면 마두리,37.1076260094359,127.010836345116
4122032026,경기도 평택시 서탄면 회화리,존재,경기도,평택시,서탄면,경기도 평택시 서탄면 회화리,37.0981828574285,127.010533527918
4122032027,경기도 평택시 서탄면 적봉리,존재,경기도,평택시,서탄면,경기도 평택시 서탄면 적봉리,37.0873830619529,127.036005066396
4122032028,경기도 평택시 서탄면 장등리,존재,경기도,평택시,서탄면,경기도 평택시 서탄면 장등리,37.0823864380859,127.026479059462
4122032029,경기도 평택시 서탄면 금각리,존재,경기도,평택시,서탄면,경기도 평택시 서탄면 금각리,37.0808574609544,127.005200336104
4122032030,경기도 평택시 서탄면 황구지리,존재,경기도,평택시,서탄면,경기도 평택시 서탄면 황구지리,37.0769901509811,126.997336987359
4122033000,경기도 평택시 고덕면,존재,경기도,평택시,고덕면,경기도 평택시 고덕면,37.0346647290345,127.007035980899
4122033021,경기도 평택시 고덕면 당현리,존재,경기도,평택시,고덕면,경기도 평택시 고덕면 당현리,37.0664071923899,127.032343011634
4122033022,경기도 평택시 고덕면 두릉리,존재,경기도,평택시,고덕면,경기도 평택시 고덕면 두릉리,37.0606066896241,127.021803224006
4122033023,경기도 평택시 고덕면 문곡리,존재,경기도,평택시,고덕면,경기도 평택시 고덕면 문곡리,37.0635461471375,127.003229232453
4122033024,경기도 평택시 고덕면 동청리,존재,경기도,평택시,고덕면,경기도 평택시 고덕면 동청리,37.0420825868343,127.001758042278
4122033025,경기도 평택시 고덕면 해창리,존재,경기도,평택시,고덕면,경기도 평택시 고덕면 해창리,37.0318919277767,127.017537612481
4122033026,경기도 평택시 고덕면 궁리,존재,경기도,평택시,고덕면,경기도 평택시 고덕면 궁리,37.0194477415716,127.028367551705
4122033027,경기도 평택시 고덕면 동고리,존재,경기도,평택시,고덕면,경기도 평택시 고덕면 동고리,37.0029817826354,127.044674536438
4122033028,경기도 평택시 고덕면 방축리,존재,경기도,평택시,고덕면,경기도 평택시 고덕면 방축리,37.017868182309,127.043199951178
4122033029,경기도 평택시 고덕면 여염리,존재,경기도,평택시,고덕면,경기도 평택시 고덕면 여염리,37.024492782252,127.052472875568
4122033031,경기도 평택시 고덕면 좌교리,존재,경기도,평택시,고덕면,경기도 평택시 고덕면 좌교리,37.0478346290488,127.010184824056
4122034000,경기도 평택시 오성면,존재,경기도,평택시,오성면,경기도 평택시 오성면,37.0071875964442,126.980306346674
4122034021,경기도 평택시 오성면 숙성리,존재,경기도,평택시,오성면,경기도 평택시 오성면 숙성리,37.0025881932925,126.97867173709
4122034022,경기도 평택시 오성면 교포리,존재,경기도,평택시,오성면,경기도 평택시 오성면 교포리,37.0025901036666,127.001177413624
4122034023,경기도 평택시 오성면 신리,존재,경기도,평택시,오성면,경기도 평택시 오성면 신리,37.0092212266164,127.014143673717
4122034024,경기도 평택시 오성면 안화리,존재,경기도,평택시,오성면,경기도 평택시 오성면 안화리,37.0189717000206,127.003699310675
4122034025,경기도 평택시 오성면 양교리,존재,경기도,평택시,오성면,경기도 평택시 오성면 양교리,37.0229142399923,126.96825980316
4122034026,경기도 평택시 오성면 죽리,존재,경기도,평택시,오성면,경기도 평택시 오성면 죽리,37.0061703884216,126.962177184945
4122034027,경기도 평택시 오성면 길음리,존재,경기도,평택시,오성면,경기도 평택시 오성면 길음리,36.9844989360193,126.966851525864
4122034028,경기도 평택시 오성면 당거리,존재,경기도,평택시,오성면,경기도 평택시 오성면 당거리,36.9880284705698,127.005679263715
4122034029,경기도 평택시 오성면 창내리,존재,경기도,평택시,오성면,경기도 평택시 오성면 창내리,36.9912267382856,127.024452410528
4122037000,경기도 평택시 현덕면,존재,경기도,평택시,현덕면,경기도 평택시 현덕면,36.967338999631,126.921562935075
4122037021,경기도 평택시 현덕면 도대리,존재,경기도,평택시,현덕면,경기도 평택시 현덕면 도대리,36.9541735258689,126.908188476377
4122037022,경기도 평택시 현덕면 운정리,존재,경기도,평택시,현덕면,경기도 평택시 현덕면 운정리,36.9755018895763,126.896761277313
4122037023,경기도 평택시 현덕면 화양리,존재,경기도,평택시,현덕면,경기도 평택시 현덕면 화양리,36.9736176448879,126.906458074738
4122037024,경기도 평택시 현덕면 황산리,존재,경기도,평택시,현덕면,경기도 평택시 현덕면 황산리,36.9592011071217,126.934681659172
4122037025,경기도 평택시 현덕면 인광리,존재,경기도,평택시,현덕면,경기도 평택시 현덕면 인광리,36.9637866432945,126.92976835492
4122037026,경기도 평택시 현덕면 덕목리,존재,경기도,평택시,현덕면,경기도 평택시 현덕면 덕목리,36.9570599163933,126.958204257493
4122037027,경기도 평택시 현덕면 신왕리,존재,경기도,평택시,현덕면,경기도 평택시 현덕면 신왕리,36.9353113339913,126.970711783225
4122037028,경기도 평택시 현덕면 대안리,존재,경기도,평택시,현덕면,경기도 평택시 현덕면 대안리,36.9358677900557,126.944341658281
4122037029,경기도 평택시 현덕면 기산리,존재,경기도,평택시,현덕면,경기도 평택시 현덕면 기산리,36.9328162207604,126.932962120564
4122037030,경기도 평택시 현덕면 권관리,존재,경기도,평택시,현덕면,경기도 평택시 현덕면 권관리,36.9218130240814,126.91731791633
4122037031,경기도 평택시 현덕면 장수리,존재,경기도,평택시,현덕면,경기도 평택시 현덕면 장수리,36.937258903453,126.90443708329
4122037032,경기도 평택시 현덕면 방축리,존재,경기도,평택시,현덕면,경기도 평택시 현덕면 방축리,36.9531197975744,126.897824431884
4125010100,경기도 동두천시 송내동,존재,경기도,동두천시,송내동,경기도 동두천시 송내동,37.8840128266303,127.051294397873
4125010200,경기도 동두천시 지행동,존재,경기도,동두천시,지행동,경기도 동두천시 지행동,37.8898229961777,127.064221938883
4125010300,경기도 동두천시 생연동,존재,경기도,동두천시,생연동,경기도 동두천시 생연동,37.9073618412166,127.065583509011
4125010400,경기도 동두천시 광암동,존재,경기도,동두천시,광암동,경기도 동두천시 광암동,37.905614897939,127.100153590542
4125010500,경기도 동두천시 걸산동,존재,경기도,동두천시,걸산동,경기도 동두천시 걸산동,37.9257257657794,127.093538535684
4125010600,경기도 동두천시 보산동,존재,경기도,동두천시,보산동,경기도 동두천시 보산동,37.917706981331,127.061284747582
4125010700,경기도 동두천시 동두천동,존재,경기도,동두천시,동두천동,경기도 동두천시 동두천동,37.9335231082184,127.055619450733
4125010800,경기도 동두천시 안흥동,존재,경기도,동두천시,안흥동,경기도 동두천시 안흥동,37.9305981459785,127.033068239674
4125010900,경기도 동두천시 상봉암동,존재,경기도,동두천시,상봉암동,경기도 동두천시 상봉암동,37.9480288895437,127.061510165708
4125011000,경기도 동두천시 하봉암동,존재,경기도,동두천시,하봉암동,경기도 동두천시 하봉암동,37.9665340312146,127.074153004513
4125011100,경기도 동두천시 탑동동,존재,경기도,동두천시,탑동동,경기도 동두천시 탑동동,37.8837953102197,127.114528793769
4125011200,경기도 동두천시 상패동,존재,경기도,동두천시,상패동,경기도 동두천시 상패동,37.9053716773163,127.04430940811
4127100000,경기도 안산시 상록구,존재,경기도,안산시,상록구,경기도 안산시 상록구,37.3009718344204,126.846482563885
4127110100,경기도 안산시 상록구 일동,존재,경기도,안산시,상록구,경기도 안산시 상록구 일동,37.3102980036068,126.866154804189
4127110200,경기도 안산시 상록구 이동,존재,경기도,안산시,상록구,경기도 안산시 상록구 이동,37.3054407225325,126.860857418137
4127110300,경기도 안산시 상록구 사동,존재,경기도,안산시,상록구,경기도 안산시 상록구 사동,37.2971248482641,126.851055922583
4127110400,경기도 안산시 상록구 본오동,존재,경기도,안산시,상록구,경기도 안산시 상록구 본오동,37.289193960288,126.864590815243
4127110500,경기도 안산시 상록구 팔곡이동,존재,경기도,안산시,상록구,경기도 안산시 상록구 팔곡이동,37.2895731390344,126.885805151529
4127110600,경기도 안산시 상록구 양상동,존재,경기도,안산시,상록구,경기도 안산시 상록구 양상동,37.3498697359705,126.844261213806
4127110700,경기도 안산시 상록구 부곡동,존재,경기도,안산시,상록구,경기도 안산시 상록구 부곡동,37.3319602110833,126.861097386184
4127110800,경기도 안산시 상록구 성포동,존재,경기도,안산시,상록구,경기도 안산시 상록구 성포동,37.3206471085435,126.849515776258
4127110900,경기도 안산시 상록구 월피동,존재,경기도,안산시,상록구,경기도 안산시 상록구 월피동,37.3359971587617,126.846767895666
4127111000,경기도 안산시 상록구 팔곡일동,존재,경기도,안산시,상록구,경기도 안산시 상록구 팔곡일동,37.3058681329248,126.890301466414
4127111100,경기도 안산시 상록구 건건동,존재,경기도,안산시,상록구,경기도 안산시 상록구 건건동,37.3068903762817,126.905464776608
4127111200,경기도 안산시 상록구 사사동,존재,경기도,안산시,상록구,경기도 안산시 상록구 사사동,37.2948658757625,126.923985060774
4127111300,경기도 안산시 상록구 수암동,존재,경기도,안산시,상록구,경기도 안산시 상록구 수암동,37.3679251374641,126.884029267782
4127111400,경기도 안산시 상록구 장상동,존재,경기도,안산시,상록구,경기도 안산시 상록구 장상동,37.3525381261027,126.875867756654
4127111500,경기도 안산시 상록구 장하동,존재,경기도,안산시,상록구,경기도 안산시 상록구 장하동,37.3575216341102,126.861975872987
4127300000,경기도 안산시 단원구,존재,경기도,안산시,단원구,경기도 안산시 단원구,37.321146516162,126.815325520507
4127310100,경기도 안산시 단원구 고잔동,존재,경기도,안산시,단원구,경기도 안산시 단원구 고잔동,37.3219394584907,126.832292027071
4127310200,경기도 안산시 단원구 와동,존재,경기도,안산시,단원구,경기도 안산시 단원구 와동,37.3416625818339,126.825752438728
4127310300,경기도 안산시 단원구 신길동,존재,경기도,안산시,단원구,경기도 안산시 단원구 신길동,37.3348020016663,126.783145863295
4127310400,경기도 안산시 단원구 성곡동,존재,경기도,안산시,단원구,경기도 안산시 단원구 성곡동,37.3169410637593,126.739059628626
4127310500,경기도 안산시 단원구 원시동,존재,경기도,안산시,단원구,경기도 안산시 단원구 원시동,37.3144809887639,126.788592098675
4127310600,경기도 안산시 단원구 목내동,존재,경기도,안산시,단원구,경기도 안산시 단원구 목내동,37.3075168521056,126.774412271929
4127310700,경기도 안산시 단원구 초지동,존재,경기도,안산시,단원구,경기도 안산시 단원구 초지동,37.3100013406105,126.816873385207
4127310800,경기도 안산시 단원구 원곡동,존재,경기도,안산시,단원구,경기도 안산시 단원구 원곡동,37.3332949495272,126.790859358221
4127310900,경기도 안산시 단원구 선부동,존재,경기도,안산시,단원구,경기도 안산시 단원구 선부동,37.3341794459408,126.804370669728
4127311000,경기도 안산시 단원구 대부동동,존재,경기도,안산시,단원구,경기도 안산시 단원구 대부동동,37.2490239111332,126.601617400799
4127311100,경기도 안산시 단원구 대부북동,존재,경기도,안산시,단원구,경기도 안산시 단원구 대부북동,37.261435463647,126.57436128091
4127311200,경기도 안산시 단원구 대부남동,존재,경기도,안산시,단원구,경기도 안산시 단원구 대부남동,37.2298291404631,126.577969105871
4127311300,경기도 안산시 단원구 선감동,존재,경기도,안산시,단원구,경기도 안산시 단원구 선감동,37.2247149864651,126.635548281041
4127311400,경기도 안산시 단원구 풍도동,존재,경기도,안산시,단원구,경기도 안산시 단원구 풍도동,37.1092638251538,126.387642013181
4127311500,경기도 안산시 단원구 화정동,존재,경기도,안산시,단원구,경기도 안산시 단원구 화정동,37.3546217332601,126.827365889954
4128100000,경기도 고양시 덕양구,존재,경기도,고양시,덕양구,경기도 고양시 덕양구,37.6374795939321,126.832188086806
4128110100,경기도 고양시 덕양구 주교동,존재,경기도,고양시,덕양구,경기도 고양시 덕양구 주교동,37.6594130234868,126.829613718048
4128110200,경기도 고양시 덕양구 원당동,존재,경기도,고양시,덕양구,경기도 고양시 덕양구 원당동,37.671684571721,126.856884767942
4128110300,경기도 고양시 덕양구 신원동,존재,경기도,고양시,덕양구,경기도 고양시 덕양구 신원동,37.6777544978934,126.876869602689
4128110400,경기도 고양시 덕양구 원흥동,존재,경기도,고양시,덕양구,경기도 고양시 덕양구 원흥동,37.6475978173955,126.871008999634
4128110500,경기도 고양시 덕양구 도내동,존재,경기도,고양시,덕양구,경기도 고양시 덕양구 도내동,37.6251535449339,126.862375162762
4128110600,경기도 고양시 덕양구 성사동,존재,경기도,고양시,덕양구,경기도 고양시 덕양구 성사동,37.6546360151584,126.841233504888
4128110700,경기도 고양시 덕양구 북한동,존재,경기도,고양시,덕양구,경기도 고양시 덕양구 북한동,37.6463710691736,126.971450117173
4128110800,경기도 고양시 덕양구 효자동,존재,경기도,고양시,덕양구,경기도 고양시 덕양구 효자동,37.6707161645609,126.973893647725
4128110900,경기도 고양시 덕양구 지축동,존재,경기도,고양시,덕양구,경기도 고양시 덕양구 지축동,37.6539273570029,126.921322354072
4128111000,경기도 고양시 덕양구 오금동,존재,경기도,고양시,덕양구,경기도 고양시 덕양구 오금동,37.6674216564203,126.903526840599
4128111100,경기도 고양시 덕양구 삼송동,존재,경기도,고양시,덕양구,경기도 고양시 덕양구 삼송동,37.6507863862191,126.891595598802
4128111200,경기도 고양시 덕양구 동산동,존재,경기도,고양시,덕양구,경기도 고양시 덕양구 동산동,37.6427193986965,126.898129191493
4128111300,경기도 고양시 덕양구 용두동,존재,경기도,고양시,덕양구,경기도 고양시 덕양구 용두동,37.624875931181,126.889716565612
4128111400,경기도 고양시 덕양구 벽제동,존재,경기도,고양시,덕양구,경기도 고양시 덕양구 벽제동,37.7260343599753,126.911209639069
4128111500,경기도 고양시 덕양구 선유동,존재,경기도,고양시,덕양구,경기도 고양시 덕양구 선유동,37.6931315402799,126.912201298176
4128111600,경기도 고양시 덕양구 고양동,존재,경기도,고양시,덕양구,경기도 고양시 덕양구 고양동,37.703360024722,126.903747900242
4128111700,경기도 고양시 덕양구 대자동,존재,경기도,고양시,덕양구,경기도 고양시 덕양구 대자동,37.6979202384039,126.885902885149
4128111800,경기도 고양시 덕양구 관산동,존재,경기도,고양시,덕양구,경기도 고양시 덕양구 관산동,37.6879882033152,126.862553908166
4128111900,경기도 고양시 덕양구 내유동,존재,경기도,고양시,덕양구,경기도 고양시 덕양구 내유동,37.7230475229123,126.854072808634
4128112000,경기도 고양시 덕양구 토당동,존재,경기도,고양시,덕양구,경기도 고양시 덕양구 토당동,37.6246576578671,126.818188559184
4128112100,경기도 고양시 덕양구 내곡동,존재,경기도,고양시,덕양구,경기도 고양시 덕양구 내곡동,37.6390530820554,126.805441236469
4128112200,경기도 고양시 덕양구 대장동,존재,경기도,고양시,덕양구,경기도 고양시 덕양구 대장동,37.6395209441553,126.8186055475
4128112300,경기도 고양시 덕양구 화정동,존재,경기도,고양시,덕양구,경기도 고양시 덕양구 화정동,37.6389774935999,126.833789043216
4128112400,경기도 고양시 덕양구 강매동,존재,경기도,고양시,덕양구,경기도 고양시 덕양구 강매동,37.6044783297959,126.842708196498
4128112500,경기도 고양시 덕양구 행주내동,존재,경기도,고양시,덕양구,경기도 고양시 덕양구 행주내동,37.6053787241077,126.826837872877
4128112600,경기도 고양시 덕양구 행주외동,존재,경기도,고양시,덕양구,경기도 고양시 덕양구 행주외동,37.6055040175438,126.814425490911
4128112700,경기도 고양시 덕양구 신평동,존재,경기도,고양시,덕양구,경기도 고양시 덕양구 신평동,37.6239947341864,126.782131832295
4128112800,경기도 고양시 덕양구 행신동,존재,경기도,고양시,덕양구,경기도 고양시 덕양구 행신동,37.6223556606644,126.836037177307
4128112900,경기도 고양시 덕양구 화전동,존재,경기도,고양시,덕양구,경기도 고양시 덕양구 화전동,37.6000455360803,126.872658393587
4128113000,경기도 고양시 덕양구 현천동,존재,경기도,고양시,덕양구,경기도 고양시 덕양구 현천동,37.5914278541118,126.850620844499
4128113100,경기도 고양시 덕양구 덕은동,존재,경기도,고양시,덕양구,경기도 고양시 덕양구 덕은동,37.5806237278262,126.856900757063
4128113200,경기도 고양시 덕양구 향동동,존재,경기도,고양시,덕양구,경기도 고양시 덕양구 향동동,37.5999325614607,126.89319590984
4128500000,경기도 고양시 일산동구,존재,경기도,고양시,일산동구,경기도 고양시 일산동구,37.658874624083,126.775008021538
4128510100,경기도 고양시 일산동구 식사동,존재,경기도,고양시,일산동구,경기도 고양시 일산동구 식사동,37.6773400834298,126.813707127491
4128510200,경기도 고양시 일산동구 중산동,존재,경기도,고양시,일산동구,경기도 고양시 일산동구 중산동,37.6918173956872,126.780441473585
4128510300,경기도 고양시 일산동구 정발산동,존재,경기도,고양시,일산동구,경기도 고양시 일산동구 정발산동,37.6724381065505,126.779859287091
4128510400,경기도 고양시 일산동구 장항동,존재,경기도,고양시,일산동구,경기도 고양시 일산동구 장항동,37.6417251521376,126.770233007352
4128510500,경기도 고양시 일산동구 마두동,존재,경기도,고양시,일산동구,경기도 고양시 일산동구 마두동,37.6557662385334,126.789654489141
4128510600,경기도 고양시 일산동구 백석동,존재,경기도,고양시,일산동구,경기도 고양시 일산동구 백석동,37.6500444005322,126.792363029713
4128510700,경기도 고양시 일산동구 풍동,존재,경기도,고양시,일산동구,경기도 고양시 일산동구 풍동,37.6713315306857,126.793718327241
4128510800,경기도 고양시 일산동구 산황동,존재,경기도,고양시,일산동구,경기도 고양시 일산동구 산황동,37.651112491869,126.808043294813
4128510900,경기도 고양시 일산동구 사리현동,존재,경기도,고양시,일산동구,경기도 고양시 일산동구 사리현동,37.6970617224311,126.841560346253
4128511000,경기도 고양시 일산동구 지영동,존재,경기도,고양시,일산동구,경기도 고양시 일산동구 지영동,37.7121762060362,126.828499492908
4128511100,경기도 고양시 일산동구 설문동,존재,경기도,고양시,일산동구,경기도 고양시 일산동구 설문동,37.7208022679853,126.806484366277
4128511200,경기도 고양시 일산동구 문봉동,존재,경기도,고양시,일산동구,경기도 고양시 일산동구 문봉동,37.6994044182203,126.82632004877
4128511300,경기도 고양시 일산동구 성석동,존재,경기도,고양시,일산동구,경기도 고양시 일산동구 성석동,37.7025554766226,126.795627607807
4128700000,경기도 고양시 일산서구,존재,경기도,고양시,일산서구,경기도 고양시 일산서구,37.6751982696278,126.750669084916
4128710100,경기도 고양시 일산서구 일산동,존재,경기도,고양시,일산서구,경기도 고양시 일산서구 일산동,37.6871456348794,126.768555621104
4128710200,경기도 고양시 일산서구 주엽동,존재,경기도,고양시,일산서구,경기도 고양시 일산서구 주엽동,37.6700959284217,126.763299407637
4128710300,경기도 고양시 일산서구 탄현동,존재,경기도,고양시,일산서구,경기도 고양시 일산서구 탄현동,37.6943496272332,126.76845159422
4128710400,경기도 고양시 일산서구 대화동,존재,경기도,고양시,일산서구,경기도 고양시 일산서구 대화동,37.6829848694341,126.755141409924
4128710500,경기도 고양시 일산서구 덕이동,존재,경기도,고양시,일산서구,경기도 고양시 일산서구 덕이동,37.6957282376738,126.738350133303
4128710600,경기도 고양시 일산서구 가좌동,존재,경기도,고양시,일산서구,경기도 고양시 일산서구 가좌동,37.6911246251365,126.72044790598
4128710700,경기도 고양시 일산서구 구산동,존재,경기도,고양시,일산서구,경기도 고양시 일산서구 구산동,37.6833625400508,126.680966363874
4128710800,경기도 고양시 일산서구 법곳동,존재,경기도,고양시,일산서구,경기도 고양시 일산서구 법곳동,37.6654062257197,126.714043222709
4129010100,경기도 과천시 관문동,존재,경기도,과천시,관문동,경기도 과천시 관문동,37.4416775624029,126.987027394545
4129010200,경기도 과천시 문원동,존재,경기도,과천시,문원동,경기도 과천시 문원동,37.4263177351364,127.001866408137
4129010300,경기도 과천시 갈현동,존재,경기도,과천시,갈현동,경기도 과천시 갈현동,37.409788167445,126.982492149763
4129010400,경기도 과천시 막계동,존재,경기도,과천시,막계동,경기도 과천시 막계동,37.4279332716988,127.025289695584
4129010500,경기도 과천시 과천동,존재,경기도,과천시,과천동,경기도 과천시 과천동,37.4484033595931,126.995461441865
4129010600,경기도 과천시 주암동,존재,경기도,과천시,주암동,경기도 과천시 주암동,37.4469275584605,127.020793782074
4129010700,경기도 과천시 중앙동,존재,경기도,과천시,중앙동,경기도 과천시 중앙동,37.433150880627,126.993455678842
4129010800,경기도 과천시 원문동,존재,경기도,과천시,원문동,경기도 과천시 원문동,37.4216574009588,126.991789216938
4129010900,경기도 과천시 별양동,존재,경기도,과천시,별양동,경기도 과천시 별양동,37.4242344328093,126.993763748511
4129011000,경기도 과천시 부림동,존재,경기도,과천시,부림동,경기도 과천시 부림동,37.4334610032566,126.99861248972
4131010100,경기도 구리시 갈매동,존재,경기도,구리시,갈매동,경기도 구리시 갈매동,37.6348963795758,127.116243895002
4131010200,경기도 구리시 사노동,존재,경기도,구리시,사노동,경기도 구리시 사노동,37.6364530208678,127.13973938627
4131010300,경기도 구리시 인창동,존재,경기도,구리시,인창동,경기도 구리시 인창동,37.6044843983227,127.13492316761
4131010400,경기도 구리시 교문동,존재,경기도,구리시,교문동,경기도 구리시 교문동,37.60115508883,127.127773819015
4131010500,경기도 구리시 수택동,존재,경기도,구리시,수택동,경기도 구리시 수택동,37.5965169131566,127.149171916297
4131010600,경기도 구리시 아천동,존재,경기도,구리시,아천동,경기도 구리시 아천동,37.5681673219842,127.114324507713
4131010700,경기도 구리시 토평동,존재,경기도,구리시,토평동,경기도 구리시 토평동,37.5825944751506,127.152241676825
4136010100,경기도 남양주시 호평동,존재,경기도,남양주시,호평동,경기도 남양주시 호평동,37.6548880029093,127.248669169781
4136010200,경기도 남양주시 평내동,존재,경기도,남양주시,평내동,경기도 남양주시 평내동,37.6483691097275,127.23609678062
4136010300,경기도 남양주시 금곡동,존재,경기도,남양주시,금곡동,경기도 남양주시 금곡동,37.6331014031361,127.201934340405
4136010400,경기도 남양주시 일패동,존재,경기도,남양주시,일패동,경기도 남양주시 일패동,37.6189331796266,127.182726309182
4136010500,경기도 남양주시 이패동,존재,경기도,남양주시,이패동,경기도 남양주시 이패동,37.6104709089262,127.200600133833
4136010600,경기도 남양주시 삼패동,존재,경기도,남양주시,삼패동,경기도 남양주시 삼패동,37.5964462203388,127.199475419571
4136010800,경기도 남양주시 수석동,존재,경기도,남양주시,수석동,경기도 남양주시 수석동,37.5872355032201,127.171294960296
4136010900,경기도 남양주시 지금동,존재,경기도,남양주시,지금동,경기도 남양주시 지금동,37.6017818527817,127.163129485516
4136011000,경기도 남양주시 도농동,존재,경기도,남양주시,도농동,경기도 남양주시 도농동,37.6002568948231,127.15271703503
4136011100,경기도 남양주시 별내동,존재,경기도,남양주시,별내동,경기도 남양주시 별내동,37.6462466000952,127.121972451813
4136011200,경기도 남양주시 다산동,존재,경기도,남양주시,다산동,경기도 남양주시 다산동,37.6134456831669,127.159444527968
4136025000,경기도 남양주시 와부읍,존재,경기도,남양주시,와부읍,경기도 남양주시 와부읍,37.5854310580652,127.216655241381
4136025021,경기도 남양주시 와부읍 덕소리,존재,경기도,남양주시,와부읍,경기도 남양주시 와부읍 덕소리,37.5956028555422,127.217844244697
4136025022,경기도 남양주시 와부읍 도곡리,존재,경기도,남양주시,와부읍,경기도 남양주시 와부읍 도곡리,37.5858251066556,127.238457853842
4136025023,경기도 남양주시 와부읍 팔당리,존재,경기도,남양주시,와부읍,경기도 남양주시 와부읍 팔당리,37.5501588054454,127.252969637051
4136025024,경기도 남양주시 와부읍 월문리,존재,경기도,남양주시,와부읍,경기도 남양주시 와부읍 월문리,37.615153818659,127.262363998984
4136025025,경기도 남양주시 와부읍 율석리,존재,경기도,남양주시,와부읍,경기도 남양주시 와부읍 율석리,37.6157405032355,127.222374660738
4136025300,경기도 남양주시 진접읍,존재,경기도,남양주시,진접읍,경기도 남양주시 진접읍,37.7263004861765,127.189886481276
4136025321,경기도 남양주시 진접읍 장현리,존재,경기도,남양주시,진접읍,경기도 남양주시 진접읍 장현리,37.7274201756793,127.171821508615
4136025322,경기도 남양주시 진접읍 내각리,존재,경기도,남양주시,진접읍,경기도 남양주시 진접읍 내각리,37.7088178315588,127.158292301534
4136025323,경기도 남양주시 진접읍 내곡리,존재,경기도,남양주시,진접읍,경기도 남양주시 진접읍 내곡리,37.6820900167316,127.15381423986
4136025324,경기도 남양주시 진접읍 연평리,존재,경기도,남양주시,진접읍,경기도 남양주시 진접읍 연평리,37.6995874472016,127.179014337231
4136025325,경기도 남양주시 진접읍 부평리,존재,경기도,남양주시,진접읍,경기도 남양주시 진접읍 부평리,37.7437846546026,127.177178307222
4136025326,경기도 남양주시 진접읍 팔야리,존재,경기도,남양주시,진접읍,경기도 남양주시 진접읍 팔야리,37.7472808477803,127.232866023687
4136025327,경기도 남양주시 진접읍 진벌리,존재,경기도,남양주시,진접읍,경기도 남양주시 진접읍 진벌리,37.7335299977935,127.230259125334
4136025328,경기도 남양주시 진접읍 금곡리,존재,경기도,남양주시,진접읍,경기도 남양주시 진접읍 금곡리,37.719589241503,127.217476366625
4136025600,경기도 남양주시 화도읍,존재,경기도,남양주시,화도읍,경기도 남양주시 화도읍,37.657910347873,127.300352454876
4136025621,경기도 남양주시 화도읍 마석우리,존재,경기도,남양주시,화도읍,경기도 남양주시 화도읍 마석우리,37.6578377906244,127.31028424473
4136025622,경기도 남양주시 화도읍 묵현리,존재,경기도,남양주시,화도읍,경기도 남양주시 화도읍 묵현리,37.6637305223098,127.287391997952
4136025623,경기도 남양주시 화도읍 가곡리,존재,경기도,남양주시,화도읍,경기도 남양주시 화도읍 가곡리,37.6861219184349,127.294561809992
4136025624,경기도 남양주시 화도읍 구암리,존재,경기도,남양주시,화도읍,경기도 남양주시 화도읍 구암리,37.6740109903888,127.365994144927
4136025625,경기도 남양주시 화도읍 금남리,존재,경기도,남양주시,화도읍,경기도 남양주시 화도읍 금남리,37.6353200223397,127.349141031048
4136025626,경기도 남양주시 화도읍 답내리,존재,경기도,남양주시,화도읍,경기도 남양주시 화도읍 답내리,37.665175264791,127.350219276503
4136025627,경기도 남양주시 화도읍 월산리,존재,경기도,남양주시,화도읍,경기도 남양주시 화도읍 월산리,37.6562348432557,127.335027907036
4136025628,경기도 남양주시 화도읍 창현리,존재,경기도,남양주시,화도읍,경기도 남양주시 화도읍 창현리,37.6366278249721,127.316051156692
4136025629,경기도 남양주시 화도읍 녹촌리,존재,경기도,남양주시,화도읍,경기도 남양주시 화도읍 녹촌리,37.6439269476478,127.279914463979
4136025630,경기도 남양주시 화도읍 차산리,존재,경기도,남양주시,화도읍,경기도 남양주시 화도읍 차산리,37.626154147213,127.301144461242
4136025900,경기도 남양주시 진건읍,존재,경기도,남양주시,진건읍,경기도 남양주시 진건읍,37.6546666549973,127.177714275011
4136025921,경기도 남양주시 진건읍 사능리,존재,경기도,남양주시,진건읍,경기도 남양주시 진건읍 사능리,37.6524677689812,127.191833275028
4136025922,경기도 남양주시 진건읍 배양리,존재,경기도,남양주시,진건읍,경기도 남양주시 진건읍 배양리,37.6345702959398,127.168457938802
4136025923,경기도 남양주시 진건읍 진관리,존재,경기도,남양주시,진건읍,경기도 남양주시 진건읍 진관리,37.6506523362246,127.162397774117
4136025924,경기도 남양주시 진건읍 신월리,존재,경기도,남양주시,진건읍,경기도 남양주시 진건읍 신월리,37.6665443158143,127.158066470485
4136025925,경기도 남양주시 진건읍 용정리,존재,경기도,남양주시,진건읍,경기도 남양주시 진건읍 용정리,37.6743988826781,127.184258756023
4136025926,경기도 남양주시 진건읍 송능리,존재,경기도,남양주시,진건읍,경기도 남양주시 진건읍 송능리,37.6596786342201,127.209141638379
4136026200,경기도 남양주시 오남읍,존재,경기도,남양주시,오남읍,경기도 남양주시 오남읍,37.6988320956872,127.204693271504
4136026221,경기도 남양주시 오남읍 양지리,존재,경기도,남양주시,오남읍,경기도 남양주시 오남읍 양지리,37.7015351370635,127.200427983834
4136026222,경기도 남양주시 오남읍 팔현리,존재,경기도,남양주시,오남읍,경기도 남양주시 오남읍 팔현리,37.6922874839912,127.249564997537
4136026223,경기도 남양주시 오남읍 오남리,존재,경기도,남양주시,오남읍,경기도 남양주시 오남읍 오남리,37.6905929717371,127.213173990226
4136026500,경기도 남양주시 퇴계원읍,존재,경기도,남양주시,퇴계원읍,경기도 남양주시 퇴계원읍,37.6474171947574,127.14191739863
4136026521,경기도 남양주시 퇴계원읍 퇴계원리,존재,경기도,남양주시,퇴계원읍,경기도 남양주시 퇴계원읍 퇴계원리,37.652988333035,127.142363153591
4136031000,경기도 남양주시 별내면,존재,경기도,남양주시,별내면,경기도 남양주시 별내면,37.7026376364433,127.124872496413
4136031021,경기도 남양주시 별내면 청학리,존재,경기도,남양주시,별내면,경기도 남양주시 별내면 청학리,37.7078114126386,127.111930372645
4136031022,경기도 남양주시 별내면 용암리,존재,경기도,남양주시,별내면,경기도 남양주시 별내면 용암리,37.7322805943996,127.140046332149
4136031023,경기도 남양주시 별내면 광전리,존재,경기도,남양주시,별내면,경기도 남양주시 별내면 광전리,37.6827577336442,127.128933958795
4136034000,경기도 남양주시 수동면,존재,경기도,남양주시,수동면,경기도 남양주시 수동면,37.7034248082825,127.325841809387
4136034021,경기도 남양주시 수동면 운수리,존재,경기도,남양주시,수동면,경기도 남양주시 수동면 운수리,37.7049817914917,127.324496898906
4136034022,경기도 남양주시 수동면 지둔리,존재,경기도,남양주시,수동면,경기도 남양주시 수동면 지둔리,37.7130346728837,127.293556876516
4136034023,경기도 남양주시 수동면 수산리,존재,경기도,남양주시,수동면,경기도 남양주시 수동면 수산리,37.7415349478401,127.270615189787
4136034024,경기도 남양주시 수동면 내방리,존재,경기도,남양주시,수동면,경기도 남양주시 수동면 내방리,37.7571165112508,127.283531439174
4136034025,경기도 남양주시 수동면 외방리,존재,경기도,남양주시,수동면,경기도 남양주시 수동면 외방리,37.7476390639833,127.318533269618
4136034026,경기도 남양주시 수동면 입석리,존재,경기도,남양주시,수동면,경기도 남양주시 수동면 입석리,37.7127855457824,127.333059491804
4136034027,경기도 남양주시 수동면 송천리,존재,경기도,남양주시,수동면,경기도 남양주시 수동면 송천리,37.680395177744,127.34264112195
4136036000,경기도 남양주시 조안면,존재,경기도,남양주시,조안면,경기도 남양주시 조안면,37.535865528505,127.303396885845
4136036021,경기도 남양주시 조안면 능내리,존재,경기도,남양주시,조안면,경기도 남양주시 조안면 능내리,37.5319733301973,127.283029946298
4136036022,경기도 남양주시 조안면 조안리,존재,경기도,남양주시,조안면,경기도 남양주시 조안면 조안리,37.5462462899827,127.289977551782
4136036023,경기도 남양주시 조안면 진중리,존재,경기도,남양주시,조안면,경기도 남양주시 조안면 진중리,37.5658300227251,127.291556594076
4136036024,경기도 남양주시 조안면 송촌리,존재,경기도,남양주시,조안면,경기도 남양주시 조안면 송촌리,37.5817159109907,127.308722709181
4136036025,경기도 남양주시 조안면 삼봉리,존재,경기도,남양주시,조안면,경기도 남양주시 조안면 삼봉리,37.5946077335317,127.32597366562
4136036026,경기도 남양주시 조안면 시우리,존재,경기도,남양주시,조안면,경기도 남양주시 조안면 시우리,37.5926003351391,127.287118243271
4137010100,경기도 오산시 오산동,존재,경기도,오산시,오산동,경기도 오산시 오산동,37.1531330002418,127.072855925403
4137010200,경기도 오산시 부산동,존재,경기도,오산시,부산동,경기도 오산시 부산동,37.1545013661764,127.090364585929
4137010300,경기도 오산시 원동,존재,경기도,오산시,원동,경기도 오산시 원동,37.1411447958704,127.079259957902
4137010400,경기도 오산시 궐동,존재,경기도,오산시,궐동,경기도 오산시 궐동,37.1621910100643,127.051081791832
4137010500,경기도 오산시 청학동,존재,경기도,오산시,청학동,경기도 오산시 청학동,37.1514419074158,127.053965318309
4137010600,경기도 오산시 가장동,존재,경기도,오산시,가장동,경기도 오산시 가장동,37.1635663562952,127.035343134386
4137010700,경기도 오산시 금암동,존재,경기도,오산시,금암동,경기도 오산시 금암동,37.1728363974498,127.045940876879
4137010800,경기도 오산시 수청동,존재,경기도,오산시,수청동,경기도 오산시 수청동,37.1657108167173,127.061847726809
4137010900,경기도 오산시 은계동,존재,경기도,오산시,은계동,경기도 오산시 은계동,37.160731069586,127.07229129899
4137011000,경기도 오산시 내삼미동,존재,경기도,오산시,내삼미동,경기도 오산시 내삼미동,37.1813965610125,127.061531683537
4137011100,경기도 오산시 외삼미동,존재,경기도,오산시,외삼미동,경기도 오산시 외삼미동,37.1905658327319,127.053826460318
4137011200,경기도 오산시 양산동,존재,경기도,오산시,양산동,경기도 오산시 양산동,37.19324133767,127.030162443662
4137011300,경기도 오산시 세교동,존재,경기도,오산시,세교동,경기도 오산시 세교동,37.1858036797342,127.03771850205
4137011400,경기도 오산시 지곶동,존재,경기도,오산시,지곶동,경기도 오산시 지곶동,37.178778934831,127.024449668277
4137011500,경기도 오산시 서랑동,존재,경기도,오산시,서랑동,경기도 오산시 서랑동,37.1718246515161,127.012466926979
4137011600,경기도 오산시 서동,존재,경기도,오산시,서동,경기도 오산시 서동,37.1504824248192,127.037183143734
4137011700,경기도 오산시 벌음동,존재,경기도,오산시,벌음동,경기도 오산시 벌음동,37.139446026594,127.037853045707
4137011800,경기도 오산시 두곡동,존재,경기도,오산시,두곡동,경기도 오산시 두곡동,37.1319117255677,127.042080778441
4137011900,경기도 오산시 탑동,존재,경기도,오산시,탑동,경기도 오산시 탑동,37.1357908543747,127.048970696618
4137012000,경기도 오산시 누읍동,존재,경기도,오산시,누읍동,경기도 오산시 누읍동,37.1392652711128,127.057189115524
4137012100,경기도 오산시 가수동,존재,경기도,오산시,가수동,경기도 오산시 가수동,37.1456081757721,127.05834200078
4137012200,경기도 오산시 고현동,존재,경기도,오산시,고현동,경기도 오산시 고현동,37.1339715408823,127.080458931383
4137012300,경기도 오산시 청호동,존재,경기도,오산시,청호동,경기도 오산시 청호동,37.1297879893843,127.08423572355
4137012400,경기도 오산시 갈곶동,존재,경기도,오산시,갈곶동,경기도 오산시 갈곶동,37.1288754672481,127.074430662962
4139010100,경기도 시흥시 대야동,존재,경기도,시흥시,대야동,경기도 시흥시 대야동,37.4430460656539,126.788538285881
4139010200,경기도 시흥시 신천동,존재,경기도,시흥시,신천동,경기도 시흥시 신천동,37.4355555341516,126.781870213243
4139010300,경기도 시흥시 방산동,존재,경기도,시흥시,방산동,경기도 시흥시 방산동,37.4180792873872,126.764872067831
4139010400,경기도 시흥시 포동,존재,경기도,시흥시,포동,경기도 시흥시 포동,37.404265658099,126.778333146105
4139010500,경기도 시흥시 미산동,존재,경기도,시흥시,미산동,경기도 시흥시 미산동,37.4175236236054,126.789387267116
4139010600,경기도 시흥시 은행동,존재,경기도,시흥시,은행동,경기도 시흥시 은행동,37.4363339032197,126.798035072094
4139010700,경기도 시흥시 안현동,존재,경기도,시흥시,안현동,경기도 시흥시 안현동,37.431008185502,126.814070736377
4139010800,경기도 시흥시 매화동,존재,경기도,시흥시,매화동,경기도 시흥시 매화동,37.4179850408623,126.815313932331
4139010900,경기도 시흥시 도창동,존재,경기도,시흥시,도창동,경기도 시흥시 도창동,37.4056163226181,126.820291394749
4139011000,경기도 시흥시 금이동,존재,경기도,시흥시,금이동,경기도 시흥시 금이동,37.3995590587727,126.8359907424
4139011200,경기도 시흥시 과림동,존재,경기도,시흥시,과림동,경기도 시흥시 과림동,37.4368784262936,126.832858488762
4139011300,경기도 시흥시 계수동,존재,경기도,시흥시,계수동,경기도 시흥시 계수동,37.4498186978791,126.812387749114
4139011700,경기도 시흥시 화정동,존재,경기도,시흥시,화정동,경기도 시흥시 화정동,37.359289446603,126.815683613658
4139011800,경기도 시흥시 능곡동,존재,경기도,시흥시,능곡동,경기도 시흥시 능곡동,37.3663067850594,126.815779338256
4139011900,경기도 시흥시 하중동,존재,경기도,시흥시,하중동,경기도 시흥시 하중동,37.3988633185815,126.800701603603
4139012000,경기도 시흥시 하상동,존재,경기도,시흥시,하상동,경기도 시흥시 하상동,37.3921463062607,126.81460943692
4139012100,경기도 시흥시 광석동,존재,경기도,시흥시,광석동,경기도 시흥시 광석동,37.381058627451,126.815955530896
4139012200,경기도 시흥시 물왕동,존재,경기도,시흥시,물왕동,경기도 시흥시 물왕동,37.386020986718,126.840437591032
4139012300,경기도 시흥시 산현동,존재,경기도,시흥시,산현동,경기도 시흥시 산현동,37.3701104016764,126.833675061104
4139012400,경기도 시흥시 조남동,존재,경기도,시흥시,조남동,경기도 시흥시 조남동,37.3722195349399,126.862287640995
4139012500,경기도 시흥시 논곡동,존재,경기도,시흥시,논곡동,경기도 시흥시 논곡동,37.3963848037695,126.856090813911
4139012600,경기도 시흥시 목감동,존재,경기도,시흥시,목감동,경기도 시흥시 목감동,37.3918239301918,126.870188284126
4139012700,경기도 시흥시 거모동,존재,경기도,시흥시,거모동,경기도 시흥시 거모동,37.3567018199005,126.774174854649
4139012800,경기도 시흥시 군자동,존재,경기도,시흥시,군자동,경기도 시흥시 군자동,37.3608267437724,126.794968580783
4139012900,경기도 시흥시 장현동,존재,경기도,시흥시,장현동,경기도 시흥시 장현동,37.3780041323759,126.799320647562
4139013000,경기도 시흥시 장곡동,존재,경기도,시흥시,장곡동,경기도 시흥시 장곡동,37.3774477193997,126.788194197371
4139013100,경기도 시흥시 월곶동,존재,경기도,시흥시,월곶동,경기도 시흥시 월곶동,37.3888935036861,126.74239234901
4139013200,경기도 시흥시 정왕동,존재,경기도,시흥시,정왕동,경기도 시흥시 정왕동,37.3472707997811,126.722129562609
4139013300,경기도 시흥시 죽율동,존재,경기도,시흥시,죽율동,경기도 시흥시 죽율동,37.3505272645677,126.762757890763
4139013400,경기도 시흥시 무지내동,존재,경기도,시흥시,무지내동,경기도 시흥시 무지내동,37.4197323855612,126.836940882123
4139013500,경기도 시흥시 배곧동,존재,경기도,시흥시,배곧동,경기도 시흥시 배곧동,37.3688324297178,126.724484015126
4141010100,경기도 군포시 당동,존재,경기도,군포시,당동,경기도 군포시 당동,37.3484980211549,126.941302738524
4141010200,경기도 군포시 당정동,존재,경기도,군포시,당정동,경기도 군포시 당정동,37.3598932179133,126.955516624113
4141010300,경기도 군포시 부곡동,존재,경기도,군포시,부곡동,경기도 군포시 부곡동,37.3301202778153,126.933856423225
4141010400,경기도 군포시 산본동,존재,경기도,군포시,산본동,경기도 군포시 산본동,37.3733541681044,126.93856024766
4141010500,경기도 군포시 금정동,존재,경기도,군포시,금정동,경기도 군포시 금정동,37.365396718072,126.939356947385
4141010600,경기도 군포시 둔대동,존재,경기도,군포시,둔대동,경기도 군포시 둔대동,37.3262505140487,126.891382076884
4141010700,경기도 군포시 속달동,존재,경기도,군포시,속달동,경기도 군포시 속달동,37.3435977434032,126.900227468514
4141010800,경기도 군포시 대야미동,존재,경기도,군포시,대야미동,경기도 군포시 대야미동,37.3291267066197,126.918408202119
4141010900,경기도 군포시 도마교동,존재,경기도,군포시,도마교동,경기도 군포시 도마교동,37.3120385992332,126.922411031505
4143010100,경기도 의왕시 고천동,존재,경기도,의왕시,고천동,경기도 의왕시 고천동,37.3448538171113,126.968513026736
4143010200,경기도 의왕시 이동,존재,경기도,의왕시,이동,경기도 의왕시 이동,37.3353581574382,126.960505185763
4143010300,경기도 의왕시 삼동,존재,경기도,의왕시,삼동,경기도 의왕시 삼동,37.3237511642837,126.955704917536
4143010400,경기도 의왕시 왕곡동,존재,경기도,의왕시,왕곡동,경기도 의왕시 왕곡동,37.3458094660335,126.997395238127
4143010500,경기도 의왕시 오전동,존재,경기도,의왕시,오전동,경기도 의왕시 오전동,37.3535981802237,126.971579428472
4143010600,경기도 의왕시 학의동,존재,경기도,의왕시,학의동,경기도 의왕시 학의동,37.3712251615184,127.011131548472
4143010700,경기도 의왕시 내손동,존재,경기도,의왕시,내손동,경기도 의왕시 내손동,37.3782619969625,126.975693472476
4143010800,경기도 의왕시 청계동,존재,경기도,의왕시,청계동,경기도 의왕시 청계동,37.4000497874321,127.018485897202
4143010900,경기도 의왕시 포일동,존재,경기도,의왕시,포일동,경기도 의왕시 포일동,37.3965908527996,126.98961006605
4143011000,경기도 의왕시 월암동,존재,경기도,의왕시,월암동,경기도 의왕시 월암동,37.3095871632796,126.956390050885
4143011100,경기도 의왕시 초평동,존재,경기도,의왕시,초평동,경기도 의왕시 초평동,37.3074644167278,126.940116403486
4145010100,경기도 하남시 천현동,존재,경기도,하남시,천현동,경기도 하남시 천현동,37.5259176522041,127.217102955502
4145010200,경기도 하남시 하산곡동,존재,경기도,하남시,하산곡동,경기도 하남시 하산곡동,37.5125565845741,127.232777258373
4145010300,경기도 하남시 창우동,존재,경기도,하남시,창우동,경기도 하남시 창우동,37.5336380827133,127.233747886717
4145010400,경기도 하남시 배알미동,존재,경기도,하남시,배알미동,경기도 하남시 배알미동,37.5177392464293,127.265212432637
4145010500,경기도 하남시 상산곡동,존재,경기도,하남시,상산곡동,경기도 하남시 상산곡동,37.4893688452738,127.234347110482
4145010600,경기도 하남시 신장동,존재,경기도,하남시,신장동,경기도 하남시 신장동,37.5387902964051,127.209586513271
4145010700,경기도 하남시 당정동,존재,경기도,하남시,당정동,경기도 하남시 당정동,37.5589198139363,127.224591485999
4145010800,경기도 하남시 덕풍동,존재,경기도,하남시,덕풍동,경기도 하남시 덕풍동,37.5335585195013,127.200579497659
4145010900,경기도 하남시 망월동,존재,경기도,하남시,망월동,경기도 하남시 망월동,37.5680994614325,127.189475097868
4145011000,경기도 하남시 풍산동,존재,경기도,하남시,풍산동,경기도 하남시 풍산동,37.549023322979,127.185090374889
4145011100,경기도 하남시 미사동,존재,경기도,하남시,미사동,경기도 하남시 미사동,37.5690910840715,127.210441105318
4145011200,경기도 하남시 선동,존재,경기도,하남시,선동,경기도 하남시 선동,37.5862418523927,127.184933407624
4145011300,경기도 하남시 감북동,존재,경기도,하남시,감북동,경기도 하남시 감북동,37.5161996997886,127.161915937618
4145011400,경기도 하남시 감일동,존재,경기도,하남시,감일동,경기도 하남시 감일동,37.5082861885184,127.147467026542
4145011500,경기도 하남시 감이동,존재,경기도,하남시,감이동,경기도 하남시 감이동,37.4938628800766,127.166467808806
4145011600,경기도 하남시 학암동,존재,경기도,하남시,학암동,경기도 하남시 학암동,37.4785745414959,127.166501723578
4145011700,경기도 하남시 교산동,존재,경기도,하남시,교산동,경기도 하남시 교산동,37.5222826112644,127.20626880933
4145011800,경기도 하남시 춘궁동,존재,경기도,하남시,춘궁동,경기도 하남시 춘궁동,37.5221445769109,127.194150708904
4145011900,경기도 하남시 하사창동,존재,경기도,하남시,하사창동,경기도 하남시 하사창동,37.5089169272584,127.20742186813
4145012000,경기도 하남시 상사창동,존재,경기도,하남시,상사창동,경기도 하남시 상사창동,37.4897262678148,127.196445848655
4145012100,경기도 하남시 항동,존재,경기도,하남시,항동,경기도 하남시 항동,37.5027310283148,127.184365332522
4145012200,경기도 하남시 초일동,존재,경기도,하남시,초일동,경기도 하남시 초일동,37.5361296989002,127.184153350595
4145012300,경기도 하남시 초이동,존재,경기도,하남시,초이동,경기도 하남시 초이동,37.5366182163011,127.170848728637
4145012400,경기도 하남시 광암동,존재,경기도,하남시,광암동,경기도 하남시 광암동,37.5173515994695,127.173058058124
4146100000,경기도 용인시 처인구,존재,경기도,용인시,처인구,경기도 용인시 처인구,37.2343060386834,127.201357139725
4146110100,경기도 용인시 처인구 김량장동,존재,경기도,용인시,처인구,경기도 용인시 처인구 김량장동,37.2352782190012,127.201914173892
4146110200,경기도 용인시 처인구 역북동,존재,경기도,용인시,처인구,경기도 용인시 처인구 역북동,37.2462035848033,127.188111660691
4146110300,경기도 용인시 처인구 삼가동,존재,경기도,용인시,처인구,경기도 용인시 처인구 삼가동,37.2383199063402,127.162216750898
4146110400,경기도 용인시 처인구 남동,존재,경기도,용인시,처인구,경기도 용인시 처인구 남동,37.220879797532,127.20174058203
4146110500,경기도 용인시 처인구 유방동,존재,경기도,용인시,처인구,경기도 용인시 처인구 유방동,37.2576019329044,127.20432746298
4146110600,경기도 용인시 처인구 고림동,존재,경기도,용인시,처인구,경기도 용인시 처인구 고림동,37.2479057581576,127.226640714475
4146110700,경기도 용인시 처인구 마평동,존재,경기도,용인시,처인구,경기도 용인시 처인구 마평동,37.230247978576,127.232690887549
4146110800,경기도 용인시 처인구 운학동,존재,경기도,용인시,처인구,경기도 용인시 처인구 운학동,37.2141388634875,127.235530040947
4146110900,경기도 용인시 처인구 호동,존재,경기도,용인시,처인구,경기도 용인시 처인구 호동,37.1823928085196,127.266287691766
4146111000,경기도 용인시 처인구 해곡동,존재,경기도,용인시,처인구,경기도 용인시 처인구 해곡동,37.1901494199289,127.275586261729
4146125000,경기도 용인시 처인구 포곡읍,존재,경기도,용인시,처인구,경기도 용인시 처인구 포곡읍,37.2777941589241,127.230843636904
4146125021,경기도 용인시 처인구 포곡읍 삼계리,존재,경기도,용인시,처인구,경기도 용인시 처인구 포곡읍 삼계리,37.2883863552564,127.238318936523
4146125022,경기도 용인시 처인구 포곡읍 금어리,존재,경기도,용인시,처인구,경기도 용인시 처인구 포곡읍 금어리,37.2824726623027,127.251899511313
4146125023,경기도 용인시 처인구 포곡읍 둔전리,존재,경기도,용인시,처인구,경기도 용인시 처인구 포곡읍 둔전리,37.272033420337,127.224016097672
4146125024,경기도 용인시 처인구 포곡읍 영문리,존재,경기도,용인시,처인구,경기도 용인시 처인구 포곡읍 영문리,37.2751141639989,127.208681916424
4146125025,경기도 용인시 처인구 포곡읍 마성리,존재,경기도,용인시,처인구,경기도 용인시 처인구 포곡읍 마성리,37.2760077253778,127.187292789625
4146125026,경기도 용인시 처인구 포곡읍 가실리,존재,경기도,용인시,처인구,경기도 용인시 처인구 포곡읍 가실리,37.2986429553738,127.186550365595
4146125027,경기도 용인시 처인구 포곡읍 전대리,존재,경기도,용인시,처인구,경기도 용인시 처인구 포곡읍 전대리,37.286388282377,127.212547190105
4146125028,경기도 용인시 처인구 포곡읍 유운리,존재,경기도,용인시,처인구,경기도 용인시 처인구 포곡읍 유운리,37.2960874126539,127.216318886452
4146125029,경기도 용인시 처인구 포곡읍 신원리,존재,경기도,용인시,처인구,경기도 용인시 처인구 포곡읍 신원리,37.3154725648997,127.20913186785
4146125300,경기도 용인시 처인구 모현읍,존재,경기도,용인시,처인구,경기도 용인시 처인구 모현읍,37.3296454910844,127.242348722596
4146125321,경기도 용인시 처인구 모현읍 왕산리,존재,경기도,용인시,처인구,경기도 용인시 처인구 모현읍 왕산리,37.3389039217439,127.266085436176
4146125322,경기도 용인시 처인구 모현읍 갈담리,존재,경기도,용인시,처인구,경기도 용인시 처인구 모현읍 갈담리,37.3249775709633,127.237301667162
4146125323,경기도 용인시 처인구 모현읍 초부리,존재,경기도,용인시,처인구,경기도 용인시 처인구 모현읍 초부리,37.3075054873311,127.254302171019
4146125324,경기도 용인시 처인구 모현읍 일산리,존재,경기도,용인시,처인구,경기도 용인시 처인구 모현읍 일산리,37.3460656843984,127.240658957311
4146125325,경기도 용인시 처인구 모현읍 매산리,존재,경기도,용인시,처인구,경기도 용인시 처인구 모현읍 매산리,37.3377028667878,127.220992625867
4146125326,경기도 용인시 처인구 모현읍 동림리,존재,경기도,용인시,처인구,경기도 용인시 처인구 모현읍 동림리,37.3342008672344,127.191345963259
4146125327,경기도 용인시 처인구 모현읍 능원리,존재,경기도,용인시,처인구,경기도 용인시 처인구 모현읍 능원리,37.3257797562343,127.173881422183
4146125328,경기도 용인시 처인구 모현읍 오산리,존재,경기도,용인시,처인구,경기도 용인시 처인구 모현읍 오산리,37.3203079707025,127.150758827685
4146125600,경기도 용인시 처인구 이동읍,존재,경기도,용인시,처인구,경기도 용인시 처인구 이동읍,37.1411278770056,127.196189086676
4146125621,경기도 용인시 처인구 이동읍 송전리,존재,경기도,용인시,처인구,경기도 용인시 처인구 이동읍 송전리,37.1368550979294,127.209841217252
4146125622,경기도 용인시 처인구 이동읍 어비리,존재,경기도,용인시,처인구,경기도 용인시 처인구 이동읍 어비리,37.1083742903514,127.195087529097
4146125623,경기도 용인시 처인구 이동읍 묘봉리,존재,경기도,용인시,처인구,경기도 용인시 처인구 이동읍 묘봉리,37.1324606288178,127.231616847367
4146125624,경기도 용인시 처인구 이동읍 화산리,존재,경기도,용인시,처인구,경기도 용인시 처인구 이동읍 화산리,37.1505724611377,127.234999552625
4146125625,경기도 용인시 처인구 이동읍 시미리,존재,경기도,용인시,처인구,경기도 용인시 처인구 이동읍 시미리,37.1567562697392,127.212652070213
4146125626,경기도 용인시 처인구 이동읍 덕성리,존재,경기도,용인시,처인구,경기도 용인시 처인구 이동읍 덕성리,37.1741860396579,127.208737318244
4146125627,경기도 용인시 처인구 이동읍 묵리,존재,경기도,용인시,처인구,경기도 용인시 처인구 이동읍 묵리,37.172366060769,127.246209846613
4146125628,경기도 용인시 처인구 이동읍 천리,존재,경기도,용인시,처인구,경기도 용인시 처인구 이동읍 천리,37.1995155361926,127.20923957847
4146125629,경기도 용인시 처인구 이동읍 서리,존재,경기도,용인시,처인구,경기도 용인시 처인구 이동읍 서리,37.2035687407557,127.172118251635
4146125900,경기도 용인시 처인구 남사읍,존재,경기도,용인시,처인구,경기도 용인시 처인구 남사읍,37.1157126870885,127.150478244526
4146125921,경기도 용인시 처인구 남사읍 봉무리,존재,경기도,용인시,처인구,경기도 용인시 처인구 남사읍 봉무리,37.1295827518643,127.152589868164
4146125922,경기도 용인시 처인구 남사읍 북리,존재,경기도,용인시,처인구,경기도 용인시 처인구 남사읍 북리,37.1559058063309,127.1428757471
4146125923,경기도 용인시 처인구 남사읍 통삼리,존재,경기도,용인시,처인구,경기도 용인시 처인구 남사읍 통삼리,37.1325511831135,127.12959707653
4146125924,경기도 용인시 처인구 남사읍 봉명리,존재,경기도,용인시,처인구,경기도 용인시 처인구 남사읍 봉명리,37.1108733531696,127.124600761163
4146125925,경기도 용인시 처인구 남사읍 진목리,존재,경기도,용인시,처인구,경기도 용인시 처인구 남사읍 진목리,37.0951046614955,127.128016977613
4146125926,경기도 용인시 처인구 남사읍 원암리,존재,경기도,용인시,처인구,경기도 용인시 처인구 남사읍 원암리,37.0930796106086,127.157501846664
4146125927,경기도 용인시 처인구 남사읍 전궁리,존재,경기도,용인시,처인구,경기도 용인시 처인구 남사읍 전궁리,37.1041624043029,127.157745286721
4146125928,경기도 용인시 처인구 남사읍 방아리,존재,경기도,용인시,처인구,경기도 용인시 처인구 남사읍 방아리,37.1149275793625,127.17374914063
4146125929,경기도 용인시 처인구 남사읍 창리,존재,경기도,용인시,처인구,경기도 용인시 처인구 남사읍 창리,37.1357991928295,127.176587974601
4146125930,경기도 용인시 처인구 남사읍 아곡리,존재,경기도,용인시,처인구,경기도 용인시 처인구 남사읍 아곡리,37.1450460422153,127.167784855987
4146125931,경기도 용인시 처인구 남사읍 완장리,존재,경기도,용인시,처인구,경기도 용인시 처인구 남사읍 완장리,37.1741643496251,127.175425086017
4146126200,경기도 용인시 처인구 양지읍,존재,경기도,용인시,처인구,경기도 용인시 처인구 양지읍,37.235472908635,127.279848670922
4146126221,경기도 용인시 처인구 양지읍 양지리,존재,경기도,용인시,처인구,경기도 용인시 처인구 양지읍 양지리,37.2402880949672,127.279843931779
4146126222,경기도 용인시 처인구 양지읍 남곡리,존재,경기도,용인시,처인구,경기도 용인시 처인구 양지읍 남곡리,37.2157274151759,127.289590966327
4146126223,경기도 용인시 처인구 양지읍 평창리,존재,경기도,용인시,처인구,경기도 용인시 처인구 양지읍 평창리,37.2262274659607,127.326589849902
4146126224,경기도 용인시 처인구 양지읍 제일리,존재,경기도,용인시,처인구,경기도 용인시 처인구 양지읍 제일리,37.2362016711417,127.309954175931
4146126225,경기도 용인시 처인구 양지읍 추계리,존재,경기도,용인시,처인구,경기도 용인시 처인구 양지읍 추계리,37.2552829833623,127.317787630564
4146126226,경기도 용인시 처인구 양지읍 식금리,존재,경기도,용인시,처인구,경기도 용인시 처인구 양지읍 식금리,37.2648325102954,127.322337214738
4146126227,경기도 용인시 처인구 양지읍 정수리,존재,경기도,용인시,처인구,경기도 용인시 처인구 양지읍 정수리,37.2603385027537,127.294523384552
4146126228,경기도 용인시 처인구 양지읍 대대리,존재,경기도,용인시,처인구,경기도 용인시 처인구 양지읍 대대리,37.2710830727469,127.265314417383
4146126229,경기도 용인시 처인구 양지읍 주북리,존재,경기도,용인시,처인구,경기도 용인시 처인구 양지읍 주북리,37.2507236218225,127.250206741294
4146126230,경기도 용인시 처인구 양지읍 송문리,존재,경기도,용인시,처인구,경기도 용인시 처인구 양지읍 송문리,37.2255631921846,127.256794147212
4146134000,경기도 용인시 처인구 원삼면,존재,경기도,용인시,처인구,경기도 용인시 처인구 원삼면,37.1666105822829,127.313205092472
4146134021,경기도 용인시 처인구 원삼면 고당리,존재,경기도,용인시,처인구,경기도 용인시 처인구 원삼면 고당리,37.1722882796475,127.304499856288
4146134022,경기도 용인시 처인구 원삼면 사암리,존재,경기도,용인시,처인구,경기도 용인시 처인구 원삼면 사암리,37.1918769610794,127.297473922617
4146134023,경기도 용인시 처인구 원삼면 좌항리,존재,경기도,용인시,처인구,경기도 용인시 처인구 원삼면 좌항리,37.2061499249076,127.318144742819
4146134024,경기도 용인시 처인구 원삼면 맹리,존재,경기도,용인시,처인구,경기도 용인시 처인구 원삼면 맹리,37.1965094472376,127.337418906478
4146134025,경기도 용인시 처인구 원삼면 미평리,존재,경기도,용인시,처인구,경기도 용인시 처인구 원삼면 미평리,37.1869547512331,127.319199421081
4146134026,경기도 용인시 처인구 원삼면 두창리,존재,경기도,용인시,처인구,경기도 용인시 처인구 원삼면 두창리,37.1533724184644,127.338082668009
4146134027,경기도 용인시 처인구 원삼면 독성리,존재,경기도,용인시,처인구,경기도 용인시 처인구 원삼면 독성리,37.1593760749005,127.310788552571
4146134028,경기도 용인시 처인구 원삼면 죽능리,존재,경기도,용인시,처인구,경기도 용인시 처인구 원삼면 죽능리,37.1428597051933,127.308726487138
4146134029,경기도 용인시 처인구 원삼면 목신리,존재,경기도,용인시,처인구,경기도 용인시 처인구 원삼면 목신리,37.1164042587646,127.311616469093
4146134030,경기도 용인시 처인구 원삼면 학일리,존재,경기도,용인시,처인구,경기도 용인시 처인구 원삼면 학일리,37.1551010489164,127.283649852793
4146134031,경기도 용인시 처인구 원삼면 문촌리,존재,경기도,용인시,처인구,경기도 용인시 처인구 원삼면 문촌리,37.1623322907661,127.290603052463
4146134032,경기도 용인시 처인구 원삼면 가재월리,존재,경기도,용인시,처인구,경기도 용인시 처인구 원삼면 가재월리,37.1769524120776,127.328674777477
4146135000,경기도 용인시 처인구 백암면,존재,경기도,용인시,처인구,경기도 용인시 처인구 백암면,37.1634709899499,127.375348473818
4146135021,경기도 용인시 처인구 백암면 백암리,존재,경기도,용인시,처인구,경기도 용인시 처인구 백암면 백암리,37.1695400120307,127.378891441412
4146135022,경기도 용인시 처인구 백암면 박곡리,존재,경기도,용인시,처인구,경기도 용인시 처인구 백암면 박곡리,37.1680445322043,127.394277605908
4146135023,경기도 용인시 처인구 백암면 백봉리,존재,경기도,용인시,처인구,경기도 용인시 처인구 백암면 백봉리,37.1406587024818,127.394585637188
4146135024,경기도 용인시 처인구 백암면 고안리,존재,경기도,용인시,처인구,경기도 용인시 처인구 백암면 고안리,37.1344339566624,127.41057936298
4146135025,경기도 용인시 처인구 백암면 옥산리,존재,경기도,용인시,처인구,경기도 용인시 처인구 백암면 옥산리,37.1068601932087,127.40575040614
4146135026,경기도 용인시 처인구 백암면 장평리,존재,경기도,용인시,처인구,경기도 용인시 처인구 백암면 장평리,37.1198285845872,127.382887846162
4146135027,경기도 용인시 처인구 백암면 석천리,존재,경기도,용인시,처인구,경기도 용인시 처인구 백암면 석천리,37.1098785662341,127.360638012271
4146135028,경기도 용인시 처인구 백암면 용천리,존재,경기도,용인시,처인구,경기도 용인시 처인구 백암면 용천리,37.123487100611,127.356224010357
4146135029,경기도 용인시 처인구 백암면 근삼리,존재,경기도,용인시,처인구,경기도 용인시 처인구 백암면 근삼리,37.1465998935476,127.364886992213
4146135030,경기도 용인시 처인구 백암면 근창리,존재,경기도,용인시,처인구,경기도 용인시 처인구 백암면 근창리,37.1619291997797,127.361168854758
4146135031,경기도 용인시 처인구 백암면 근곡리,존재,경기도,용인시,처인구,경기도 용인시 처인구 백암면 근곡리,37.1785128719019,127.35974785001
4146135032,경기도 용인시 처인구 백암면 가창리,존재,경기도,용인시,처인구,경기도 용인시 처인구 백암면 가창리,37.1912570228871,127.36689478682
4146135033,경기도 용인시 처인구 백암면 가좌리,존재,경기도,용인시,처인구,경기도 용인시 처인구 백암면 가좌리,37.1827047830914,127.346366633237
4146300000,경기도 용인시 기흥구,존재,경기도,용인시,기흥구,경기도 용인시 기흥구,37.2804108784798,127.114713232773
4146310100,경기도 용인시 기흥구 신갈동,존재,경기도,용인시,기흥구,경기도 용인시 기흥구 신갈동,37.272546586554,127.107034404588
4146310200,경기도 용인시 기흥구 구갈동,존재,경기도,용인시,기흥구,경기도 용인시 기흥구 구갈동,37.27242888979,127.127604033598
4146310300,경기도 용인시 기흥구 상갈동,존재,경기도,용인시,기흥구,경기도 용인시 기흥구 상갈동,37.2665738857821,127.107697878295
4146310400,경기도 용인시 기흥구 하갈동,존재,경기도,용인시,기흥구,경기도 용인시 기흥구 하갈동,37.2526600728182,127.092690974644
4146310500,경기도 용인시 기흥구 보라동,존재,경기도,용인시,기흥구,경기도 용인시 기흥구 보라동,37.2512518337191,127.108492135134
4146310600,경기도 용인시 기흥구 지곡동,존재,경기도,용인시,기흥구,경기도 용인시 기흥구 지곡동,37.2375186465528,127.140545804753
4146310700,경기도 용인시 기흥구 공세동,존재,경기도,용인시,기흥구,경기도 용인시 기흥구 공세동,37.2394247066472,127.11045868633
4146310800,경기도 용인시 기흥구 고매동,존재,경기도,용인시,기흥구,경기도 용인시 기흥구 고매동,37.224542312156,127.099034069243
4146310900,경기도 용인시 기흥구 농서동,존재,경기도,용인시,기흥구,경기도 용인시 기흥구 농서동,37.2255625793852,127.084734248853
4146311000,경기도 용인시 기흥구 서천동,존재,경기도,용인시,기흥구,경기도 용인시 기흥구 서천동,37.2430149989299,127.072437437369
4146311100,경기도 용인시 기흥구 영덕동,존재,경기도,용인시,기흥구,경기도 용인시 기흥구 영덕동,37.2778227962424,127.074495882949
4146311200,경기도 용인시 기흥구 언남동,존재,경기도,용인시,기흥구,경기도 용인시 기흥구 언남동,37.293965840568,127.128966698627
4146311300,경기도 용인시 기흥구 마북동,존재,경기도,용인시,기흥구,경기도 용인시 기흥구 마북동,37.30151412293,127.117425207334
4146311400,경기도 용인시 기흥구 청덕동,존재,경기도,용인시,기흥구,경기도 용인시 기흥구 청덕동,37.299491082895,127.150279648979
4146311500,경기도 용인시 기흥구 동백동,존재,경기도,용인시,기흥구,경기도 용인시 기흥구 동백동,37.2869057949406,127.160945196776
4146311600,경기도 용인시 기흥구 중동,존재,경기도,용인시,기흥구,경기도 용인시 기흥구 중동,37.2682933144575,127.158731907203
4146311700,경기도 용인시 기흥구 상하동,존재,경기도,용인시,기흥구,경기도 용인시 기흥구 상하동,37.2705605523121,127.13845601465
4146311800,경기도 용인시 기흥구 보정동,존재,경기도,용인시,기흥구,경기도 용인시 기흥구 보정동,37.3201877760016,127.113094904481
4146500000,경기도 용인시 수지구,존재,경기도,용인시,수지구,경기도 용인시 수지구,37.3221152975625,127.097681729933
4146510100,경기도 용인시 수지구 풍덕천동,존재,경기도,용인시,수지구,경기도 용인시 수지구 풍덕천동,37.3279850450601,127.094949785208
4146510200,경기도 용인시 수지구 죽전동,존재,경기도,용인시,수지구,경기도 용인시 수지구 죽전동,37.3311110877471,127.113932721957
4146510300,경기도 용인시 수지구 동천동,존재,경기도,용인시,수지구,경기도 용인시 수지구 동천동,37.341861019263,127.099224030122
4146510400,경기도 용인시 수지구 고기동,존재,경기도,용인시,수지구,경기도 용인시 수지구 고기동,37.3568144139185,127.036571318511
4146510500,경기도 용인시 수지구 신봉동,존재,경기도,용인시,수지구,경기도 용인시 수지구 신봉동,37.3206447379732,127.083667546737
4146510600,경기도 용인시 수지구 성복동,존재,경기도,용인시,수지구,경기도 용인시 수지구 성복동,37.3164877954823,127.069042233375
4146510700,경기도 용인시 수지구 상현동,존재,경기도,용인시,수지구,경기도 용인시 수지구 상현동,37.3045648642737,127.081096021137
4148010100,경기도 파주시 금촌동,존재,경기도,파주시,금촌동,경기도 파주시 금촌동,37.7606436758234,126.768817063648
4148010200,경기도 파주시 아동동,존재,경기도,파주시,아동동,경기도 파주시 아동동,37.7649763379076,126.78644472223
4148010400,경기도 파주시 야동동,존재,경기도,파주시,야동동,경기도 파주시 야동동,37.7775745213806,126.765145620726
4148010500,경기도 파주시 검산동,존재,경기도,파주시,검산동,경기도 파주시 검산동,37.7898349883466,126.746124667118
4148010600,경기도 파주시 맥금동,존재,경기도,파주시,맥금동,경기도 파주시 맥금동,37.7866662388696,126.727926139116
4148010700,경기도 파주시 교하동,존재,경기도,파주시,교하동,경기도 파주시 교하동,37.7521392701941,126.748059991604
4148010800,경기도 파주시 야당동,존재,경기도,파주시,야당동,경기도 파주시 야당동,37.7100539174921,126.760495945771
4148010900,경기도 파주시 다율동,존재,경기도,파주시,다율동,경기도 파주시 다율동,37.7375674011586,126.732680218643
4148011000,경기도 파주시 오도동,존재,경기도,파주시,오도동,경기도 파주시 오도동,37.7507092837076,126.72424526325
4148011100,경기도 파주시 상지석동,존재,경기도,파주시,상지석동,경기도 파주시 상지석동,37.7266259640152,126.779689917209
4148011200,경기도 파주시 산남동,존재,경기도,파주시,산남동,경기도 파주시 산남동,37.7021997513878,126.687571455272
4148011300,경기도 파주시 동패동,존재,경기도,파주시,동패동,경기도 파주시 동패동,37.7121045200847,126.721144837067
4148011400,경기도 파주시 당하동,존재,경기도,파주시,당하동,경기도 파주시 당하동,37.741947848212,126.749896226728
4148011500,경기도 파주시 문발동,존재,경기도,파주시,문발동,경기도 파주시 문발동,37.7217352471643,126.688501177025
4148011600,경기도 파주시 송촌동,존재,경기도,파주시,송촌동,경기도 파주시 송촌동,37.7494561539522,126.693990319619
4148011700,경기도 파주시 목동동,존재,경기도,파주시,목동동,경기도 파주시 목동동,37.7247871246802,126.735457558469
4148011800,경기도 파주시 하지석동,존재,경기도,파주시,하지석동,경기도 파주시 하지석동,37.7596738294058,126.744198697461
4148011900,경기도 파주시 서패동,존재,경기도,파주시,서패동,경기도 파주시 서패동,37.7137489482969,126.696754808913
4148012000,경기도 파주시 신촌동,존재,경기도,파주시,신촌동,경기도 파주시 신촌동,37.7344126502463,126.68811681336
4148012100,경기도 파주시 연다산동,존재,경기도,파주시,연다산동,경기도 파주시 연다산동,37.7441879822884,126.712878097414
4148012200,경기도 파주시 와동동,존재,경기도,파주시,와동동,경기도 파주시 와동동,37.7318625355612,126.761251570125
4148012300,경기도 파주시 금릉동,존재,경기도,파주시,금릉동,경기도 파주시 금릉동,37.7512000591471,126.787151528373
4148025000,경기도 파주시 문산읍,존재,경기도,파주시,문산읍,경기도 파주시 문산읍,37.8565504951624,126.790957897268
4148025021,경기도 파주시 문산읍 문산리,존재,경기도,파주시,문산읍,경기도 파주시 문산읍 문산리,37.8549813070809,126.786089894101
4148025022,경기도 파주시 문산읍 당동리,존재,경기도,파주시,문산읍,경기도 파주시 문산읍 당동리,37.866814337231,126.767990256717
4148025023,경기도 파주시 문산읍 선유리,존재,경기도,파주시,문산읍,경기도 파주시 문산읍 선유리,37.8664821099633,126.803244654996
4148025024,경기도 파주시 문산읍 임진리,존재,경기도,파주시,문산읍,경기도 파주시 문산읍 임진리,37.880733321523,126.79585008405
4148025025,경기도 파주시 문산읍 운천리,존재,경기도,파주시,문산읍,경기도 파주시 문산읍 운천리,37.88067686459,126.780495831628
4148025026,경기도 파주시 문산읍 사목리,존재,경기도,파주시,문산읍,경기도 파주시 문산읍 사목리,37.8755163318006,126.753241592001
4148025027,경기도 파주시 문산읍 마정리,존재,경기도,파주시,문산읍,경기도 파주시 문산읍 마정리,37.8942338964856,126.751305518084
4148025028,경기도 파주시 문산읍 장산리,존재,경기도,파주시,문산읍,경기도 파주시 문산읍 장산리,37.9026528522545,126.780576113357
4148025029,경기도 파주시 문산읍 내포리,존재,경기도,파주시,문산읍,경기도 파주시 문산읍 내포리,37.8425471722465,126.761190596508
4148025030,경기도 파주시 문산읍 이천리,존재,경기도,파주시,문산읍,경기도 파주시 문산읍 이천리,37.8703454666421,126.831156693072
4148025300,경기도 파주시 파주읍,존재,경기도,파주시,파주읍,경기도 파주시 파주읍,37.8307483887253,126.820028579509
4148025321,경기도 파주시 파주읍 봉서리,존재,경기도,파주시,파주읍,경기도 파주시 파주읍 봉서리,37.8479023488126,126.795622500847
4148025322,경기도 파주시 파주읍 향양리,존재,경기도,파주시,파주읍,경기도 파주시 파주읍 향양리,37.8516015002145,126.820986886168
4148025323,경기도 파주시 파주읍 부곡리,존재,경기도,파주시,파주읍,경기도 파주시 파주읍 부곡리,37.8124414736872,126.830075775696
4148025324,경기도 파주시 파주읍 봉암리,존재,경기도,파주시,파주읍,경기도 파주시 파주읍 봉암리,37.8212161168917,126.795627961784
4148025325,경기도 파주시 파주읍 백석리,존재,경기도,파주시,파주읍,경기도 파주시 파주읍 백석리,37.8078260022627,126.81179000197
4148025326,경기도 파주시 파주읍 파주리,존재,경기도,파주시,파주읍,경기도 파주시 파주읍 파주리,37.8318487398518,126.818453764406
4148025327,경기도 파주시 파주읍 연풍리,존재,경기도,파주시,파주읍,경기도 파주시 파주읍 연풍리,37.8329922908161,126.844432609259
4148025600,경기도 파주시 법원읍,존재,경기도,파주시,법원읍,경기도 파주시 법원읍,37.849177767921,126.882366115155
4148025621,경기도 파주시 법원읍 오현리,존재,경기도,파주시,법원읍,경기도 파주시 법원읍 오현리,37.868983425313,126.925503900367
4148025622,경기도 파주시 법원읍 법원리,존재,경기도,파주시,법원읍,경기도 파주시 법원읍 법원리,37.8612627398144,126.891338052464
4148025623,경기도 파주시 법원읍 가야리,존재,경기도,파주시,법원읍,경기도 파주시 법원읍 가야리,37.8535983090965,126.861278911908
4148025624,경기도 파주시 법원읍 동문리,존재,경기도,파주시,법원읍,경기도 파주시 법원읍 동문리,37.8657356101935,126.852146287084
4148025625,경기도 파주시 법원읍 대능리,존재,경기도,파주시,법원읍,경기도 파주시 법원읍 대능리,37.8399086540865,126.871897226745
4148025626,경기도 파주시 법원읍 삼방리,존재,경기도,파주시,법원읍,경기도 파주시 법원읍 삼방리,37.8283508808268,126.8819266562
4148025627,경기도 파주시 법원읍 갈곡리,존재,경기도,파주시,법원읍,경기도 파주시 법원읍 갈곡리,37.8509580364456,126.916032203966
4148025628,경기도 파주시 법원읍 직천리,존재,경기도,파주시,법원읍,경기도 파주시 법원읍 직천리,37.8933186690159,126.923705842111
4148025629,경기도 파주시 법원읍 웅담리,존재,경기도,파주시,법원읍,경기도 파주시 법원읍 웅담리,37.9107827915598,126.895791134059
4148025630,경기도 파주시 법원읍 금곡리,존재,경기도,파주시,법원읍,경기도 파주시 법원읍 금곡리,37.8898736819652,126.887953728616
4148026200,경기도 파주시 조리읍,존재,경기도,파주시,조리읍,경기도 파주시 조리읍,37.7447154207441,126.805164975937
4148026221,경기도 파주시 조리읍 봉일천리,존재,경기도,파주시,조리읍,경기도 파주시 조리읍 봉일천리,37.7456001328652,126.817525490449
4148026222,경기도 파주시 조리읍 뇌조리,존재,경기도,파주시,조리읍,경기도 파주시 조리읍 뇌조리,37.7536901995169,126.819466463076
4148026223,경기도 파주시 조리읍 등원리,존재,경기도,파주시,조리읍,경기도 파주시 조리읍 등원리,37.7556624289157,126.804237529753
4148026224,경기도 파주시 조리읍 장곡리,존재,경기도,파주시,조리읍,경기도 파주시 조리읍 장곡리,37.7479126290072,126.841629002265
4148026225,경기도 파주시 조리읍 오산리,존재,경기도,파주시,조리읍,경기도 파주시 조리읍 오산리,37.7701057283812,126.831602796316
4148026226,경기도 파주시 조리읍 능안리,존재,경기도,파주시,조리읍,경기도 파주시 조리읍 능안리,37.7406715658493,126.786269504216
4148026227,경기도 파주시 조리읍 대원리,존재,경기도,파주시,조리읍,경기도 파주시 조리읍 대원리,37.7332861011601,126.813181339184
4148031000,경기도 파주시 월롱면,존재,경기도,파주시,월롱면,경기도 파주시 월롱면,37.796138372362,126.790219928738
4148031021,경기도 파주시 월롱면 위전리,존재,경기도,파주시,월롱면,경기도 파주시 월롱면 위전리,37.7925722026524,126.795243668775
4148031022,경기도 파주시 월롱면 도내리,존재,경기도,파주시,월롱면,경기도 파주시 월롱면 도내리,37.7878312836783,126.820627689657
4148031023,경기도 파주시 월롱면 덕은리,존재,경기도,파주시,월롱면,경기도 파주시 월롱면 덕은리,37.8033006351561,126.769765161919
4148031024,경기도 파주시 월롱면 능산리,존재,경기도,파주시,월롱면,경기도 파주시 월롱면 능산리,37.8296867697361,126.772931892166
4148031025,경기도 파주시 월롱면 영태리,존재,경기도,파주시,월롱면,경기도 파주시 월롱면 영태리,37.7759706377307,126.796020459673
4148032000,경기도 파주시 탄현면,존재,경기도,파주시,탄현면,경기도 파주시 탄현면,37.8025424016272,126.716245034905
4148032021,경기도 파주시 탄현면 성동리,존재,경기도,파주시,탄현면,경기도 파주시 탄현면 성동리,37.7844648849268,126.678116526012
4148032022,경기도 파주시 탄현면 법흥리,존재,경기도,파주시,탄현면,경기도 파주시 탄현면 법흥리,37.7816330418858,126.697449386782
4148032023,경기도 파주시 탄현면 갈현리,존재,경기도,파주시,탄현면,경기도 파주시 탄현면 갈현리,37.7648173599726,126.714732255844
4148032024,경기도 파주시 탄현면 문지리,존재,경기도,파주시,탄현면,경기도 파주시 탄현면 문지리,37.8330166132211,126.723961916981
4148032025,경기도 파주시 탄현면 대동리,존재,경기도,파주시,탄현면,경기도 파주시 탄현면 대동리,37.8096567081932,126.689249619237
4148032026,경기도 파주시 탄현면 만우리,존재,경기도,파주시,탄현면,경기도 파주시 탄현면 만우리,37.8262379797929,126.690661252037
4148032027,경기도 파주시 탄현면 축현리,존재,경기도,파주시,탄현면,경기도 파주시 탄현면 축현리,37.8089867531975,126.730356184773
4148032028,경기도 파주시 탄현면 금승리,존재,경기도,파주시,탄현면,경기도 파주시 탄현면 금승리,37.8173219504632,126.744713128268
4148032029,경기도 파주시 탄현면 오금리,존재,경기도,파주시,탄현면,경기도 파주시 탄현면 오금리,37.830159658174,126.70499372718
4148032030,경기도 파주시 탄현면 낙하리,존재,경기도,파주시,탄현면,경기도 파주시 탄현면 낙하리,37.8389590352924,126.738049492763
4148032031,경기도 파주시 탄현면 금산리,존재,경기도,파주시,탄현면,경기도 파주시 탄현면 금산리,37.8079647937797,126.703973728078
4148035000,경기도 파주시 광탄면,존재,경기도,파주시,광탄면,경기도 파주시 광탄면,37.7761506126284,126.851257899494
4148035021,경기도 파주시 광탄면 분수리,존재,경기도,파주시,광탄면,경기도 파주시 광탄면 분수리,37.7608867491411,126.871398108716
4148035022,경기도 파주시 광탄면 방축리,존재,경기도,파주시,광탄면,경기도 파주시 광탄면 방축리,37.8092136107499,126.855234319099
4148035023,경기도 파주시 광탄면 마장리,존재,경기도,파주시,광탄면,경기도 파주시 광탄면 마장리,37.7776384925689,126.882733832875
4148035024,경기도 파주시 광탄면 발랑리,존재,경기도,파주시,광탄면,경기도 파주시 광탄면 발랑리,37.8063260290211,126.895202254259
4148035025,경기도 파주시 광탄면 창만리,존재,경기도,파주시,광탄면,경기도 파주시 광탄면 창만리,37.7979332530319,126.864012709917
4148035026,경기도 파주시 광탄면 용미리,존재,경기도,파주시,광탄면,경기도 파주시 광탄면 용미리,37.7428573959144,126.878958383774
4148035027,경기도 파주시 광탄면 신산리,존재,경기도,파주시,광탄면,경기도 파주시 광탄면 신산리,37.7832215399172,126.84856466582
4148035028,경기도 파주시 광탄면 기산리,존재,경기도,파주시,광탄면,경기도 파주시 광탄면 기산리,37.7727469278536,126.92566866455
4148035029,경기도 파주시 광탄면 영장리,존재,경기도,파주시,광탄면,경기도 파주시 광탄면 영장리,37.7673597453493,126.910919642743
4148036000,경기도 파주시 파평면,존재,경기도,파주시,파평면,경기도 파주시 파평면,37.9219358887444,126.837949199917
4148036021,경기도 파주시 파평면 덕천리,존재,경기도,파주시,파평면,경기도 파주시 파평면 덕천리,37.9333625992643,126.879265485617
4148036022,경기도 파주시 파평면 두포리,존재,경기도,파주시,파평면,경기도 파주시 파평면 두포리,37.9087845848355,126.839733766842
4148036023,경기도 파주시 파평면 마산리,존재,경기도,파주시,파평면,경기도 파주시 파평면 마산리,37.8950059631997,126.852451573256
4148036024,경기도 파주시 파평면 율곡리,존재,경기도,파주시,파평면,경기도 파주시 파평면 율곡리,37.8870397756349,126.817704476977
4148036026,경기도 파주시 파평면 금파리,존재,경기도,파주시,파평면,경기도 파주시 파평면 금파리,37.924144685963,126.845764837564
4148036027,경기도 파주시 파평면 장파리,존재,경기도,파주시,파평면,경기도 파주시 파평면 장파리,37.9461140267268,126.843680170735
4148036028,경기도 파주시 파평면 눌노리,존재,경기도,파주시,파평면,경기도 파주시 파평면 눌노리,37.9231478384015,126.86136673563
4148037000,경기도 파주시 적성면,존재,경기도,파주시,적성면,경기도 파주시 적성면,37.9543767524195,126.917635009286
4148037021,경기도 파주시 적성면 어유지리,존재,경기도,파주시,적성면,경기도 파주시 적성면 어유지리,37.9940571607063,126.991525457363
4148037022,경기도 파주시 적성면 장좌리,존재,경기도,파주시,적성면,경기도 파주시 적성면 장좌리,37.9710875982539,126.848930698873
4148037023,경기도 파주시 적성면 장현리,존재,경기도,파주시,적성면,경기도 파주시 적성면 장현리,37.9881906529227,126.971081389711
4148037024,경기도 파주시 적성면 구읍리,존재,경기도,파주시,적성면,경기도 파주시 적성면 구읍리,37.9672245401146,126.929415146479
4148037025,경기도 파주시 적성면 객현리,존재,경기도,파주시,적성면,경기도 파주시 적성면 객현리,37.9613640513537,126.957800838687
4148037026,경기도 파주시 적성면 가월리,존재,경기도,파주시,적성면,경기도 파주시 적성면 가월리,37.9790840474119,126.908005483731
4148037027,경기도 파주시 적성면 무건리,존재,경기도,파주시,적성면,경기도 파주시 적성면 무건리,37.9180869611501,126.928729731001
4148037028,경기도 파주시 적성면 율포리,존재,경기도,파주시,적성면,경기도 파주시 적성면 율포리,37.9888595599554,126.955166868529
4148037029,경기도 파주시 적성면 답곡리,존재,경기도,파주시,적성면,경기도 파주시 적성면 답곡리,37.9572256219376,126.858926834649
4148037030,경기도 파주시 적성면 식현리,존재,경기도,파주시,적성면,경기도 파주시 적성면 식현리,37.9504213924264,126.892731467775
4148037031,경기도 파주시 적성면 주월리,존재,경기도,파주시,적성면,경기도 파주시 적성면 주월리,37.9877810883242,126.900677362825
4148037032,경기도 파주시 적성면 설마리,존재,경기도,파주시,적성면,경기도 파주시 적성면 설마리,37.9399227324018,126.960634358807
4148037033,경기도 파주시 적성면 적암리,존재,경기도,파주시,적성면,경기도 파주시 적성면 적암리,37.9746981972465,126.996776786663
4148037034,경기도 파주시 적성면 두지리,존재,경기도,파주시,적성면,경기도 파주시 적성면 두지리,37.9650336764785,126.899897762529
4148037035,경기도 파주시 적성면 마지리,존재,경기도,파주시,적성면,경기도 파주시 적성면 마지리,37.9507832954251,126.916892643664
4148037036,경기도 파주시 적성면 자장리,존재,경기도,파주시,적성면,경기도 파주시 적성면 자장리,37.9651727990914,126.875731160278
4148038000,경기도 파주시 군내면,존재,경기도,파주시,군내면,경기도 파주시 군내면,37.9222290691526,126.741785092706
4148038021,경기도 파주시 군내면 백연리,존재,경기도,파주시,군내면,경기도 파주시 군내면 백연리,37.908729292342,126.730492915118
4148038022,경기도 파주시 군내면 정자리,존재,경기도,파주시,군내면,경기도 파주시 군내면 정자리,37.917181183492,126.757492252241
4148038023,경기도 파주시 군내면 조산리,존재,경기도,파주시,군내면,경기도 파주시 군내면 조산리,37.9392287921228,126.679144553334
4148038024,경기도 파주시 군내면 읍내리,존재,경기도,파주시,군내면,경기도 파주시 군내면 읍내리,37.9354561458531,126.749050885432
4148038025,경기도 파주시 군내면 송산리,존재,경기도,파주시,군내면,경기도 파주시 군내면 송산리,37.9295600253444,126.696844195443
4148038026,경기도 파주시 군내면 점원리,존재,경기도,파주시,군내면,경기도 파주시 군내면 점원리,37.9223071327293,126.717714383294
4148038027,경기도 파주시 군내면 방목리,존재,경기도,파주시,군내면,경기도 파주시 군내면 방목리,37.952866368455,126.759664240591
4148039000,경기도 파주시 장단면,존재,경기도,파주시,장단면,경기도 파주시 장단면,37.8673872474671,126.713896328482
4148039021,경기도 파주시 장단면 노상리,존재,경기도,파주시,장단면,경기도 파주시 장단면 노상리,37.8888738592731,126.712771883645
4148039022,경기도 파주시 장단면 노하리,존재,경기도,파주시,장단면,경기도 파주시 장단면 노하리,37.8777943117723,126.694969604674
4148039023,경기도 파주시 장단면 거곡리,존재,경기도,파주시,장단면,경기도 파주시 장단면 거곡리,37.86818156207,126.732936394775
4148039024,경기도 파주시 장단면 도라산리,존재,경기도,파주시,장단면,경기도 파주시 장단면 도라산리,37.9024810941719,126.700953085944
4148039025,경기도 파주시 장단면 석곶리,존재,경기도,파주시,장단면,경기도 파주시 장단면 석곶리,37.85729528413,126.719326085763
4148039026,경기도 파주시 장단면 강정리,존재,경기도,파주시,장단면,경기도 파주시 장단면 강정리,37.850212726364,126.701300666096
4148039027,경기도 파주시 장단면 동장리,존재,경기도,파주시,장단면,경기도 파주시 장단면 동장리,37.8911426029295,126.682663858955
4148039028,경기도 파주시 장단면 정동리,존재,경기도,파주시,장단면,경기도 파주시 장단면 정동리,37.8517131575774,126.689250436125
4148039029,경기도 파주시 장단면 덕산리,존재,경기도,파주시,장단면,경기도 파주시 장단면 덕산리,37.8676143220342,126.686997067907
4148040000,경기도 파주시 진동면,존재,경기도,파주시,진동면,경기도 파주시 진동면,37.9358392999861,126.802627655887
4148040021,경기도 파주시 진동면 동파리,존재,경기도,파주시,진동면,경기도 파주시 진동면 동파리,37.9175081189792,126.790767298155
4148040022,경기도 파주시 진동면 용산리,존재,경기도,파주시,진동면,경기도 파주시 진동면 용산리,37.9476678827914,126.821345671006
4148040023,경기도 파주시 진동면 하포리,존재,경기도,파주시,진동면,경기도 파주시 진동면 하포리,37.9345311912412,126.809215114137
4148040024,경기도 파주시 진동면 서곡리,존재,경기도,파주시,진동면,경기도 파주시 진동면 서곡리,37.9540294617839,126.779435746287
4148040025,경기도 파주시 진동면 초리,존재,경기도,파주시,진동면,경기도 파주시 진동면 초리,37.969170809342,126.796575055748
4148041000,경기도 파주시 진서면,존재,경기도,파주시,진서면,경기도 파주시 진서면,37.9505611855655,126.715007652455
4148041022,경기도 파주시 진서면 어룡리,존재,경기도,파주시,진서면,경기도 파주시 진서면 어룡리,37.9527272358345,126.693581384113
4148041023,경기도 파주시 진서면 금릉리,존재,경기도,파주시,진서면,경기도 파주시 진서면 금릉리,37.9530499661189,126.717414730571
4148041024,경기도 파주시 진서면 선적리,존재,경기도,파주시,진서면,경기도 파주시 진서면 선적리,37.9555325868278,126.675382491498
4150010100,경기도 이천시 창전동,존재,경기도,이천시,창전동,경기도 이천시 창전동,37.2817967074992,127.440989684587
4150010200,경기도 이천시 관고동,존재,경기도,이천시,관고동,경기도 이천시 관고동,37.2823777009377,127.437880835387
4150010300,경기도 이천시 중리동,존재,경기도,이천시,중리동,경기도 이천시 중리동,37.2779447382229,127.441729439998
4150010400,경기도 이천시 증일동,존재,경기도,이천시,증일동,경기도 이천시 증일동,37.2650167962085,127.429956387708
4150010500,경기도 이천시 율현동,존재,경기도,이천시,율현동,경기도 이천시 율현동,37.2600247977368,127.444663940671
4150010600,경기도 이천시 진리동,존재,경기도,이천시,진리동,경기도 이천시 진리동,37.268687676642,127.455479467144
4150010700,경기도 이천시 안흥동,존재,경기도,이천시,안흥동,경기도 이천시 안흥동,37.2761309779513,127.461793371116
4150010800,경기도 이천시 갈산동,존재,경기도,이천시,갈산동,경기도 이천시 갈산동,37.2882392149522,127.469535781801
4150010900,경기도 이천시 증포동,존재,경기도,이천시,증포동,경기도 이천시 증포동,37.2903779816379,127.452488600869
4150011000,경기도 이천시 송정동,존재,경기도,이천시,송정동,경기도 이천시 송정동,37.2953212195905,127.438555848188
4150011100,경기도 이천시 사음동,존재,경기도,이천시,사음동,경기도 이천시 사음동,37.2956530519341,127.419596840542
4150011200,경기도 이천시 단월동,존재,경기도,이천시,단월동,경기도 이천시 단월동,37.2268239399356,127.448331577524
4150011300,경기도 이천시 대포동,존재,경기도,이천시,대포동,경기도 이천시 대포동,37.2099434833441,127.459240269813
4150011400,경기도 이천시 고담동,존재,경기도,이천시,고담동,경기도 이천시 고담동,37.2414130497068,127.459746697645
4150011500,경기도 이천시 장록동,존재,경기도,이천시,장록동,경기도 이천시 장록동,37.253195360227,127.455927234167
4150025000,경기도 이천시 장호원읍,존재,경기도,이천시,장호원읍,경기도 이천시 장호원읍,37.1163277263022,127.616595917538
4150025021,경기도 이천시 장호원읍 장호원리,존재,경기도,이천시,장호원읍,경기도 이천시 장호원읍 장호원리,37.1207740245441,127.621672929382
4150025022,경기도 이천시 장호원읍 오남리,존재,경기도,이천시,장호원읍,경기도 이천시 장호원읍 오남리,37.1013021008581,127.621369785321
4150025023,경기도 이천시 장호원읍 진암리,존재,경기도,이천시,장호원읍,경기도 이천시 장호원읍 진암리,37.1129912577092,127.60520537702
4150025024,경기도 이천시 장호원읍 어석리,존재,경기도,이천시,장호원읍,경기도 이천시 장호원읍 어석리,37.0990198547407,127.59553264478
4150025025,경기도 이천시 장호원읍 대서리,존재,경기도,이천시,장호원읍,경기도 이천시 장호원읍 대서리,37.1086905875436,127.571231088935
4150025026,경기도 이천시 장호원읍 송산리,존재,경기도,이천시,장호원읍,경기도 이천시 장호원읍 송산리,37.1213762392254,127.589870077745
4150025027,경기도 이천시 장호원읍 방추리,존재,경기도,이천시,장호원읍,경기도 이천시 장호원읍 방추리,37.1284339121412,127.569092777908
4150025028,경기도 이천시 장호원읍 선읍리,존재,경기도,이천시,장호원읍,경기도 이천시 장호원읍 선읍리,37.1423958044014,127.574482871954
4150025029,경기도 이천시 장호원읍 이황리,존재,경기도,이천시,장호원읍,경기도 이천시 장호원읍 이황리,37.1574096590886,127.579171536644
4150025030,경기도 이천시 장호원읍 나래리,존재,경기도,이천시,장호원읍,경기도 이천시 장호원읍 나래리,37.1772123436408,127.586957301183
4150025031,경기도 이천시 장호원읍 와현리,존재,경기도,이천시,장호원읍,경기도 이천시 장호원읍 와현리,37.1575737856788,127.598369236146
4150025032,경기도 이천시 장호원읍 풍계리,존재,경기도,이천시,장호원읍,경기도 이천시 장호원읍 풍계리,37.1472693175883,127.617364804179
4150025033,경기도 이천시 장호원읍 노탑리,존재,경기도,이천시,장호원읍,경기도 이천시 장호원읍 노탑리,37.1367414432366,127.626305347747
4150025300,경기도 이천시 부발읍,존재,경기도,이천시,부발읍,경기도 이천시 부발읍,37.283660360919,127.486886526274
4150025321,경기도 이천시 부발읍 무촌리,존재,경기도,이천시,부발읍,경기도 이천시 부발읍 무촌리,37.2876085422032,127.489104211158
4150025322,경기도 이천시 부발읍 죽당리,존재,경기도,이천시,부발읍,경기도 이천시 부발읍 죽당리,37.2813111385676,127.512346230224
4150025323,경기도 이천시 부발읍 신원리,존재,경기도,이천시,부발읍,경기도 이천시 부발읍 신원리,37.2964479177242,127.512462410787
4150025324,경기도 이천시 부발읍 고백리,존재,경기도,이천시,부발읍,경기도 이천시 부발읍 고백리,37.2997465689766,127.524598207445
4150025325,경기도 이천시 부발읍 대관리,존재,경기도,이천시,부발읍,경기도 이천시 부발읍 대관리,37.3068895895914,127.533536348556
4150025326,경기도 이천시 부발읍 마암리,존재,경기도,이천시,부발읍,경기도 이천시 부발읍 마암리,37.275445927519,127.47371832993
4150025327,경기도 이천시 부발읍 산촌리,존재,경기도,이천시,부발읍,경기도 이천시 부발읍 산촌리,37.2713962317241,127.490207949968
4150025328,경기도 이천시 부발읍 신하리,존재,경기도,이천시,부발읍,경기도 이천시 부발읍 신하리,37.259727477951,127.474823810822
4150025329,경기도 이천시 부발읍 가좌리,존재,경기도,이천시,부발읍,경기도 이천시 부발읍 가좌리,37.2545658556121,127.472243926478
4150025330,경기도 이천시 부발읍 아미리,존재,경기도,이천시,부발읍,경기도 이천시 부발읍 아미리,37.2580628944302,127.498373060353
4150025331,경기도 이천시 부발읍 수정리,존재,경기도,이천시,부발읍,경기도 이천시 부발읍 수정리,37.2636709082316,127.52668371677
4150025332,경기도 이천시 부발읍 송온리,존재,경기도,이천시,부발읍,경기도 이천시 부발읍 송온리,37.2542303649301,127.523732358089
4150025333,경기도 이천시 부발읍 가산리,존재,경기도,이천시,부발읍,경기도 이천시 부발읍 가산리,37.2459479705863,127.518017111887
4150025334,경기도 이천시 부발읍 응암리,존재,경기도,이천시,부발읍,경기도 이천시 부발읍 응암리,37.2323716669002,127.519546912646
4150031000,경기도 이천시 신둔면,존재,경기도,이천시,신둔면,경기도 이천시 신둔면,37.3062420303844,127.404039913146
4150031021,경기도 이천시 신둔면 수광리,존재,경기도,이천시,신둔면,경기도 이천시 신둔면 수광리,37.3141324816126,127.400553447497
4150031022,경기도 이천시 신둔면 남정리,존재,경기도,이천시,신둔면,경기도 이천시 신둔면 남정리,37.3167731496186,127.410355183446
4150031023,경기도 이천시 신둔면 지석리,존재,경기도,이천시,신둔면,경기도 이천시 신둔면 지석리,37.3306889733111,127.417462709161
4150031024,경기도 이천시 신둔면 장동리,존재,경기도,이천시,신둔면,경기도 이천시 신둔면 장동리,37.3377971571295,127.442021036968
4150031025,경기도 이천시 신둔면 도봉리,존재,경기도,이천시,신둔면,경기도 이천시 신둔면 도봉리,37.310491904006,127.452658751089
4150031026,경기도 이천시 신둔면 도암리,존재,경기도,이천시,신둔면,경기도 이천시 신둔면 도암리,37.3188346060269,127.438516436788
4150031027,경기도 이천시 신둔면 수하리,존재,경기도,이천시,신둔면,경기도 이천시 신둔면 수하리,37.3105231207407,127.427796868516
4150031028,경기도 이천시 신둔면 수남리,존재,경기도,이천시,신둔면,경기도 이천시 신둔면 수남리,37.2917506029863,127.400637755098
4150031029,경기도 이천시 신둔면 고척리,존재,경기도,이천시,신둔면,경기도 이천시 신둔면 고척리,37.2876434532719,127.378255875834
4150031030,경기도 이천시 신둔면 용면리,존재,경기도,이천시,신둔면,경기도 이천시 신둔면 용면리,37.3023080384898,127.368164468029
4150031031,경기도 이천시 신둔면 인후리,존재,경기도,이천시,신둔면,경기도 이천시 신둔면 인후리,37.3116314425496,127.379716161559
4150031032,경기도 이천시 신둔면 마교리,존재,경기도,이천시,신둔면,경기도 이천시 신둔면 마교리,37.2994728784752,127.389165315065
4150031033,경기도 이천시 신둔면 소정리,존재,경기도,이천시,신둔면,경기도 이천시 신둔면 소정리,37.3017474065745,127.396666382492
4150032000,경기도 이천시 백사면,존재,경기도,이천시,백사면,경기도 이천시 백사면,37.3390684492294,127.49071965936
4150032021,경기도 이천시 백사면 현방리,존재,경기도,이천시,백사면,경기도 이천시 백사면 현방리,37.332854062753,127.49440738347
4150032022,경기도 이천시 백사면 경사리,존재,경기도,이천시,백사면,경기도 이천시 백사면 경사리,37.3371152268614,127.45270562812
4150032023,경기도 이천시 백사면 도립리,존재,경기도,이천시,백사면,경기도 이천시 백사면 도립리,37.3398772293673,127.468123717118
4150032024,경기도 이천시 백사면 송말리,존재,경기도,이천시,백사면,경기도 이천시 백사면 송말리,37.3474408202109,127.473903928629
4150032025,경기도 이천시 백사면 신대리,존재,경기도,이천시,백사면,경기도 이천시 백사면 신대리,37.3163551390293,127.463072699784
4150032026,경기도 이천시 백사면 모전리,존재,경기도,이천시,백사면,경기도 이천시 백사면 모전리,37.3049995739157,127.471043152814
4150032027,경기도 이천시 백사면 도지리,존재,경기도,이천시,백사면,경기도 이천시 백사면 도지리,37.304556986101,127.489516250258
4150032028,경기도 이천시 백사면 조읍리,존재,경기도,이천시,백사면,경기도 이천시 백사면 조읍리,37.3218867031413,127.482205003643
4150032029,경기도 이천시 백사면 우곡리,존재,경기도,이천시,백사면,경기도 이천시 백사면 우곡리,37.3144474634086,127.503072445122
4150032030,경기도 이천시 백사면 내촌리,존재,경기도,이천시,백사면,경기도 이천시 백사면 내촌리,37.3201945789736,127.499153076601
4150032031,경기도 이천시 백사면 상용리,존재,경기도,이천시,백사면,경기도 이천시 백사면 상용리,37.3206921698338,127.519202083998
4150032032,경기도 이천시 백사면 백우리,존재,경기도,이천시,백사면,경기도 이천시 백사면 백우리,37.3321398281552,127.512343682602
4150033000,경기도 이천시 호법면,존재,경기도,이천시,호법면,경기도 이천시 호법면,37.2231047253813,127.424787739446
4150033021,경기도 이천시 호법면 유산리,존재,경기도,이천시,호법면,경기도 이천시 호법면 유산리,37.2408446115409,127.438573612747
4150033022,경기도 이천시 호법면 안평리,존재,경기도,이천시,호법면,경기도 이천시 호법면 안평리,37.2423933481106,127.417935445856
4150033023,경기도 이천시 호법면 후안리,존재,경기도,이천시,호법면,경기도 이천시 호법면 후안리,37.22462246418,127.427685271854
4150033024,경기도 이천시 호법면 단천리,존재,경기도,이천시,호법면,경기도 이천시 호법면 단천리,37.2262880524785,127.403941984672
4150033025,경기도 이천시 호법면 매곡리,존재,경기도,이천시,호법면,경기도 이천시 호법면 매곡리,37.1996756568797,127.388607344373
4150033026,경기도 이천시 호법면 동산리,존재,경기도,이천시,호법면,경기도 이천시 호법면 동산리,37.200090768158,127.407722214412
4150033027,경기도 이천시 호법면 주박리,존재,경기도,이천시,호법면,경기도 이천시 호법면 주박리,37.2077081126425,127.41757736379
4150033028,경기도 이천시 호법면 주미리,존재,경기도,이천시,호법면,경기도 이천시 호법면 주미리,37.2151823132219,127.436802681753
4150033029,경기도 이천시 호법면 송갈리,존재,경기도,이천시,호법면,경기도 이천시 호법면 송갈리,37.196295532725,127.427164995081
4150034000,경기도 이천시 마장면,존재,경기도,이천시,마장면,경기도 이천시 마장면,37.2489295288459,127.357967852826
4150034021,경기도 이천시 마장면 오천리,존재,경기도,이천시,마장면,경기도 이천시 마장면 오천리,37.2402004790072,127.353089496
4150034022,경기도 이천시 마장면 양촌리,존재,경기도,이천시,마장면,경기도 이천시 마장면 양촌리,37.251702841568,127.345252983342
4150034023,경기도 이천시 마장면 관리,존재,경기도,이천시,마장면,경기도 이천시 마장면 관리,37.2776158583829,127.357670670426
4150034024,경기도 이천시 마장면 회억리,존재,경기도,이천시,마장면,경기도 이천시 마장면 회억리,37.26072667153,127.367141301709
4150034025,경기도 이천시 마장면 장암리,존재,경기도,이천시,마장면,경기도 이천시 마장면 장암리,37.2752840862336,127.393965764616
4150034026,경기도 이천시 마장면 목리,존재,경기도,이천시,마장면,경기도 이천시 마장면 목리,37.2657507097901,127.40477498543
4150034027,경기도 이천시 마장면 표교리,존재,경기도,이천시,마장면,경기도 이천시 마장면 표교리,37.25492172587,127.401164058486
4150034028,경기도 이천시 마장면 이치리,존재,경기도,이천시,마장면,경기도 이천시 마장면 이치리,37.2542820712668,127.37644329545
4150034029,경기도 이천시 마장면 각평리,존재,경기도,이천시,마장면,경기도 이천시 마장면 각평리,37.2345383771423,127.383219269665
4150034030,경기도 이천시 마장면 덕평리,존재,경기도,이천시,마장면,경기도 이천시 마장면 덕평리,37.2350595581315,127.363081589966
4150034031,경기도 이천시 마장면 이평리,존재,경기도,이천시,마장면,경기도 이천시 마장면 이평리,37.2180055591436,127.374356637779
4150034032,경기도 이천시 마장면 해월리,존재,경기도,이천시,마장면,경기도 이천시 마장면 해월리,37.2131714358258,127.352332607305
4150034033,경기도 이천시 마장면 작촌리,존재,경기도,이천시,마장면,경기도 이천시 마장면 작촌리,37.2315304816484,127.337701112307
4150035000,경기도 이천시 대월면,존재,경기도,이천시,대월면,경기도 이천시 대월면,37.2298674873104,127.492386468931
4150035025,경기도 이천시 대월면 초지리,존재,경기도,이천시,대월면,경기도 이천시 대월면 초지리,37.2218996948677,127.497323782637
4150035026,경기도 이천시 대월면 사동리,존재,경기도,이천시,대월면,경기도 이천시 대월면 사동리,37.2330139954559,127.494097257968
4150035027,경기도 이천시 대월면 대대리,존재,경기도,이천시,대월면,경기도 이천시 대월면 대대리,37.2180402870535,127.480578776196
4150035028,경기도 이천시 대월면 대흥리,존재,경기도,이천시,대월면,경기도 이천시 대월면 대흥리,37.2373979842008,127.479745982189
4150035029,경기도 이천시 대월면 도리리,존재,경기도,이천시,대월면,경기도 이천시 대월면 도리리,37.201204565217,127.487793697882
4150035030,경기도 이천시 대월면 구시리,존재,경기도,이천시,대월면,경기도 이천시 대월면 구시리,37.2051743705324,127.503770071765
4150035031,경기도 이천시 대월면 군량리,존재,경기도,이천시,대월면,경기도 이천시 대월면 군량리,37.1817634257521,127.506736164793
4150035032,경기도 이천시 대월면 송라리,존재,경기도,이천시,대월면,경기도 이천시 대월면 송라리,37.2017026331211,127.519012219566
4150035033,경기도 이천시 대월면 장평리,존재,경기도,이천시,대월면,경기도 이천시 대월면 장평리,37.2165896002478,127.522705915522
4150035034,경기도 이천시 대월면 부필리,존재,경기도,이천시,대월면,경기도 이천시 대월면 부필리,37.2277083760169,127.512821696801
4150036000,경기도 이천시 모가면,존재,경기도,이천시,모가면,경기도 이천시 모가면,37.1716633744715,127.480176814687
4150036021,경기도 이천시 모가면 진가리,존재,경기도,이천시,모가면,경기도 이천시 모가면 진가리,37.1717339004891,127.476096728031
4150036022,경기도 이천시 모가면 서경리,존재,경기도,이천시,모가면,경기도 이천시 모가면 서경리,37.1589281015172,127.483243947812
4150036023,경기도 이천시 모가면 산내리,존재,경기도,이천시,모가면,경기도 이천시 모가면 산내리,37.1570454041796,127.458163600624
4150036024,경기도 이천시 모가면 송곡리,존재,경기도,이천시,모가면,경기도 이천시 모가면 송곡리,37.1489674676975,127.480244899703
4150036025,경기도 이천시 모가면 소사리,존재,경기도,이천시,모가면,경기도 이천시 모가면 소사리,37.1831509327241,127.486992877334
4150036026,경기도 이천시 모가면 양평리,존재,경기도,이천시,모가면,경기도 이천시 모가면 양평리,37.1717619096253,127.493909827889
4150036027,경기도 이천시 모가면 원두리,존재,경기도,이천시,모가면,경기도 이천시 모가면 원두리,37.1849850450992,127.47466181436
4150036028,경기도 이천시 모가면 소고리,존재,경기도,이천시,모가면,경기도 이천시 모가면 소고리,37.1840145245146,127.45843907036
4150036029,경기도 이천시 모가면 신갈리,존재,경기도,이천시,모가면,경기도 이천시 모가면 신갈리,37.2007938982649,127.448524512672
4150036030,경기도 이천시 모가면 어농리,존재,경기도,이천시,모가면,경기도 이천시 모가면 어농리,37.1812887862238,127.432823680508
4150036031,경기도 이천시 모가면 두미리,존재,경기도,이천시,모가면,경기도 이천시 모가면 두미리,37.1608787660299,127.43069432599
4150037000,경기도 이천시 설성면,존재,경기도,이천시,설성면,경기도 이천시 설성면,37.1324673675991,127.522027682876
4150037021,경기도 이천시 설성면 금당리,존재,경기도,이천시,설성면,경기도 이천시 설성면 금당리,37.1317668999917,127.5182055807
4150037022,경기도 이천시 설성면 장능리,존재,경기도,이천시,설성면,경기도 이천시 설성면 장능리,37.1210214317524,127.521791545674
4150037023,경기도 이천시 설성면 행죽리,존재,경기도,이천시,설성면,경기도 이천시 설성면 행죽리,37.1098566297716,127.525630130822
4150037024,경기도 이천시 설성면 제요리,존재,경기도,이천시,설성면,경기도 이천시 설성면 제요리,37.1142134965246,127.554260784926
4150037025,경기도 이천시 설성면 신필리,존재,경기도,이천시,설성면,경기도 이천시 설성면 신필리,37.1337947143516,127.548155309794
4150037026,경기도 이천시 설성면 장천리,존재,경기도,이천시,설성면,경기도 이천시 설성면 장천리,37.1446808485355,127.527987092641
4150037027,경기도 이천시 설성면 자석리,존재,경기도,이천시,설성면,경기도 이천시 설성면 자석리,37.1689852823091,127.559119237481
4150037028,경기도 이천시 설성면 암산리,존재,경기도,이천시,설성면,경기도 이천시 설성면 암산리,37.1609305754755,127.541123483475
4150037029,경기도 이천시 설성면 송계리,존재,경기도,이천시,설성면,경기도 이천시 설성면 송계리,37.1664654116305,127.518825200509
4150037030,경기도 이천시 설성면 상봉리,존재,경기도,이천시,설성면,경기도 이천시 설성면 상봉리,37.1586261214372,127.510566947255
4150037031,경기도 이천시 설성면 수산리,존재,경기도,이천시,설성면,경기도 이천시 설성면 수산리,37.1349623648413,127.498374817196
4150037032,경기도 이천시 설성면 대죽리,존재,경기도,이천시,설성면,경기도 이천시 설성면 대죽리,37.1363293944341,127.472601983755
4150038000,경기도 이천시 율면,존재,경기도,이천시,율면,경기도 이천시 율면,37.0943111866069,127.546453484555
4150038021,경기도 이천시 율면 고당리,존재,경기도,이천시,율면,경기도 이천시 율면 고당리,37.0833882862702,127.55234927957
4150038022,경기도 이천시 율면 신추리,존재,경기도,이천시,율면,경기도 이천시 율면 신추리,37.093745212441,127.528182392601
4150038023,경기도 이천시 율면 본죽리,존재,경기도,이천시,율면,경기도 이천시 율면 본죽리,37.0752451484687,127.522377347432
4150038024,경기도 이천시 율면 북두리,존재,경기도,이천시,율면,경기도 이천시 율면 북두리,37.0691086441705,127.528542242211
4150038025,경기도 이천시 율면 산양리,존재,경기도,이천시,율면,경기도 이천시 율면 산양리,37.0571371727904,127.513348908766
4150038026,경기도 이천시 율면 석산리,존재,경기도,이천시,율면,경기도 이천시 율면 석산리,37.0591683373442,127.546785981286
4150038027,경기도 이천시 율면 산성리,존재,경기도,이천시,율면,경기도 이천시 율면 산성리,37.0504163538371,127.557043128282
4150038028,경기도 이천시 율면 오성리,존재,경기도,이천시,율면,경기도 이천시 율면 오성리,37.0679424513086,127.55270951593
4150038029,경기도 이천시 율면 월포리,존재,경기도,이천시,율면,경기도 이천시 율면 월포리,37.0828245068156,127.572431514629
4150038030,경기도 이천시 율면 총곡리,존재,경기도,이천시,율면,경기도 이천시 율면 총곡리,37.0795824069241,127.596226276505
4155010100,경기도 안성시 봉산동,존재,경기도,안성시,봉산동,경기도 안성시 봉산동,37.006748035692,127.278122636742
4155010200,경기도 안성시 숭인동,존재,경기도,안성시,숭인동,경기도 안성시 숭인동,37.0093234036872,127.274212966633
4155010300,경기도 안성시 영동,존재,경기도,안성시,영동,경기도 안성시 영동,37.0059784308265,127.272722382736
4155010400,경기도 안성시 봉남동,존재,경기도,안성시,봉남동,경기도 안성시 봉남동,37.0077362407769,127.274760056101
4155010500,경기도 안성시 구포동,존재,경기도,안성시,구포동,경기도 안성시 구포동,37.010914097996,127.272128775302
4155010600,경기도 안성시 동본동,존재,경기도,안성시,동본동,경기도 안성시 동본동,37.0079802939956,127.272082362587
4155010700,경기도 안성시 명륜동,존재,경기도,안성시,명륜동,경기도 안성시 명륜동,37.0140804180722,127.276059362209
4155010800,경기도 안성시 옥천동,존재,경기도,안성시,옥천동,경기도 안성시 옥천동,37.0030787971485,127.275048884121
4155010900,경기도 안성시 낙원동,존재,경기도,안성시,낙원동,경기도 안성시 낙원동,37.0040830859417,127.274059323931
4155011000,경기도 안성시 창전동,존재,경기도,안성시,창전동,경기도 안성시 창전동,37.0044414420805,127.271827072449
4155011100,경기도 안성시 성남동,존재,경기도,안성시,성남동,경기도 안성시 성남동,37.0022625134609,127.271091301361
4155011200,경기도 안성시 신흥동,존재,경기도,안성시,신흥동,경기도 안성시 신흥동,37.0022930677461,127.268750080769
4155011300,경기도 안성시 인지동,존재,경기도,안성시,인지동,경기도 안성시 인지동,37.0043320391178,127.267629255363
4155011400,경기도 안성시 금산동,존재,경기도,안성시,금산동,경기도 안성시 금산동,37.0124015872346,127.267855306192
4155011500,경기도 안성시 연지동,존재,경기도,안성시,연지동,경기도 안성시 연지동,37.0099568651679,127.269887169014
4155011600,경기도 안성시 대천동,존재,경기도,안성시,대천동,경기도 안성시 대천동,37.0079905793512,127.269152148842
4155011700,경기도 안성시 서인동,존재,경기도,안성시,서인동,경기도 안성시 서인동,37.0063086709643,127.268575461952
4155011800,경기도 안성시 석정동,존재,경기도,안성시,석정동,경기도 안성시 석정동,37.010526163267,127.261925107123
4155011900,경기도 안성시 아양동,존재,경기도,안성시,아양동,경기도 안성시 아양동,37.0062453505751,127.261420557304
4155012000,경기도 안성시 금석동,존재,경기도,안성시,금석동,경기도 안성시 금석동,37.0311674928173,127.270200469794
4155012100,경기도 안성시 계동,존재,경기도,안성시,계동,경기도 안성시 계동,36.9860615451276,127.266109520678
4155012200,경기도 안성시 옥산동,존재,경기도,안성시,옥산동,경기도 안성시 옥산동,37.0039630953469,127.246600473651
4155012300,경기도 안성시 사곡동,존재,경기도,안성시,사곡동,경기도 안성시 사곡동,37.0393124157388,127.259245368622
4155012400,경기도 안성시 도기동,존재,경기도,안성시,도기동,경기도 안성시 도기동,36.9976669306643,127.261485555038
4155012500,경기도 안성시 당왕동,존재,경기도,안성시,당왕동,경기도 안성시 당왕동,37.0207908576683,127.268545518788
4155012600,경기도 안성시 가사동,존재,경기도,안성시,가사동,경기도 안성시 가사동,37.0159288426772,127.286943259652
4155012700,경기도 안성시 가현동,존재,경기도,안성시,가현동,경기도 안성시 가현동,37.0054495230301,127.286108412979
4155012800,경기도 안성시 신건지동,존재,경기도,안성시,신건지동,경기도 안성시 신건지동,37.0146576785076,127.246320400084
4155012900,경기도 안성시 신소현동,존재,경기도,안성시,신소현동,경기도 안성시 신소현동,37.0203181570211,127.254056547427
4155013000,경기도 안성시 신모산동,존재,경기도,안성시,신모산동,경기도 안성시 신모산동,37.0209227934724,127.24592258755
4155013100,경기도 안성시 현수동,존재,경기도,안성시,현수동,경기도 안성시 현수동,36.9951899423709,127.285315067271
4155013200,경기도 안성시 발화동,존재,경기도,안성시,발화동,경기도 안성시 발화동,36.9886929965517,127.281606448065
4155013300,경기도 안성시 중리동,존재,경기도,안성시,중리동,경기도 안성시 중리동,36.9752113795268,127.282208153082
4155025000,경기도 안성시 공도읍,존재,경기도,안성시,공도읍,경기도 안성시 공도읍,37.001048203596,127.172541466359
4155025021,경기도 안성시 공도읍 양기리,존재,경기도,안성시,공도읍,경기도 안성시 공도읍 양기리,37.0005857111164,127.194272538429
4155025022,경기도 안성시 공도읍 웅교리,존재,경기도,안성시,공도읍,경기도 안성시 공도읍 웅교리,36.9812549294878,127.185741194745
4155025023,경기도 안성시 공도읍 신두리,존재,경기도,안성시,공도읍,경기도 안성시 공도읍 신두리,36.9906720850872,127.195325699164
4155025024,경기도 안성시 공도읍 중복리,존재,경기도,안성시,공도읍,경기도 안성시 공도읍 중복리,36.9709244859648,127.135404818075
4155025025,경기도 안성시 공도읍 용두리,존재,경기도,안성시,공도읍,경기도 안성시 공도읍 용두리,37.0097253769219,127.1638015707
4155025026,경기도 안성시 공도읍 승두리,존재,경기도,안성시,공도읍,경기도 안성시 공도읍 승두리,36.9871725118636,127.161605532582
4155025027,경기도 안성시 공도읍 건천리,존재,경기도,안성시,공도읍,경기도 안성시 공도읍 건천리,36.9732826187143,127.158018325113
4155025028,경기도 안성시 공도읍 불당리,존재,경기도,안성시,공도읍,경기도 안성시 공도읍 불당리,36.9791431421022,127.16859694569
4155025029,경기도 안성시 공도읍 만정리,존재,경기도,안성시,공도읍,경기도 안성시 공도읍 만정리,37.0103347470692,127.183353497908
4155025030,경기도 안성시 공도읍 마정리,존재,경기도,안성시,공도읍,경기도 안성시 공도읍 마정리,37.0168327300545,127.205708148124
4155025031,경기도 안성시 공도읍 진사리,존재,경기도,안성시,공도읍,경기도 안성시 공도읍 진사리,36.9867039581764,127.141857779681
4155031000,경기도 안성시 보개면,존재,경기도,안성시,보개면,경기도 안성시 보개면,37.023044934813,127.290894272217
4155031021,경기도 안성시 보개면 적가리,존재,경기도,안성시,보개면,경기도 안성시 보개면 적가리,37.0528049214762,127.294088190048
4155031022,경기도 안성시 보개면 기좌리,존재,경기도,안성시,보개면,경기도 안성시 보개면 기좌리,37.0360018201511,127.289653366241
4155031023,경기도 안성시 보개면 북좌리,존재,경기도,안성시,보개면,경기도 안성시 보개면 북좌리,37.0444996841905,127.328781814824
4155031024,경기도 안성시 보개면 상삼리,존재,경기도,안성시,보개면,경기도 안성시 보개면 상삼리,37.0265618882597,127.334953006516
4155031025,경기도 안성시 보개면 신장리,존재,경기도,안성시,보개면,경기도 안성시 보개면 신장리,37.045911174692,127.283202589829
4155031026,경기도 안성시 보개면 양복리,존재,경기도,안성시,보개면,경기도 안성시 보개면 양복리,37.0150298912158,127.327868249317
4155031027,경기도 안성시 보개면 오두리,존재,경기도,안성시,보개면,경기도 안성시 보개면 오두리,37.0451979029668,127.313168703817
4155031028,경기도 안성시 보개면 이전리,존재,경기도,안성시,보개면,경기도 안성시 보개면 이전리,37.0643843547575,127.290152534042
4155031029,경기도 안성시 보개면 불현리,존재,경기도,안성시,보개면,경기도 안성시 보개면 불현리,37.0257433828881,127.286935217746
4155031030,경기도 안성시 보개면 내방리,존재,경기도,안성시,보개면,경기도 안성시 보개면 내방리,37.0233077529024,127.315011741571
4155031031,경기도 안성시 보개면 동신리,존재,경기도,안성시,보개면,경기도 안성시 보개면 동신리,37.004274272192,127.297927796486
4155031032,경기도 안성시 보개면 곡천리,존재,경기도,안성시,보개면,경기도 안성시 보개면 곡천리,37.03161069129,127.298816782315
4155031033,경기도 안성시 보개면 복평리,존재,경기도,안성시,보개면,경기도 안성시 보개면 복평리,37.0367519640359,127.310841086569
4155031034,경기도 안성시 보개면 구사리,존재,경기도,안성시,보개면,경기도 안성시 보개면 구사리,37.0220840855214,127.306061490719
4155031035,경기도 안성시 보개면 가율리,존재,경기도,안성시,보개면,경기도 안성시 보개면 가율리,37.0661113160784,127.302923507901
4155031036,경기도 안성시 보개면 신안리,존재,경기도,안성시,보개면,경기도 안성시 보개면 신안리,37.0571923430105,127.316118649338
4155031037,경기도 안성시 보개면 동평리,존재,경기도,안성시,보개면,경기도 안성시 보개면 동평리,37.0894945750571,127.319865500198
4155031038,경기도 안성시 보개면 남풍리,존재,경기도,안성시,보개면,경기도 안성시 보개면 남풍리,37.0704693894853,127.320559226543
4155031039,경기도 안성시 보개면 북가현리,존재,경기도,안성시,보개면,경기도 안성시 보개면 북가현리,37.1031855730425,127.324422918317
4155032000,경기도 안성시 금광면,존재,경기도,안성시,금광면,경기도 안성시 금광면,36.9972240459891,127.317465473336
4155032021,경기도 안성시 금광면 내우리,존재,경기도,안성시,금광면,경기도 안성시 금광면 내우리,36.9934242158215,127.299781678627
4155032022,경기도 안성시 금광면 개산리,존재,경기도,안성시,금광면,경기도 안성시 금광면 개산리,36.9813408274806,127.296149108953
4155032023,경기도 안성시 금광면 장죽리,존재,경기도,안성시,금광면,경기도 안성시 금광면 장죽리,36.9715693906444,127.311676384356
4155032024,경기도 안성시 금광면 상중리,존재,경기도,안성시,금광면,경기도 안성시 금광면 상중리,36.9423194818749,127.314669042311
4155032025,경기도 안성시 금광면 금광리,존재,경기도,안성시,금광면,경기도 안성시 금광면 금광리,36.9921240217339,127.328039498538
4155032026,경기도 안성시 금광면 현곡리,존재,경기도,안성시,금광면,경기도 안성시 금광면 현곡리,36.9569301751541,127.354777526904
4155032027,경기도 안성시 금광면 삼흥리,존재,경기도,안성시,금광면,경기도 안성시 금광면 삼흥리,37.0208666613269,127.377145017398
4155032028,경기도 안성시 금광면 사흥리,존재,경기도,안성시,금광면,경기도 안성시 금광면 사흥리,36.9981771139843,127.365776314192
4155032029,경기도 안성시 금광면 오흥리,존재,경기도,안성시,금광면,경기도 안성시 금광면 오흥리,37.0108930999913,127.344084296924
4155032030,경기도 안성시 금광면 한운리,존재,경기도,안성시,금광면,경기도 안성시 금광면 한운리,36.9624251853092,127.336760421837
4155032031,경기도 안성시 금광면 오산리,존재,경기도,안성시,금광면,경기도 안성시 금광면 오산리,36.977340550909,127.310060178121
4155032032,경기도 안성시 금광면 옥정리,존재,경기도,안성시,금광면,경기도 안성시 금광면 옥정리,36.9682845818816,127.381278530849
4155032033,경기도 안성시 금광면 석하리,존재,경기도,안성시,금광면,경기도 안성시 금광면 석하리,36.9546755487625,127.300613291253
4155032034,경기도 안성시 금광면 신양복리,존재,경기도,안성시,금광면,경기도 안성시 금광면 신양복리,37.0081462818152,127.3276454291
4155033000,경기도 안성시 서운면,존재,경기도,안성시,서운면,경기도 안성시 서운면,36.9430657388797,127.25942633828
4155033021,경기도 안성시 서운면 인리,존재,경기도,안성시,서운면,경기도 안성시 서운면 인리,36.9368799673233,127.274177700689
4155033022,경기도 안성시 서운면 청용리,존재,경기도,안성시,서운면,경기도 안성시 서운면 청용리,36.9105756505944,127.28626090411
4155033023,경기도 안성시 서운면 송정리,존재,경기도,안성시,서운면,경기도 안성시 서운면 송정리,36.9314008081505,127.233988281005
4155033024,경기도 안성시 서운면 신촌리,존재,경기도,안성시,서운면,경기도 안성시 서운면 신촌리,36.9382045170773,127.255615683175
4155033025,경기도 안성시 서운면 산평리,존재,경기도,안성시,서운면,경기도 안성시 서운면 산평리,36.9213199375099,127.269453257476
4155033026,경기도 안성시 서운면 현매리,존재,경기도,안성시,서운면,경기도 안성시 서운면 현매리,36.9364838711189,127.220318145127
4155033027,경기도 안성시 서운면 동촌리,존재,경기도,안성시,서운면,경기도 안성시 서운면 동촌리,36.9484994822492,127.251805991777
4155033028,경기도 안성시 서운면 신흥리,존재,경기도,안성시,서운면,경기도 안성시 서운면 신흥리,36.9262620387591,127.244208522232
4155033029,경기도 안성시 서운면 신능리,존재,경기도,안성시,서운면,경기도 안성시 서운면 신능리,36.9699252627713,127.275455115235
4155033030,경기도 안성시 서운면 신기리,존재,경기도,안성시,서운면,경기도 안성시 서운면 신기리,36.956873036134,127.269569482447
4155033031,경기도 안성시 서운면 송산리,존재,경기도,안성시,서운면,경기도 안성시 서운면 송산리,36.9391763908213,127.238928830171
4155033032,경기도 안성시 서운면 오촌리,존재,경기도,안성시,서운면,경기도 안성시 서운면 오촌리,36.9570170497847,127.286569375304
4155033033,경기도 안성시 서운면 양촌리,존재,경기도,안성시,서운면,경기도 안성시 서운면 양촌리,36.941039531054,127.286338899553
4155033034,경기도 안성시 서운면 북산리,존재,경기도,안성시,서운면,경기도 안성시 서운면 북산리,36.9280731918716,127.263618155859
4155034000,경기도 안성시 미양면,존재,경기도,안성시,미양면,경기도 안성시 미양면,36.978130824634,127.217104719373
4155034021,경기도 안성시 미양면 구례리,존재,경기도,안성시,미양면,경기도 안성시 미양면 구례리,36.9915899999211,127.244596955965
4155034022,경기도 안성시 미양면 계륵리,존재,경기도,안성시,미양면,경기도 안성시 미양면 계륵리,36.9781445178355,127.253817440465
4155034023,경기도 안성시 미양면 개정리,존재,경기도,안성시,미양면,경기도 안성시 미양면 개정리,36.9571508957251,127.19140900389
4155034024,경기도 안성시 미양면 신계리,존재,경기도,안성시,미양면,경기도 안성시 미양면 신계리,36.9627872917733,127.175603702991
4155034025,경기도 안성시 미양면 법전리,존재,경기도,안성시,미양면,경기도 안성시 미양면 법전리,36.9480934683184,127.212425430028
4155034026,경기도 안성시 미양면 용두리,존재,경기도,안성시,미양면,경기도 안성시 미양면 용두리,36.9873130464655,127.234990631276
4155034027,경기도 안성시 미양면 고지리,존재,경기도,안성시,미양면,경기도 안성시 미양면 고지리,36.9603701381106,127.210258715433
4155034028,경기도 안성시 미양면 정동리,존재,경기도,안성시,미양면,경기도 안성시 미양면 정동리,36.9749968371032,127.201790503642
4155034029,경기도 안성시 미양면 구수리,존재,경기도,안성시,미양면,경기도 안성시 미양면 구수리,36.9713174769844,127.257365983979
4155034030,경기도 안성시 미양면 진촌리,존재,경기도,안성시,미양면,경기도 안성시 미양면 진촌리,36.9719033756123,127.189226825008
4155034031,경기도 안성시 미양면 갈전리,존재,경기도,안성시,미양면,경기도 안성시 미양면 갈전리,36.9818688069685,127.226594971922
4155034032,경기도 안성시 미양면 양지리,존재,경기도,안성시,미양면,경기도 안성시 미양면 양지리,36.9762533164998,127.212930450502
4155034033,경기도 안성시 미양면 보체리,존재,경기도,안성시,미양면,경기도 안성시 미양면 보체리,36.9693977408658,127.239481435046
4155034034,경기도 안성시 미양면 신기리,존재,경기도,안성시,미양면,경기도 안성시 미양면 신기리,36.9995848305122,127.239072772109
4155034035,경기도 안성시 미양면 강덕리,존재,경기도,안성시,미양면,경기도 안성시 미양면 강덕리,36.9539500433603,127.231955420418
4155034036,경기도 안성시 미양면 후평리,존재,경기도,안성시,미양면,경기도 안성시 미양면 후평리,36.9829514555599,127.20607515952
4155034037,경기도 안성시 미양면 마산리,존재,경기도,안성시,미양면,경기도 안성시 미양면 마산리,36.9689508700199,127.218906872887
4155034038,경기도 안성시 미양면 양변리,존재,경기도,안성시,미양면,경기도 안성시 미양면 양변리,36.9531220593576,127.245785270344
4155035000,경기도 안성시 대덕면,존재,경기도,안성시,대덕면,경기도 안성시 대덕면,37.0124186565805,127.237850006863
4155035021,경기도 안성시 대덕면 소현리,존재,경기도,안성시,대덕면,경기도 안성시 대덕면 소현리,37.0259159452646,127.255594601629
4155035022,경기도 안성시 대덕면 토현리,존재,경기도,안성시,대덕면,경기도 안성시 대덕면 토현리,37.0582449292382,127.247823884879
4155035023,경기도 안성시 대덕면 모산리,존재,경기도,안성시,대덕면,경기도 안성시 대덕면 모산리,37.0321391637076,127.244286357223
4155035024,경기도 안성시 대덕면 보동리,존재,경기도,안성시,대덕면,경기도 안성시 대덕면 보동리,37.0521651043758,127.242295466615
4155035025,경기도 안성시 대덕면 명당리,존재,경기도,안성시,대덕면,경기도 안성시 대덕면 명당리,37.0393322607926,127.211038261527
4155035026,경기도 안성시 대덕면 진현리,존재,경기도,안성시,대덕면,경기도 안성시 대덕면 진현리,37.0553844523105,127.262295064567
4155035027,경기도 안성시 대덕면 건지리,존재,경기도,안성시,대덕면,경기도 안성시 대덕면 건지리,37.0121981446815,127.236370629177
4155035028,경기도 안성시 대덕면 내리,존재,경기도,안성시,대덕면,경기도 안성시 대덕면 내리,37.0044231421989,127.221682493518
4155035029,경기도 안성시 대덕면 대농리,존재,경기도,안성시,대덕면,경기도 안성시 대덕면 대농리,37.0677214290044,127.270532479508
4155035030,경기도 안성시 대덕면 죽리,존재,경기도,안성시,대덕면,경기도 안성시 대덕면 죽리,36.9913951231866,127.214927228342
4155035031,경기도 안성시 대덕면 신령리,존재,경기도,안성시,대덕면,경기도 안성시 대덕면 신령리,37.0170562164677,127.221710196451
4155035032,경기도 안성시 대덕면 무능리,존재,경기도,안성시,대덕면,경기도 안성시 대덕면 무능리,37.0503278511308,127.223457246028
4155035033,경기도 안성시 대덕면 소내리,존재,경기도,안성시,대덕면,경기도 안성시 대덕면 소내리,37.0333285346422,127.226127356254
4155035034,경기도 안성시 대덕면 삼한리,존재,경기도,안성시,대덕면,경기도 안성시 대덕면 삼한리,37.0570838464151,127.275814828924
4155036000,경기도 안성시 양성면,존재,경기도,안성시,양성면,경기도 안성시 양성면,37.0598978252949,127.194477629958
4155036021,경기도 안성시 양성면 동항리,존재,경기도,안성시,양성면,경기도 안성시 양성면 동항리,37.0652749336847,127.188073233452
4155036022,경기도 안성시 양성면 구장리,존재,경기도,안성시,양성면,경기도 안성시 양성면 구장리,37.057691552907,127.213598525827
4155036023,경기도 안성시 양성면 석화리,존재,경기도,안성시,양성면,경기도 안성시 양성면 석화리,37.0676623569117,127.204653424976
4155036024,경기도 안성시 양성면 추곡리,존재,경기도,안성시,양성면,경기도 안성시 양성면 추곡리,37.0677778523054,127.216739269283
4155036025,경기도 안성시 양성면 조일리,존재,경기도,안성시,양성면,경기도 안성시 양성면 조일리,37.071993420855,127.21154704663
4155036026,경기도 안성시 양성면 도곡리,존재,경기도,안성시,양성면,경기도 안성시 양성면 도곡리,37.0817199664992,127.220233880405
4155036027,경기도 안성시 양성면 산정리,존재,경기도,안성시,양성면,경기도 안성시 양성면 산정리,37.0841088105614,127.198205940545
4155036028,경기도 안성시 양성면 이현리,존재,경기도,안성시,양성면,경기도 안성시 양성면 이현리,37.0900506856398,127.217603517876
4155036029,경기도 안성시 양성면 장서리,존재,경기도,안성시,양성면,경기도 안성시 양성면 장서리,37.1013508194814,127.217185858181
4155036030,경기도 안성시 양성면 난실리,존재,경기도,안성시,양성면,경기도 안성시 양성면 난실리,37.1084366120675,127.225013905668
4155036031,경기도 안성시 양성면 노곡리,존재,경기도,안성시,양성면,경기도 안성시 양성면 노곡리,37.1076920443544,127.254564098686
4155036032,경기도 안성시 양성면 미산리,존재,경기도,안성시,양성면,경기도 안성시 양성면 미산리,37.1339010934434,127.26328610678
4155036033,경기도 안성시 양성면 방축리,존재,경기도,안성시,양성면,경기도 안성시 양성면 방축리,37.0679380960833,127.236619947392
4155036034,경기도 안성시 양성면 필산리,존재,경기도,안성시,양성면,경기도 안성시 양성면 필산리,37.0549981248986,127.222009406615
4155036035,경기도 안성시 양성면 덕봉리,존재,경기도,안성시,양성면,경기도 안성시 양성면 덕봉리,37.0421629014813,127.193375760025
4155036036,경기도 안성시 양성면 명목리,존재,경기도,안성시,양성면,경기도 안성시 양성면 명목리,37.0314977805409,127.197745453704
4155036037,경기도 안성시 양성면 삼암리,존재,경기도,안성시,양성면,경기도 안성시 양성면 삼암리,37.0253850632433,127.204023000081
4155036038,경기도 안성시 양성면 방신리,존재,경기도,안성시,양성면,경기도 안성시 양성면 방신리,37.0286375729768,127.183271609011
4155038000,경기도 안성시 원곡면,존재,경기도,안성시,원곡면,경기도 안성시 원곡면,37.0413570597829,127.131761959403
4155038021,경기도 안성시 원곡면 성은리,존재,경기도,안성시,원곡면,경기도 안성시 원곡면 성은리,37.0736942477826,127.161352630638
4155038022,경기도 안성시 원곡면 칠곡리,존재,경기도,안성시,원곡면,경기도 안성시 원곡면 칠곡리,37.0491630213063,127.164299976145
4155038023,경기도 안성시 원곡면 지문리,존재,경기도,안성시,원곡면,경기도 안성시 원곡면 지문리,37.0615791298199,127.145496059752
4155038024,경기도 안성시 원곡면 산하리,존재,경기도,안성시,원곡면,경기도 안성시 원곡면 산하리,37.0770808476517,127.126934059588
4155038025,경기도 안성시 원곡면 내가천리,존재,경기도,안성시,원곡면,경기도 안성시 원곡면 내가천리,37.0406688459667,127.117858564593
4155038026,경기도 안성시 원곡면 외가천리,존재,경기도,안성시,원곡면,경기도 안성시 원곡면 외가천리,37.0423643341205,127.139749102171
4155038027,경기도 안성시 원곡면 반제리,존재,경기도,안성시,원곡면,경기도 안성시 원곡면 반제리,37.0196665855688,127.160797810027
4155038028,경기도 안성시 원곡면 성주리,존재,경기도,안성시,원곡면,경기도 안성시 원곡면 성주리,37.0832164677732,127.164184494615
4155039000,경기도 안성시 일죽면,존재,경기도,안성시,일죽면,경기도 안성시 일죽면,37.090466524742,127.476874615174
4155039021,경기도 안성시 일죽면 월정리,존재,경기도,안성시,일죽면,경기도 안성시 일죽면 월정리,37.088735820065,127.4512555455
4155039022,경기도 안성시 일죽면 주천리,존재,경기도,안성시,일죽면,경기도 안성시 일죽면 주천리,37.091768774512,127.490735692859
4155039023,경기도 안성시 일죽면 죽림리,존재,경기도,안성시,일죽면,경기도 안성시 일죽면 죽림리,37.0668053590681,127.45372076396
4155039024,경기도 안성시 일죽면 가리,존재,경기도,안성시,일죽면,경기도 안성시 일죽면 가리,37.0795564840341,127.48926245349
4155039025,경기도 안성시 일죽면 산북리,존재,경기도,안성시,일죽면,경기도 안성시 일죽면 산북리,37.0883572473258,127.50746331286
4155039026,경기도 안성시 일죽면 당촌리,존재,경기도,안성시,일죽면,경기도 안성시 일죽면 당촌리,37.103635859975,127.504019327721
4155039027,경기도 안성시 일죽면 방초리,존재,경기도,안성시,일죽면,경기도 안성시 일죽면 방초리,37.1286308460717,127.42799075704
4155039028,경기도 안성시 일죽면 송천리,존재,경기도,안성시,일죽면,경기도 안성시 일죽면 송천리,37.0870497909328,127.472349825601
4155039029,경기도 안성시 일죽면 고은리,존재,경기도,안성시,일죽면,경기도 안성시 일죽면 고은리,37.1263518592243,127.440108702225
4155039030,경기도 안성시 일죽면 화곡리,존재,경기도,안성시,일죽면,경기도 안성시 일죽면 화곡리,37.1146300787983,127.463961110511
4155039031,경기도 안성시 일죽면 능국리,존재,경기도,안성시,일죽면,경기도 안성시 일죽면 능국리,37.1102333444643,127.49158385138
4155039032,경기도 안성시 일죽면 신흥리,존재,경기도,안성시,일죽면,경기도 안성시 일죽면 신흥리,37.1128269696514,127.47513362725
4155039033,경기도 안성시 일죽면 금산리,존재,경기도,안성시,일죽면,경기도 안성시 일죽면 금산리,37.0659694418826,127.500261843057
4155039034,경기도 안성시 일죽면 장암리,존재,경기도,안성시,일죽면,경기도 안성시 일죽면 장암리,37.0714123054903,127.464709743288
4155039035,경기도 안성시 일죽면 화봉리,존재,경기도,안성시,일죽면,경기도 안성시 일죽면 화봉리,37.0679951711018,127.476594462903
4155040000,경기도 안성시 죽산면,존재,경기도,안성시,죽산면,경기도 안성시 죽산면,37.0785624890218,127.422482028551
4155040021,경기도 안성시 죽산면 죽산리,존재,경기도,안성시,죽산면,경기도 안성시 죽산면 죽산리,37.0810346859394,127.422572221885
4155040022,경기도 안성시 죽산면 매산리,존재,경기도,안성시,죽산면,경기도 안성시 죽산면 매산리,37.0961332335974,127.434444559041
4155040023,경기도 안성시 죽산면 장원리,존재,경기도,안성시,죽산면,경기도 안성시 죽산면 장원리,37.0697210640772,127.437446864256
4155040024,경기도 안성시 죽산면 두현리,존재,경기도,안성시,죽산면,경기도 안성시 죽산면 두현리,37.0712794725165,127.407724292332
4155040025,경기도 안성시 죽산면 장능리,존재,경기도,안성시,죽산면,경기도 안성시 죽산면 장능리,37.0628320436919,127.392477644924
4155040026,경기도 안성시 죽산면 장계리,존재,경기도,안성시,죽산면,경기도 안성시 죽산면 장계리,37.0504165480374,127.408138779956
4155040027,경기도 안성시 죽산면 용설리,존재,경기도,안성시,죽산면,경기도 안성시 죽산면 용설리,37.049780344229,127.44475193108
4155040028,경기도 안성시 죽산면 칠장리,존재,경기도,안성시,죽산면,경기도 안성시 죽산면 칠장리,37.0211149658852,127.407779715056
4155040029,경기도 안성시 죽산면 당목리,존재,경기도,안성시,죽산면,경기도 안성시 죽산면 당목리,37.0312282247238,127.435279404043
4155040030,경기도 안성시 죽산면 두교리,존재,경기도,안성시,죽산면,경기도 안성시 죽산면 두교리,37.0090350598307,127.422748580692
4155041000,경기도 안성시 삼죽면,존재,경기도,안성시,삼죽면,경기도 안성시 삼죽면,37.0730098580051,127.374843682254
4155041021,경기도 안성시 삼죽면 내장리,존재,경기도,안성시,삼죽면,경기도 안성시 삼죽면 내장리,37.0862493050203,127.404169392319
4155041022,경기도 안성시 삼죽면 율곡리,존재,경기도,안성시,삼죽면,경기도 안성시 삼죽면 율곡리,37.0983301233801,127.377002190508
4155041023,경기도 안성시 삼죽면 용월리,존재,경기도,안성시,삼죽면,경기도 안성시 삼죽면 용월리,37.0814176929398,127.385249771214
4155041024,경기도 안성시 삼죽면 덕산리,존재,경기도,안성시,삼죽면,경기도 안성시 삼죽면 덕산리,37.0833889716464,127.369469368193
4155041025,경기도 안성시 삼죽면 배태리,존재,경기도,안성시,삼죽면,경기도 안성시 삼죽면 배태리,37.0832199461624,127.356390898576
4155041026,경기도 안성시 삼죽면 내강리,존재,경기도,안성시,삼죽면,경기도 안성시 삼죽면 내강리,37.0653637785496,127.361367167232
4155041027,경기도 안성시 삼죽면 진촌리,존재,경기도,안성시,삼죽면,경기도 안성시 삼죽면 진촌리,37.056310743076,127.36694558956
4155041028,경기도 안성시 삼죽면 미장리,존재,경기도,안성시,삼죽면,경기도 안성시 삼죽면 미장리,37.0363363080547,127.371421790932
4155041029,경기도 안성시 삼죽면 마전리,존재,경기도,안성시,삼죽면,경기도 안성시 삼죽면 마전리,37.0325334795155,127.341529446198
4155041030,경기도 안성시 삼죽면 기솔리,존재,경기도,안성시,삼죽면,경기도 안성시 삼죽면 기솔리,37.0567788360482,127.34300970087
4155042000,경기도 안성시 고삼면,존재,경기도,안성시,고삼면,경기도 안성시 고삼면,37.0826914685267,127.2634642949
4155042021,경기도 안성시 고삼면 쌍지리,존재,경기도,안성시,고삼면,경기도 안성시 고삼면 쌍지리,37.1142114270497,127.287957270843
4155042022,경기도 안성시 고삼면 신창리,존재,경기도,안성시,고삼면,경기도 안성시 고삼면 신창리,37.0825821026534,127.240286868721
4155042023,경기도 안성시 고삼면 대갈리,존재,경기도,안성시,고삼면,경기도 안성시 고삼면 대갈리,37.0688848085697,127.252927565974
4155042024,경기도 안성시 고삼면 가유리,존재,경기도,안성시,고삼면,경기도 안성시 고삼면 가유리,37.0895784664903,127.255574280259
4155042025,경기도 안성시 고삼면 삼은리,존재,경기도,안성시,고삼면,경기도 안성시 고삼면 삼은리,37.0832183456164,127.296760888292
4155042026,경기도 안성시 고삼면 봉산리,존재,경기도,안성시,고삼면,경기도 안성시 고삼면 봉산리,37.0794138487826,127.279786866414
4155042027,경기도 안성시 고삼면 월향리,존재,경기도,안성시,고삼면,경기도 안성시 고삼면 월향리,37.0918287140416,127.28056137015
4157010100,경기도 김포시 북변동,존재,경기도,김포시,북변동,경기도 김포시 북변동,37.6260658189391,126.711094661538
4157010200,경기도 김포시 걸포동,존재,경기도,김포시,걸포동,경기도 김포시 걸포동,37.6402139680068,126.719691582135
4157010300,경기도 김포시 운양동,존재,경기도,김포시,운양동,경기도 김포시 운양동,37.6513367527862,126.683097821946
4157010400,경기도 김포시 장기동,존재,경기도,김포시,장기동,경기도 김포시 장기동,37.6397252396071,126.671359353779
4157010500,경기도 김포시 감정동,존재,경기도,김포시,감정동,경기도 김포시 감정동,37.628540602552,126.68937539428
4157010600,경기도 김포시 사우동,존재,경기도,김포시,사우동,경기도 김포시 사우동,37.6193581588085,126.716738801056
4157010700,경기도 김포시 풍무동,존재,경기도,김포시,풍무동,경기도 김포시 풍무동,37.6021655287892,126.722040391363
4157010800,경기도 김포시 마산동,존재,경기도,김포시,마산동,경기도 김포시 마산동,37.6404503702467,126.640710327775
4157010900,경기도 김포시 구래동,존재,경기도,김포시,구래동,경기도 김포시 구래동,37.646477085747,126.623680156555
4157025000,경기도 김포시 통진읍,존재,경기도,김포시,통진읍,경기도 김포시 통진읍,37.6864801478808,126.600590689838
4157025021,경기도 김포시 통진읍 도사리,존재,경기도,김포시,통진읍,경기도 김포시 통진읍 도사리,37.6838411568681,126.616594189181
4157025022,경기도 김포시 통진읍 마송리,존재,경기도,김포시,통진읍,경기도 김포시 통진읍 마송리,37.6870668626193,126.595095787062
4157025023,경기도 김포시 통진읍 서암리,존재,경기도,김포시,통진읍,경기도 김포시 통진읍 서암리,37.7003639874985,126.59790364477
4157025024,경기도 김포시 통진읍 수참리,존재,경기도,김포시,통진읍,경기도 김포시 통진읍 수참리,37.679283144774,126.633893802068
4157025025,경기도 김포시 통진읍 가현리,존재,경기도,김포시,통진읍,경기도 김포시 통진읍 가현리,37.6747615335301,126.585287300047
4157025026,경기도 김포시 통진읍 동을산리,존재,경기도,김포시,통진읍,경기도 김포시 통진읍 동을산리,37.698478073496,126.621530650614
4157025027,경기도 김포시 통진읍 귀전리,존재,경기도,김포시,통진읍,경기도 김포시 통진읍 귀전리,37.7215015513549,126.60886874915
4157025028,경기도 김포시 통진읍 고정리,존재,경기도,김포시,통진읍,경기도 김포시 통진읍 고정리,37.7152009116606,126.594679605453
4157025029,경기도 김포시 통진읍 옹정리,존재,경기도,김포시,통진읍,경기도 김포시 통진읍 옹정리,37.692998159139,126.574428134914
4157025300,경기도 김포시 고촌읍,존재,경기도,김포시,고촌읍,경기도 김포시 고촌읍,37.6034632885763,126.770844490829
4157025321,경기도 김포시 고촌읍 향산리,존재,경기도,김포시,고촌읍,경기도 김포시 고촌읍 향산리,37.6290373672567,126.744742256984
4157025322,경기도 김포시 고촌읍 풍곡리,존재,경기도,김포시,고촌읍,경기도 김포시 고촌읍 풍곡리,37.6148752025759,126.75732663383
4157025323,경기도 김포시 고촌읍 태리,존재,경기도,김포시,고촌읍,경기도 김포시 고촌읍 태리,37.5934292300248,126.744216252057
4157025324,경기도 김포시 고촌읍 신곡리,존재,경기도,김포시,고촌읍,경기도 김포시 고촌읍 신곡리,37.6012926180796,126.774017410323
4157025325,경기도 김포시 고촌읍 전호리,존재,경기도,김포시,고촌읍,경기도 김포시 고촌읍 전호리,37.5914032821412,126.789573080404
4157025600,경기도 김포시 양촌읍,존재,경기도,김포시,양촌읍,경기도 김포시 양촌읍,37.6571252239981,126.625498579495
4157025621,경기도 김포시 양촌읍 양곡리,존재,경기도,김포시,양촌읍,경기도 김포시 양촌읍 양곡리,37.6552607224234,126.625095444617
4157025622,경기도 김포시 양촌읍 누산리,존재,경기도,김포시,양촌읍,경기도 김포시 양촌읍 누산리,37.6733139679154,126.656276061855
4157025623,경기도 김포시 양촌읍 석모리,존재,경기도,김포시,양촌읍,경기도 김포시 양촌읍 석모리,37.6619524634105,126.647057707932
4157025624,경기도 김포시 양촌읍 구래리,존재,경기도,김포시,양촌읍,경기도 김포시 양촌읍 구래리,37.630657620568,126.62649694566
4157025625,경기도 김포시 양촌읍 대포리,존재,경기도,김포시,양촌읍,경기도 김포시 양촌읍 대포리,37.605659289732,126.620393294871
4157025626,경기도 김포시 양촌읍 학운리,존재,경기도,김포시,양촌읍,경기도 김포시 양촌읍 학운리,37.6029624541033,126.596177180519
4157025627,경기도 김포시 양촌읍 유현리,존재,경기도,김포시,양촌읍,경기도 김포시 양촌읍 유현리,37.6380650390012,126.612392797936
4157025628,경기도 김포시 양촌읍 흥신리,존재,경기도,김포시,양촌읍,경기도 김포시 양촌읍 흥신리,37.6708120273495,126.622976964991
4157034000,경기도 김포시 대곶면,존재,경기도,김포시,대곶면,경기도 김포시 대곶면,37.6493717480775,126.582137857681
4157034021,경기도 김포시 대곶면 대능리,존재,경기도,김포시,대곶면,경기도 김포시 대곶면 대능리,37.6292355973077,126.596320544578
4157034022,경기도 김포시 대곶면 대벽리,존재,경기도,김포시,대곶면,경기도 김포시 대곶면 대벽리,37.6134070795392,126.56879324704
4157034023,경기도 김포시 대곶면 약암리,존재,경기도,김포시,대곶면,경기도 김포시 대곶면 약암리,37.6322874767008,126.5579307891
4157034024,경기도 김포시 대곶면 상마리,존재,경기도,김포시,대곶면,경기도 김포시 대곶면 상마리,37.6411791367058,126.574819087987
4157034025,경기도 김포시 대곶면 율생리,존재,경기도,김포시,대곶면,경기도 김포시 대곶면 율생리,37.6474311552273,126.589872077646
4157034026,경기도 김포시 대곶면 초원지리,존재,경기도,김포시,대곶면,경기도 김포시 대곶면 초원지리,37.6557011013402,126.594790211879
4157034027,경기도 김포시 대곶면 거물대리,존재,경기도,김포시,대곶면,경기도 김포시 대곶면 거물대리,37.6645322898962,126.595263563667
4157034028,경기도 김포시 대곶면 오니산리,존재,경기도,김포시,대곶면,경기도 김포시 대곶면 오니산리,37.6622877322065,126.610448995535
4157034029,경기도 김포시 대곶면 송마리,존재,경기도,김포시,대곶면,경기도 김포시 대곶면 송마리,37.6595912686155,126.560982987772
4157034030,경기도 김포시 대곶면 석정리,존재,경기도,김포시,대곶면,경기도 김포시 대곶면 석정리,37.6791461315386,126.553340665828
4157034031,경기도 김포시 대곶면 쇄암리,존재,경기도,김포시,대곶면,경기도 김포시 대곶면 쇄암리,37.6772807841956,126.535069591912
4157034032,경기도 김포시 대곶면 신안리,존재,경기도,김포시,대곶면,경기도 김포시 대곶면 신안리,37.6589261935788,126.54338005397
4157034033,경기도 김포시 대곶면 대명리,존재,경기도,김포시,대곶면,경기도 김포시 대곶면 대명리,37.6560619937324,126.551126359496
4157035000,경기도 김포시 월곶면,존재,경기도,김포시,월곶면,경기도 김포시 월곶면,37.7150895643421,126.552911756013
4157035021,경기도 김포시 월곶면 군하리,존재,경기도,김포시,월곶면,경기도 김포시 월곶면 군하리,37.7131428377776,126.554647314298
4157035022,경기도 김포시 월곶면 고막리,존재,경기도,김포시,월곶면,경기도 김포시 월곶면 고막리,37.7282460069678,126.562179712271
4157035023,경기도 김포시 월곶면 갈산리,존재,경기도,김포시,월곶면,경기도 김포시 월곶면 갈산리,37.7106625939194,126.566034727314
4157035024,경기도 김포시 월곶면 고양리,존재,경기도,김포시,월곶면,경기도 김포시 월곶면 고양리,37.6939246163867,126.544589598613
4157035025,경기도 김포시 월곶면 포내리,존재,경기도,김포시,월곶면,경기도 김포시 월곶면 포내리,37.7221658144034,126.534766498381
4157035026,경기도 김포시 월곶면 성동리,존재,경기도,김포시,월곶면,경기도 김포시 월곶면 성동리,37.7461059950603,126.537462304878
4157035027,경기도 김포시 월곶면 보구곶리,존재,경기도,김포시,월곶면,경기도 김포시 월곶면 보구곶리,37.763327567637,126.527177437426
4157035028,경기도 김포시 월곶면 용강리,존재,경기도,김포시,월곶면,경기도 김포시 월곶면 용강리,37.7598107349156,126.552220569439
4157035029,경기도 김포시 월곶면 조강리,존재,경기도,김포시,월곶면,경기도 김포시 월곶면 조강리,37.7516385057553,126.572957794705
4157035030,경기도 김포시 월곶면 개곡리,존재,경기도,김포시,월곶면,경기도 김포시 월곶면 개곡리,37.7329983856546,126.583760211219
4157036000,경기도 김포시 하성면,존재,경기도,김포시,하성면,경기도 김포시 하성면,37.7201465113611,126.631238316931
4157036021,경기도 김포시 하성면 마곡리,존재,경기도,김포시,하성면,경기도 김포시 하성면 마곡리,37.7170835120349,126.638312648192
4157036022,경기도 김포시 하성면 석탄리,존재,경기도,김포시,하성면,경기도 김포시 하성면 석탄리,37.7187482728675,126.656306699968
4157036023,경기도 김포시 하성면 후평리,존재,경기도,김포시,하성면,경기도 김포시 하성면 후평리,37.7471081246408,126.655426724079
4157036024,경기도 김포시 하성면 시암리,존재,경기도,김포시,하성면,경기도 김포시 하성면 시암리,37.7672779282654,126.641813651878
4157036025,경기도 김포시 하성면 마조리,존재,경기도,김포시,하성면,경기도 김포시 하성면 마조리,37.75288785603,126.6324784047
4157036026,경기도 김포시 하성면 가금리,존재,경기도,김포시,하성면,경기도 김포시 하성면 가금리,37.7480728689387,126.604567030851
4157036027,경기도 김포시 하성면 양택리,존재,경기도,김포시,하성면,경기도 김포시 하성면 양택리,37.7327592862356,126.62415143998
4157036028,경기도 김포시 하성면 원산리,존재,경기도,김포시,하성면,경기도 김포시 하성면 원산리,37.7172586171227,126.625146182708
4157036029,경기도 김포시 하성면 하사리,존재,경기도,김포시,하성면,경기도 김포시 하성면 하사리,37.6977462176993,126.636333865773
4157036030,경기도 김포시 하성면 봉성리,존재,경기도,김포시,하성면,경기도 김포시 하성면 봉성리,37.6883959877167,126.644030040304
4157036031,경기도 김포시 하성면 전류리,존재,경기도,김포시,하성면,경기도 김포시 하성면 전류리,37.6978952073238,126.657196713222
4157036032,경기도 김포시 하성면 마근포리,존재,경기도,김포시,하성면,경기도 김포시 하성면 마근포리,37.7543623771271,126.620147719875
4159100000,경기도 화성시 만세구,존재,경기도,화성시,만세구,경기도 화성시 만세구,37.1536194317288,126.868462263772
4159110100,경기도 화성시 만세구 새솔동,존재,경기도,화성시,만세구,경기도 화성시 만세구 새솔동,37.2751498180628,126.829315487206
4159125000,경기도 화성시 만세구 우정읍,존재,경기도,화성시,만세구,경기도 화성시 만세구 우정읍,37.0811397826127,126.787730264119
4159125021,경기도 화성시 만세구 우정읍 원안리,존재,경기도,화성시,만세구,경기도 화성시 만세구 우정읍 원안리,37.0988726796075,126.783685142213
4159125022,경기도 화성시 만세구 우정읍 호곡리,존재,경기도,화성시,만세구,경기도 화성시 만세구 우정읍 호곡리,37.1190799978755,126.776907951067
4159125023,경기도 화성시 만세구 우정읍 운평리,존재,경기도,화성시,만세구,경기도 화성시 만세구 우정읍 운평리,37.0791752914015,126.775886817712
4159125024,경기도 화성시 만세구 우정읍 한각리,존재,경기도,화성시,만세구,경기도 화성시 만세구 우정읍 한각리,37.0913578895941,126.795944253248
4159125025,경기도 화성시 만세구 우정읍 멱우리,존재,경기도,화성시,만세구,경기도 화성시 만세구 우정읍 멱우리,37.1031075391059,126.813291234701
4159125026,경기도 화성시 만세구 우정읍 화수리,존재,경기도,화성시,만세구,경기도 화성시 만세구 우정읍 화수리,37.1094489520224,126.790472933338
4159125027,경기도 화성시 만세구 우정읍 주곡리,존재,경기도,화성시,만세구,경기도 화성시 만세구 우정읍 주곡리,37.1293951485709,126.812141831805
4159125028,경기도 화성시 만세구 우정읍 이화리,존재,경기도,화성시,만세구,경기도 화성시 만세구 우정읍 이화리,37.0329191231377,126.796595240522
4159125029,경기도 화성시 만세구 우정읍 석천리,존재,경기도,화성시,만세구,경기도 화성시 만세구 우정읍 석천리,37.0442465947123,126.779964347103
4159125030,경기도 화성시 만세구 우정읍 매향리,존재,경기도,화성시,만세구,경기도 화성시 만세구 우정읍 매향리,37.0708523092187,126.738560263491
4159125031,경기도 화성시 만세구 우정읍 화산리,존재,경기도,화성시,만세구,경기도 화성시 만세구 우정읍 화산리,37.0682642857681,126.793275965747
4159125032,경기도 화성시 만세구 우정읍 조암리,존재,경기도,화성시,만세구,경기도 화성시 만세구 우정읍 조암리,37.0858407930672,126.814116393798
4159125033,경기도 화성시 만세구 우정읍 국화리,존재,경기도,화성시,만세구,경기도 화성시 만세구 우정읍 국화리,37.1041050299908,126.539559009922
4159125300,경기도 화성시 만세구 향남읍,존재,경기도,화성시,만세구,경기도 화성시 만세구 향남읍,37.1085839915864,126.920760485208
4159125321,경기도 화성시 만세구 향남읍 평리,존재,경기도,화성시,만세구,경기도 화성시 만세구 향남읍 평리,37.1303341892615,126.908673830389
4159125322,경기도 화성시 만세구 향남읍 발안리,존재,경기도,화성시,만세구,경기도 화성시 만세구 향남읍 발안리,37.1307393955816,126.90157896386
4159125323,경기도 화성시 만세구 향남읍 제암리,존재,경기도,화성시,만세구,경기도 화성시 만세구 향남읍 제암리,37.1257185169081,126.905821106257
4159125324,경기도 화성시 만세구 향남읍 상신리,존재,경기도,화성시,만세구,경기도 화성시 만세구 향남읍 상신리,37.0988624580105,126.900526804873
4159125325,경기도 화성시 만세구 향남읍 구문천리,존재,경기도,화성시,만세구,경기도 화성시 만세구 향남읍 구문천리,37.0797401346141,126.89857695469
4159125326,경기도 화성시 만세구 향남읍 하길리,존재,경기도,화성시,만세구,경기도 화성시 만세구 향남읍 하길리,37.1010806460128,126.921866241017
4159125327,경기도 화성시 만세구 향남읍 화리현리,존재,경기도,화성시,만세구,경기도 화성시 만세구 향남읍 화리현리,37.1111058761905,126.936950110804
4159125328,경기도 화성시 만세구 향남읍 상두리,존재,경기도,화성시,만세구,경기도 화성시 만세구 향남읍 상두리,37.1057845710024,126.94900111215
4159125329,경기도 화성시 만세구 향남읍 백토리,존재,경기도,화성시,만세구,경기도 화성시 만세구 향남읍 백토리,37.1200246839377,126.948262419576
4159125330,경기도 화성시 만세구 향남읍 길성리,존재,경기도,화성시,만세구,경기도 화성시 만세구 향남읍 길성리,37.1223859318312,126.970702881333
4159125331,경기도 화성시 만세구 향남읍 요리,존재,경기도,화성시,만세구,경기도 화성시 만세구 향남읍 요리,37.112393264961,126.964604154761
4159125332,경기도 화성시 만세구 향남읍 수직리,존재,경기도,화성시,만세구,경기도 화성시 만세구 향남읍 수직리,37.1252618018495,126.991015630385
4159125333,경기도 화성시 만세구 향남읍 갈천리,존재,경기도,화성시,만세구,경기도 화성시 만세구 향남읍 갈천리,37.1281402779622,126.980149012874
4159125334,경기도 화성시 만세구 향남읍 증거리,존재,경기도,화성시,만세구,경기도 화성시 만세구 향남읍 증거리,37.1376940528096,126.974465089589
4159125335,경기도 화성시 만세구 향남읍 송곡리,존재,경기도,화성시,만세구,경기도 화성시 만세구 향남읍 송곡리,37.1283861264864,126.967311035498
4159125336,경기도 화성시 만세구 향남읍 동오리,존재,경기도,화성시,만세구,경기도 화성시 만세구 향남읍 동오리,37.138974902676,126.954804428378
4159125337,경기도 화성시 만세구 향남읍 관리,존재,경기도,화성시,만세구,경기도 화성시 만세구 향남읍 관리,37.1292330698643,126.947171309105
4159125338,경기도 화성시 만세구 향남읍 도이리,존재,경기도,화성시,만세구,경기도 화성시 만세구 향남읍 도이리,37.1382204151091,126.930066639115
4159125339,경기도 화성시 만세구 향남읍 행정리,존재,경기도,화성시,만세구,경기도 화성시 만세구 향남읍 행정리,37.1284963150508,126.924453366676
4159125340,경기도 화성시 만세구 향남읍 방축리,존재,경기도,화성시,만세구,경기도 화성시 만세구 향남읍 방축리,37.1185381829187,126.925115876643
4159125341,경기도 화성시 만세구 향남읍 장짐리,존재,경기도,화성시,만세구,경기도 화성시 만세구 향남읍 장짐리,37.1414176902963,126.904662605383
4159125600,경기도 화성시 만세구 남양읍,존재,경기도,화성시,만세구,경기도 화성시 만세구 남양읍,37.2176785214916,126.827435083672
4159125621,경기도 화성시 만세구 남양읍 남양리,존재,경기도,화성시,만세구,경기도 화성시 만세구 남양읍 남양리,37.2022510430631,126.819170621794
4159125622,경기도 화성시 만세구 남양읍 신남리,존재,경기도,화성시,만세구,경기도 화성시 만세구 남양읍 신남리,37.1843321486032,126.812992381509
4159125623,경기도 화성시 만세구 남양읍 장덕리,존재,경기도,화성시,만세구,경기도 화성시 만세구 남양읍 장덕리,37.1607123523936,126.809880271565
4159125624,경기도 화성시 만세구 남양읍 안석리,존재,경기도,화성시,만세구,경기도 화성시 만세구 남양읍 안석리,37.1647253288713,126.827325864765
4159125625,경기도 화성시 만세구 남양읍 활초리,존재,경기도,화성시,만세구,경기도 화성시 만세구 남양읍 활초리,37.1716019015533,126.837313445235
4159125626,경기도 화성시 만세구 남양읍 온석리,존재,경기도,화성시,만세구,경기도 화성시 만세구 남양읍 온석리,37.16980127477,126.852202440418
4159125627,경기도 화성시 만세구 남양읍 무송리,존재,경기도,화성시,만세구,경기도 화성시 만세구 남양읍 무송리,37.1884701446386,126.851422751911
4159125628,경기도 화성시 만세구 남양읍 북양리,존재,경기도,화성시,만세구,경기도 화성시 만세구 남양읍 북양리,37.2160983481713,126.841823664433
4159125629,경기도 화성시 만세구 남양읍 송림리,존재,경기도,화성시,만세구,경기도 화성시 만세구 남양읍 송림리,37.2263528322037,126.821907543553
4159125630,경기도 화성시 만세구 남양읍 수화리,존재,경기도,화성시,만세구,경기도 화성시 만세구 남양읍 수화리,37.253639585021,126.819210190689
4159125631,경기도 화성시 만세구 남양읍 장전리,존재,경기도,화성시,만세구,경기도 화성시 만세구 남양읍 장전리,37.2635022632968,126.82758311223
4159125632,경기도 화성시 만세구 남양읍 신외리,존재,경기도,화성시,만세구,경기도 화성시 만세구 남양읍 신외리,37.2755214015561,126.812857248907
4159125633,경기도 화성시 만세구 남양읍 문호리,존재,경기도,화성시,만세구,경기도 화성시 만세구 남양읍 문호리,37.2574504263694,126.801958538256
4159125634,경기도 화성시 만세구 남양읍 시리,존재,경기도,화성시,만세구,경기도 화성시 만세구 남양읍 시리,37.2382102888995,126.801323684348
4159125635,경기도 화성시 만세구 남양읍 원천리,존재,경기도,화성시,만세구,경기도 화성시 만세구 남양읍 원천리,37.2247381195863,126.803644121892
4159131000,경기도 화성시 만세구 마도면,존재,경기도,화성시,만세구,경기도 화성시 만세구 마도면,37.1942799440589,126.757426850141
4159131021,경기도 화성시 만세구 마도면 석교리,존재,경기도,화성시,만세구,경기도 화성시 만세구 마도면 석교리,37.2010158156565,126.777428500446
4159131022,경기도 화성시 만세구 마도면 두곡리,존재,경기도,화성시,만세구,경기도 화성시 만세구 마도면 두곡리,37.2078329948287,126.784158585316
4159131023,경기도 화성시 만세구 마도면 송정리,존재,경기도,화성시,만세구,경기도 화성시 만세구 마도면 송정리,37.2202184879737,126.786971606726
4159131024,경기도 화성시 만세구 마도면 쌍송리,존재,경기도,화성시,만세구,경기도 화성시 만세구 마도면 쌍송리,37.1866737359084,126.7827412356
4159131025,경기도 화성시 만세구 마도면 청원리,존재,경기도,화성시,만세구,경기도 화성시 만세구 마도면 청원리,37.1752385218709,126.768031930322
4159131026,경기도 화성시 만세구 마도면 슬항리,존재,경기도,화성시,만세구,경기도 화성시 만세구 마도면 슬항리,37.2013826931738,126.760413925381
4159131027,경기도 화성시 만세구 마도면 해문리,존재,경기도,화성시,만세구,경기도 화성시 만세구 마도면 해문리,37.1996765036565,126.740910112083
4159131028,경기도 화성시 만세구 마도면 백곡리,존재,경기도,화성시,만세구,경기도 화성시 만세구 마도면 백곡리,37.1869773240714,126.727357911495
4159131029,경기도 화성시 만세구 마도면 금당리,존재,경기도,화성시,만세구,경기도 화성시 만세구 마도면 금당리,37.1845839752646,126.746777233564
4159131030,경기도 화성시 만세구 마도면 고모리,존재,경기도,화성시,만세구,경기도 화성시 만세구 마도면 고모리,37.1683395492417,126.746664805864
4159132000,경기도 화성시 만세구 송산면,존재,경기도,화성시,만세구,경기도 화성시 만세구 송산면,37.2267061435982,126.727273545389
4159132021,경기도 화성시 만세구 송산면 사강리,존재,경기도,화성시,만세구,경기도 화성시 만세구 송산면 사강리,37.2194768371137,126.721373178485
4159132022,경기도 화성시 만세구 송산면 봉가리,존재,경기도,화성시,만세구,경기도 화성시 만세구 송산면 봉가리,37.2111221945138,126.741997550141
4159132023,경기도 화성시 만세구 송산면 삼존리,존재,경기도,화성시,만세구,경기도 화성시 만세구 송산면 삼존리,37.2213289055192,126.750241923342
4159132024,경기도 화성시 만세구 송산면 용포리,존재,경기도,화성시,만세구,경기도 화성시 만세구 송산면 용포리,37.2299757099905,126.752133555965
4159132025,경기도 화성시 만세구 송산면 고정리,존재,경기도,화성시,만세구,경기도 화성시 만세구 송산면 고정리,37.2441172442789,126.749824116776
4159132026,경기도 화성시 만세구 송산면 쌍정리,존재,경기도,화성시,만세구,경기도 화성시 만세구 송산면 쌍정리,37.2362328012734,126.724512033971
4159132027,경기도 화성시 만세구 송산면 천등리,존재,경기도,화성시,만세구,경기도 화성시 만세구 송산면 천등리,37.2375175091788,126.705709674774
4159132028,경기도 화성시 만세구 송산면 신천리,존재,경기도,화성시,만세구,경기도 화성시 만세구 송산면 신천리,37.2496296672926,126.72150114414
4159132029,경기도 화성시 만세구 송산면 독지리,존재,경기도,화성시,만세구,경기도 화성시 만세구 송산면 독지리,37.2501637250479,126.694014811342
4159132030,경기도 화성시 만세구 송산면 마산리,존재,경기도,화성시,만세구,경기도 화성시 만세구 송산면 마산리,37.2324344528587,126.692481791195
4159132031,경기도 화성시 만세구 송산면 고포리,존재,경기도,화성시,만세구,경기도 화성시 만세구 송산면 고포리,37.2589699150937,126.645361960358
4159132032,경기도 화성시 만세구 송산면 지화리,존재,경기도,화성시,만세구,경기도 화성시 만세구 송산면 지화리,37.213140037851,126.678441615565
4159132033,경기도 화성시 만세구 송산면 중송리,존재,경기도,화성시,만세구,경기도 화성시 만세구 송산면 중송리,37.2194434384672,126.706063830832
4159132034,경기도 화성시 만세구 송산면 육일리,존재,경기도,화성시,만세구,경기도 화성시 만세구 송산면 육일리,37.2032016827098,126.725042159479
4159132035,경기도 화성시 만세구 송산면 칠곡리,존재,경기도,화성시,만세구,경기도 화성시 만세구 송산면 칠곡리,37.2016022113544,126.708782379483
4159133000,경기도 화성시 만세구 서신면,존재,경기도,화성시,만세구,경기도 화성시 만세구 서신면,37.1588059812851,126.717772813685
4159133021,경기도 화성시 만세구 서신면 전곡리,존재,경기도,화성시,만세구,경기도 화성시 만세구 서신면 전곡리,37.1917659584209,126.68604680464
4159133022,경기도 화성시 만세구 서신면 상안리,존재,경기도,화성시,만세구,경기도 화성시 만세구 서신면 상안리,37.1824406922628,126.70667575159
4159133023,경기도 화성시 만세구 서신면 광평리,존재,경기도,화성시,만세구,경기도 화성시 만세구 서신면 광평리,37.1755898489911,126.694144656415
4159133024,경기도 화성시 만세구 서신면 장외리,존재,경기도,화성시,만세구,경기도 화성시 만세구 서신면 장외리,37.1745679520649,126.675803609403
4159133025,경기도 화성시 만세구 서신면 송교리,존재,경기도,화성시,만세구,경기도 화성시 만세구 서신면 송교리,37.1611253020666,126.670956940662
4159133026,경기도 화성시 만세구 서신면 제부리,존재,경기도,화성시,만세구,경기도 화성시 만세구 서신면 제부리,37.1696176119933,126.622837626482
4159133027,경기도 화성시 만세구 서신면 홍법리,존재,경기도,화성시,만세구,경기도 화성시 만세구 서신면 홍법리,37.1653696286676,126.728732568881
4159133028,경기도 화성시 만세구 서신면 매화리,존재,경기도,화성시,만세구,경기도 화성시 만세구 서신면 매화리,37.1647145797132,126.700669032817
4159133029,경기도 화성시 만세구 서신면 용두리,존재,경기도,화성시,만세구,경기도 화성시 만세구 서신면 용두리,37.1469132266659,126.71226998677
4159133030,경기도 화성시 만세구 서신면 궁평리,존재,경기도,화성시,만세구,경기도 화성시 만세구 서신면 궁평리,37.1273695399141,126.700019439732
4159133031,경기도 화성시 만세구 서신면 백미리,존재,경기도,화성시,만세구,경기도 화성시 만세구 서신면 백미리,37.1404370740745,126.688293984904
4159133032,경기도 화성시 만세구 서신면 사곶리,존재,경기도,화성시,만세구,경기도 화성시 만세구 서신면 사곶리,37.1504250977967,126.731271430358
4159134000,경기도 화성시 만세구 팔탄면,존재,경기도,화성시,만세구,경기도 화성시 만세구 팔탄면,37.1469121983364,126.871981301994
4159134021,경기도 화성시 만세구 팔탄면 하저리,존재,경기도,화성시,만세구,경기도 화성시 만세구 팔탄면 하저리,37.1874818509056,126.869133346255
4159134022,경기도 화성시 만세구 팔탄면 창곡리,존재,경기도,화성시,만세구,경기도 화성시 만세구 팔탄면 창곡리,37.1846688943828,126.888657097141
4159134023,경기도 화성시 만세구 팔탄면 기천리,존재,경기도,화성시,만세구,경기도 화성시 만세구 팔탄면 기천리,37.1800224293989,126.909028455808
4159134024,경기도 화성시 만세구 팔탄면 가재리,존재,경기도,화성시,만세구,경기도 화성시 만세구 팔탄면 가재리,37.1508113871739,126.920770478708
4159134025,경기도 화성시 만세구 팔탄면 구장리,존재,경기도,화성시,만세구,경기도 화성시 만세구 팔탄면 구장리,37.1626458445425,126.903681229926
4159134026,경기도 화성시 만세구 팔탄면 율암리,존재,경기도,화성시,만세구,경기도 화성시 만세구 팔탄면 율암리,37.1649752627432,126.881066004831
4159134027,경기도 화성시 만세구 팔탄면 노하리,존재,경기도,화성시,만세구,경기도 화성시 만세구 팔탄면 노하리,37.1528109935587,126.855162345506
4159134028,경기도 화성시 만세구 팔탄면 덕천리,존재,경기도,화성시,만세구,경기도 화성시 만세구 팔탄면 덕천리,37.1431326556778,126.87319427285
4159134029,경기도 화성시 만세구 팔탄면 지월리,존재,경기도,화성시,만세구,경기도 화성시 만세구 팔탄면 지월리,37.1438941151613,126.892395261919
4159134030,경기도 화성시 만세구 팔탄면 덕우리,존재,경기도,화성시,만세구,경기도 화성시 만세구 팔탄면 덕우리,37.133989565025,126.861108960086
4159134031,경기도 화성시 만세구 팔탄면 서근리,존재,경기도,화성시,만세구,경기도 화성시 만세구 팔탄면 서근리,37.1308922512613,126.848312307411
4159134032,경기도 화성시 만세구 팔탄면 월문리,존재,경기도,화성시,만세구,경기도 화성시 만세구 팔탄면 월문리,37.1212708388355,126.871281836356
4159134033,경기도 화성시 만세구 팔탄면 화당리,존재,경기도,화성시,만세구,경기도 화성시 만세구 팔탄면 화당리,37.1184970657994,126.8598905491
4159134034,경기도 화성시 만세구 팔탄면 고주리,존재,경기도,화성시,만세구,경기도 화성시 만세구 팔탄면 고주리,37.1335403602296,126.882317169266
4159134035,경기도 화성시 만세구 팔탄면 매곡리,존재,경기도,화성시,만세구,경기도 화성시 만세구 팔탄면 매곡리,37.1182493687621,126.884190656967
4159134036,경기도 화성시 만세구 팔탄면 해창리,존재,경기도,화성시,만세구,경기도 화성시 만세구 팔탄면 해창리,37.1035314422657,126.878849187446
4159135000,경기도 화성시 만세구 장안면,존재,경기도,화성시,만세구,경기도 화성시 만세구 장안면,37.0820100491916,126.850195709715
4159135021,경기도 화성시 만세구 장안면 어은리,존재,경기도,화성시,만세구,경기도 화성시 만세구 장안면 어은리,37.0907072289439,126.839236688761
4159135022,경기도 화성시 만세구 장안면 석포리,존재,경기도,화성시,만세구,경기도 화성시 만세구 장안면 석포리,37.1319511099176,126.831703870648
4159135023,경기도 화성시 만세구 장안면 수촌리,존재,경기도,화성시,만세구,경기도 화성시 만세구 장안면 수촌리,37.0974189309876,126.859537911324
4159135024,경기도 화성시 만세구 장안면 독정리,존재,경기도,화성시,만세구,경기도 화성시 만세구 장안면 독정리,37.0710081743195,126.860702131272
4159135025,경기도 화성시 만세구 장안면 장안리,존재,경기도,화성시,만세구,경기도 화성시 만세구 장안면 장안리,37.0382794301415,126.847543573454
4159135026,경기도 화성시 만세구 장안면 덕다리,존재,경기도,화성시,만세구,경기도 화성시 만세구 장안면 덕다리,37.0541505694957,126.835127149617
4159135027,경기도 화성시 만세구 장안면 사랑리,존재,경기도,화성시,만세구,경기도 화성시 만세구 장안면 사랑리,37.0724681020502,126.827899604204
4159135028,경기도 화성시 만세구 장안면 금의리,존재,경기도,화성시,만세구,경기도 화성시 만세구 장안면 금의리,37.108791759859,126.830279061483
4159135029,경기도 화성시 만세구 장안면 사곡리,존재,경기도,화성시,만세구,경기도 화성시 만세구 장안면 사곡리,37.0668271915888,126.813456658484
4159135030,경기도 화성시 만세구 장안면 노진리,존재,경기도,화성시,만세구,경기도 화성시 만세구 장안면 노진리,37.0384818743844,126.819699104903
4159136000,경기도 화성시 만세구 양감면,존재,경기도,화성시,만세구,경기도 화성시 만세구 양감면,37.0920571099789,126.961770106637
4159136021,경기도 화성시 만세구 양감면 신왕리,존재,경기도,화성시,만세구,경기도 화성시 만세구 양감면 신왕리,37.0735720708932,126.955207620112
4159136022,경기도 화성시 만세구 양감면 사창리,존재,경기도,화성시,만세구,경기도 화성시 만세구 양감면 사창리,37.0972524213249,126.966946455008
4159136023,경기도 화성시 만세구 양감면 정문리,존재,경기도,화성시,만세구,경기도 화성시 만세구 양감면 정문리,37.0923835197348,126.988760893846
4159136024,경기도 화성시 만세구 양감면 송산리,존재,경기도,화성시,만세구,경기도 화성시 만세구 양감면 송산리,37.1100477651524,126.986188620408
4159136025,경기도 화성시 만세구 양감면 용소리,존재,경기도,화성시,만세구,경기도 화성시 만세구 양감면 용소리,37.0773448259895,126.977265323509
4159136026,경기도 화성시 만세구 양감면 요당리,존재,경기도,화성시,만세구,경기도 화성시 만세구 양감면 요당리,37.0712206340285,126.924046923626
4159136027,경기도 화성시 만세구 양감면 대양리,존재,경기도,화성시,만세구,경기도 화성시 만세구 양감면 대양리,37.0937422661636,126.940325492713
4159300000,경기도 화성시 효행구,존재,경기도,화성시,효행구,경기도 화성시 효행구,37.2077523628125,126.923072175873
4159310100,경기도 화성시 효행구 배양동,존재,경기도,화성시,효행구,경기도 화성시 효행구 배양동,37.2227455267121,126.996529630245
4159310200,경기도 화성시 효행구 기안동,존재,경기도,화성시,효행구,경기도 화성시 효행구 기안동,37.223717292113,126.981674409875
4159325000,경기도 화성시 효행구 봉담읍,존재,경기도,화성시,효행구,경기도 화성시 효행구 봉담읍,37.1940111442308,126.925609067313
4159325021,경기도 화성시 효행구 봉담읍 상리,존재,경기도,화성시,효행구,경기도 화성시 효행구 봉담읍 상리,37.2241359662229,126.939902912338
4159325022,경기도 화성시 효행구 봉담읍 내리,존재,경기도,화성시,효행구,경기도 화성시 효행구 봉담읍 내리,37.2283542799207,126.923587622277
4159325023,경기도 화성시 효행구 봉담읍 수영리,존재,경기도,화성시,효행구,경기도 화성시 효행구 봉담읍 수영리,37.2328187215173,126.957078888729
4159325024,경기도 화성시 효행구 봉담읍 동화리,존재,경기도,화성시,효행구,경기도 화성시 효행구 봉담읍 동화리,37.2208363299064,126.961574511464
4159325025,경기도 화성시 효행구 봉담읍 와우리,존재,경기도,화성시,효행구,경기도 화성시 효행구 봉담읍 와우리,37.2144131729839,126.972871002616
4159325026,경기도 화성시 효행구 봉담읍 수기리,존재,경기도,화성시,효행구,경기도 화성시 효행구 봉담읍 수기리,37.2009812933928,126.977579739539
4159325027,경기도 화성시 효행구 봉담읍 분천리,존재,경기도,화성시,효행구,경기도 화성시 효행구 봉담읍 분천리,37.2037117593406,126.958559774966
4159325028,경기도 화성시 효행구 봉담읍 왕림리,존재,경기도,화성시,효행구,경기도 화성시 효행구 봉담읍 왕림리,37.196231576684,126.938604956871
4159325029,경기도 화성시 효행구 봉담읍 세곡리,존재,경기도,화성시,효행구,경기도 화성시 효행구 봉담읍 세곡리,37.1862901825547,126.930324162706
4159325030,경기도 화성시 효행구 봉담읍 당하리,존재,경기도,화성시,효행구,경기도 화성시 효행구 봉담읍 당하리,37.1849470765649,126.939168173509
4159325031,경기도 화성시 효행구 봉담읍 마하리,존재,경기도,화성시,효행구,경기도 화성시 효행구 봉담읍 마하리,37.1807652479927,126.944608431699
4159325032,경기도 화성시 효행구 봉담읍 유리,존재,경기도,화성시,효행구,경기도 화성시 효행구 봉담읍 유리,37.1756523927782,126.927424236336
4159325033,경기도 화성시 효행구 봉담읍 덕리,존재,경기도,화성시,효행구,경기도 화성시 효행구 봉담읍 덕리,37.1668212829779,126.938853937712
4159325034,경기도 화성시 효행구 봉담읍 덕우리,존재,경기도,화성시,효행구,경기도 화성시 효행구 봉담읍 덕우리,37.1621842634061,126.923077848122
4159325035,경기도 화성시 효행구 봉담읍 하가등리,존재,경기도,화성시,효행구,경기도 화성시 효행구 봉담읍 하가등리,37.1513093019792,126.940095675061
4159325036,경기도 화성시 효행구 봉담읍 상기리,존재,경기도,화성시,효행구,경기도 화성시 효행구 봉담읍 상기리,37.2064985323588,126.923740337487
4159331000,경기도 화성시 효행구 매송면,존재,경기도,화성시,효행구,경기도 화성시 효행구 매송면,37.2632741108911,126.898232153351
4159331021,경기도 화성시 효행구 매송면 천천리,존재,경기도,화성시,효행구,경기도 화성시 효행구 매송면 천천리,37.2481059824809,126.94437433093
4159331022,경기도 화성시 효행구 매송면 원평리,존재,경기도,화성시,효행구,경기도 화성시 효행구 매송면 원평리,37.2484554540471,126.92459075989
4159331023,경기도 화성시 효행구 매송면 어천리,존재,경기도,화성시,효행구,경기도 화성시 효행구 매송면 어천리,37.2643049796914,126.922081234785
4159331024,경기도 화성시 효행구 매송면 숙곡리,존재,경기도,화성시,효행구,경기도 화성시 효행구 매송면 숙곡리,37.2565629104759,126.906695530557
4159331025,경기도 화성시 효행구 매송면 야목리,존재,경기도,화성시,효행구,경기도 화성시 효행구 매송면 야목리,37.262893781886,126.884393430632
4159331026,경기도 화성시 효행구 매송면 송라리,존재,경기도,화성시,효행구,경기도 화성시 효행구 매송면 송라리,37.2781637289695,126.903516193397
4159331027,경기도 화성시 효행구 매송면 원리,존재,경기도,화성시,효행구,경기도 화성시 효행구 매송면 원리,37.279112306131,126.877034834524
4159332000,경기도 화성시 효행구 비봉면,존재,경기도,화성시,효행구,경기도 화성시 효행구 비봉면,37.2307933196598,126.875639407362
4159332021,경기도 화성시 효행구 비봉면 양노리,존재,경기도,화성시,효행구,경기도 화성시 효행구 비봉면 양노리,37.2241353183717,126.871269484231
4159332022,경기도 화성시 효행구 비봉면 남전리,존재,경기도,화성시,효행구,경기도 화성시 효행구 비봉면 남전리,37.2410284246768,126.836456584022
4159332023,경기도 화성시 효행구 비봉면 유포리,존재,경기도,화성시,효행구,경기도 화성시 효행구 비봉면 유포리,37.2552608609054,126.841426198634
4159332024,경기도 화성시 효행구 비봉면 삼화리,존재,경기도,화성시,효행구,경기도 화성시 효행구 비봉면 삼화리,37.2524827667209,126.859097265608
4159332025,경기도 화성시 효행구 비봉면 구포리,존재,경기도,화성시,효행구,경기도 화성시 효행구 비봉면 구포리,37.2473138252742,126.881635531674
4159332026,경기도 화성시 효행구 비봉면 쌍학리,존재,경기도,화성시,효행구,경기도 화성시 효행구 비봉면 쌍학리,37.2321965732813,126.89973437863
4159332027,경기도 화성시 효행구 비봉면 청요리,존재,경기도,화성시,효행구,경기도 화성시 효행구 비봉면 청요리,37.2043854084971,126.894215430806
4159332028,경기도 화성시 효행구 비봉면 자안리,존재,경기도,화성시,효행구,경기도 화성시 효행구 비봉면 자안리,37.2068547578727,126.876111277436
4159333000,경기도 화성시 효행구 정남면,존재,경기도,화성시,효행구,경기도 화성시 효행구 정남면,37.1612532797032,126.986003680403
4159333021,경기도 화성시 효행구 정남면 발산리,존재,경기도,화성시,효행구,경기도 화성시 효행구 정남면 발산리,37.1615780177005,126.98945317865
4159333022,경기도 화성시 효행구 정남면 괘랑리,존재,경기도,화성시,효행구,경기도 화성시 효행구 정남면 괘랑리,37.181761922896,126.992711658227
4159333023,경기도 화성시 효행구 정남면 보통리,존재,경기도,화성시,효행구,경기도 화성시 효행구 정남면 보통리,37.188928166002,126.974389284541
4159333024,경기도 화성시 효행구 정남면 관항리,존재,경기도,화성시,효행구,경기도 화성시 효행구 정남면 관항리,37.1804792192543,126.959171562838
4159333025,경기도 화성시 효행구 정남면 오일리,존재,경기도,화성시,효행구,경기도 화성시 효행구 정남면 오일리,37.1704263308164,126.968671118081
4159333026,경기도 화성시 효행구 정남면 백리,존재,경기도,화성시,효행구,경기도 화성시 효행구 정남면 백리,37.1675238798069,126.954346071623
4159333027,경기도 화성시 효행구 정남면 문학리,존재,경기도,화성시,효행구,경기도 화성시 효행구 정남면 문학리,37.1526189206577,126.960298740493
4159333028,경기도 화성시 효행구 정남면 신리,존재,경기도,화성시,효행구,경기도 화성시 효행구 정남면 신리,37.1629095867731,126.975825649128
4159333029,경기도 화성시 효행구 정남면 계향리,존재,경기도,화성시,효행구,경기도 화성시 효행구 정남면 계향리,37.1486855902297,126.988603982579
4159333030,경기도 화성시 효행구 정남면 귀래리,존재,경기도,화성시,효행구,경기도 화성시 효행구 정남면 귀래리,37.1337752522874,126.994444912787
4159333031,경기도 화성시 효행구 정남면 제기리,존재,경기도,화성시,효행구,경기도 화성시 효행구 정남면 제기리,37.135868942551,127.010970924258
4159333032,경기도 화성시 효행구 정남면 덕절리,존재,경기도,화성시,효행구,경기도 화성시 효행구 정남면 덕절리,37.1359241997512,127.02630412661
4159333033,경기도 화성시 효행구 정남면 음양리,존재,경기도,화성시,효행구,경기도 화성시 효행구 정남면 음양리,37.1468998947411,127.022548365529
4159333034,경기도 화성시 효행구 정남면 망월리,존재,경기도,화성시,효행구,경기도 화성시 효행구 정남면 망월리,37.1483939900414,127.006965456848
4159333035,경기도 화성시 효행구 정남면 수면리,존재,경기도,화성시,효행구,경기도 화성시 효행구 정남면 수면리,37.156652401333,127.025316132521
4159333036,경기도 화성시 효행구 정남면 내리,존재,경기도,화성시,효행구,경기도 화성시 효행구 정남면 내리,37.1596995449497,127.016418769882
4159333037,경기도 화성시 효행구 정남면 금복리,존재,경기도,화성시,효행구,경기도 화성시 효행구 정남면 금복리,37.1558765356691,127.003606904147
4159333038,경기도 화성시 효행구 정남면 고지리,존재,경기도,화성시,효행구,경기도 화성시 효행구 정남면 고지리,37.1626629399236,127.009984046591
4159333039,경기도 화성시 효행구 정남면 용수리,존재,경기도,화성시,효행구,경기도 화성시 효행구 정남면 용수리,37.1672839716949,127.001576287352
4159500000,경기도 화성시 병점구,존재,경기도,화성시,병점구,경기도 화성시 병점구,37.2130526545157,127.017124308906
4159510100,경기도 화성시 병점구 진안동,존재,경기도,화성시,병점구,경기도 화성시 병점구 진안동,37.2156402404303,127.034659883183
4159510200,경기도 화성시 병점구 병점동,존재,경기도,화성시,병점구,경기도 화성시 병점구 병점동,37.2081122770423,127.042050955082
4159510300,경기도 화성시 병점구 능동,존재,경기도,화성시,병점구,경기도 화성시 병점구 능동,37.2006062745029,127.047471601668
4159510400,경기도 화성시 병점구 기산동,존재,경기도,화성시,병점구,경기도 화성시 병점구 기산동,37.22154366995,127.045965894175
4159510500,경기도 화성시 병점구 반월동,존재,경기도,화성시,병점구,경기도 화성시 병점구 반월동,37.2261469715333,127.060360099567
4159510600,경기도 화성시 병점구 반정동,존재,경기도,화성시,병점구,경기도 화성시 병점구 반정동,37.2295344831234,127.034400306314
4159510700,경기도 화성시 병점구 황계동,존재,경기도,화성시,병점구,경기도 화성시 병점구 황계동,37.2207119156467,127.014570654769
4159510800,경기도 화성시 병점구 송산동,존재,경기도,화성시,병점구,경기도 화성시 병점구 송산동,37.2118170123612,127.01230676976
4159510900,경기도 화성시 병점구 안녕동,존재,경기도,화성시,병점구,경기도 화성시 병점구 안녕동,37.2011094977946,127.003906430632
4159700000,경기도 화성시 동탄구,존재,경기도,화성시,동탄구,경기도 화성시 동탄구,37.1886615396154,127.108343966059
4159710100,경기도 화성시 동탄구 능동,존재,경기도,화성시,동탄구,경기도 화성시 동탄구 능동,37.2085242884162,127.056637517941
4159710200,경기도 화성시 동탄구 반송동,존재,경기도,화성시,동탄구,경기도 화성시 동탄구 반송동,37.1980270831448,127.073025200288
4159710300,경기도 화성시 동탄구 석우동,존재,경기도,화성시,동탄구,경기도 화성시 동탄구 석우동,37.2112487040589,127.076516794902
4159710500,경기도 화성시 동탄구 청계동,존재,경기도,화성시,동탄구,경기도 화성시 동탄구 청계동,37.1943328274911,127.110230771912
4159710600,경기도 화성시 동탄구 영천동,존재,경기도,화성시,동탄구,경기도 화성시 동탄구 영천동,37.2106584299159,127.103851130703
4159710700,경기도 화성시 동탄구 중동,존재,경기도,화성시,동탄구,경기도 화성시 동탄구 중동,37.2076494829973,127.141580862372
4159710800,경기도 화성시 동탄구 신동,존재,경기도,화성시,동탄구,경기도 화성시 동탄구 신동,37.1832468973756,127.143328141329
4159710900,경기도 화성시 동탄구 목동,존재,경기도,화성시,동탄구,경기도 화성시 동탄구 목동,37.1878512907608,127.12242962061
4159711000,경기도 화성시 동탄구 산척동,존재,경기도,화성시,동탄구,경기도 화성시 동탄구 산척동,37.1711709786796,127.115232486015
4159711100,경기도 화성시 동탄구 장지동,존재,경기도,화성시,동탄구,경기도 화성시 동탄구 장지동,37.1538791602077,127.113918416092
4159711200,경기도 화성시 동탄구 송동,존재,경기도,화성시,동탄구,경기도 화성시 동탄구 송동,37.1713646533205,127.100437409025
4159711300,경기도 화성시 동탄구 방교동,존재,경기도,화성시,동탄구,경기도 화성시 동탄구 방교동,37.1726356152169,127.088544042868
4159711400,경기도 화성시 동탄구 금곡동,존재,경기도,화성시,동탄구,경기도 화성시 동탄구 금곡동,37.174650605071,127.077957222036
4159711500,경기도 화성시 동탄구 여울동,존재,경기도,화성시,동탄구,경기도 화성시 동탄구 여울동,37.1911703226985,127.090899319285
4161010100,경기도 광주시 경안동,존재,경기도,광주시,경안동,경기도 광주시 경안동,37.4109187336633,127.257276415026
4161010200,경기도 광주시 쌍령동,존재,경기도,광주시,쌍령동,경기도 광주시 쌍령동,37.3998686132248,127.270217546083
4161010300,경기도 광주시 송정동,존재,경기도,광주시,송정동,경기도 광주시 송정동,37.4174412093663,127.25602447921
4161010400,경기도 광주시 회덕동,존재,경기도,광주시,회덕동,경기도 광주시 회덕동,37.4385588695913,127.245126672849
4161010500,경기도 광주시 탄벌동,존재,경기도,광주시,탄벌동,경기도 광주시 탄벌동,37.4196788046505,127.246090873938
4161010600,경기도 광주시 목현동,존재,경기도,광주시,목현동,경기도 광주시 목현동,37.4344018885214,127.21437966921
4161010700,경기도 광주시 삼동,존재,경기도,광주시,삼동,경기도 광주시 삼동,37.4165877913409,127.199517058081
4161010800,경기도 광주시 중대동,존재,경기도,광주시,중대동,경기도 광주시 중대동,37.4077895035701,127.216336928698
4161010900,경기도 광주시 직동,존재,경기도,광주시,직동,경기도 광주시 직동,37.3999774308972,127.185739634308
4161011000,경기도 광주시 태전동,존재,경기도,광주시,태전동,경기도 광주시 태전동,37.394203030882,127.211857456814
4161011100,경기도 광주시 장지동,존재,경기도,광주시,장지동,경기도 광주시 장지동,37.4053445580374,127.232264457828
4161011200,경기도 광주시 역동,존재,경기도,광주시,역동,경기도 광주시 역동,37.3991606163855,127.251331835509
4161011300,경기도 광주시 목동,존재,경기도,광주시,목동,경기도 광주시 목동,37.3832800963442,127.196642060218
4161011400,경기도 광주시 고산동,존재,경기도,광주시,고산동,경기도 광주시 고산동,37.3732891636151,127.221336325325
4161011500,경기도 광주시 신현동,존재,경기도,광주시,신현동,경기도 광주시 신현동,37.3596471682821,127.158838315041
4161011600,경기도 광주시 능평동,존재,경기도,광주시,능평동,경기도 광주시 능평동,37.3497062329604,127.167264087448
4161011700,경기도 광주시 문형동,존재,경기도,광주시,문형동,경기도 광주시 문형동,37.3501152184432,127.203011361353
4161011800,경기도 광주시 추자동,존재,경기도,광주시,추자동,경기도 광주시 추자동,37.3626875370469,127.222388860951
4161011900,경기도 광주시 매산동,존재,경기도,광주시,매산동,경기도 광주시 매산동,37.3561632431133,127.263198103317
4161012000,경기도 광주시 양벌동,존재,경기도,광주시,양벌동,경기도 광주시 양벌동,37.3790304526116,127.258648790356
4161025300,경기도 광주시 초월읍,존재,경기도,광주시,초월읍,경기도 광주시 초월읍,37.3852482375455,127.287960741314
4161025321,경기도 광주시 초월읍 대쌍령리,존재,경기도,광주시,초월읍,경기도 광주시 초월읍 대쌍령리,37.3874891244391,127.283840954947
4161025322,경기도 광주시 초월읍 쌍동리,존재,경기도,광주시,초월읍,경기도 광주시 초월읍 쌍동리,37.3689067858451,127.288173729355
4161025323,경기도 광주시 초월읍 산이리,존재,경기도,광주시,초월읍,경기도 광주시 초월읍 산이리,37.3566612330596,127.299314959163
4161025324,경기도 광주시 초월읍 늑현리,존재,경기도,광주시,초월읍,경기도 광주시 초월읍 늑현리,37.3671000117041,127.320809924848
4161025325,경기도 광주시 초월읍 학동리,존재,경기도,광주시,초월읍,경기도 광주시 초월읍 학동리,37.3866609300785,127.339615166112
4161025326,경기도 광주시 초월읍 선동리,존재,경기도,광주시,초월읍,경기도 광주시 초월읍 선동리,37.3826910216337,127.320907948405
4161025327,경기도 광주시 초월읍 용수리,존재,경기도,광주시,초월읍,경기도 광주시 초월읍 용수리,37.3781856333815,127.307448419568
4161025328,경기도 광주시 초월읍 신월리,존재,경기도,광주시,초월읍,경기도 광주시 초월읍 신월리,37.4022496376559,127.317160340956
4161025329,경기도 광주시 초월읍 지월리,존재,경기도,광주시,초월읍,경기도 광주시 초월읍 지월리,37.4163161914208,127.289091796332
4161025330,경기도 광주시 초월읍 무갑리,존재,경기도,광주시,초월읍,경기도 광주시 초월읍 무갑리,37.4233784350335,127.328388656191
4161025331,경기도 광주시 초월읍 서하리,존재,경기도,광주시,초월읍,경기도 광주시 초월읍 서하리,37.4362600742845,127.302442937725
4161025332,경기도 광주시 초월읍 도평리,존재,경기도,광주시,초월읍,경기도 광주시 초월읍 도평리,37.4007117579568,127.295898585359
4161025900,경기도 광주시 곤지암읍,존재,경기도,광주시,곤지암읍,경기도 광주시 곤지암읍,37.3509323278922,127.352374949357
4161025921,경기도 광주시 곤지암읍 곤지암리,존재,경기도,광주시,곤지암읍,경기도 광주시 곤지암읍 곤지암리,37.340832739163,127.351465582845
4161025922,경기도 광주시 곤지암읍 수양리,존재,경기도,광주시,곤지암읍,경기도 광주시 곤지암읍 수양리,37.3318854226486,127.372131656827
4161025923,경기도 광주시 곤지암읍 신촌리,존재,경기도,광주시,곤지암읍,경기도 광주시 곤지암읍 신촌리,37.3282970715592,127.397216619093
4161025924,경기도 광주시 곤지암읍 봉현리,존재,경기도,광주시,곤지암읍,경기도 광주시 곤지암읍 봉현리,37.3420500196451,127.401577405874
4161025925,경기도 광주시 곤지암읍 부항리,존재,경기도,광주시,곤지암읍,경기도 광주시 곤지암읍 부항리,37.354238854886,127.394138740899
4161025926,경기도 광주시 곤지암읍 이선리,존재,경기도,광주시,곤지암읍,경기도 광주시 곤지암읍 이선리,37.3518763869722,127.425850842764
4161025927,경기도 광주시 곤지암읍 만선리,존재,경기도,광주시,곤지암읍,경기도 광주시 곤지암읍 만선리,37.3636556018828,127.405024848007
4161025928,경기도 광주시 곤지암읍 유사리,존재,경기도,광주시,곤지암읍,경기도 광주시 곤지암읍 유사리,37.3729309645344,127.413799455974
4161025929,경기도 광주시 곤지암읍 삼합리,존재,경기도,광주시,곤지암읍,경기도 광주시 곤지암읍 삼합리,37.3758282167371,127.43304485909
4161025930,경기도 광주시 곤지암읍 건업리,존재,경기도,광주시,곤지암읍,경기도 광주시 곤지암읍 건업리,37.3936271732782,127.398636183126
4161025931,경기도 광주시 곤지암읍 장심리,존재,경기도,광주시,곤지암읍,경기도 광주시 곤지암읍 장심리,37.3871024116588,127.384915836496
4161025932,경기도 광주시 곤지암읍 연곡리,존재,경기도,광주시,곤지암읍,경기도 광주시 곤지암읍 연곡리,37.3665727450132,127.389574826072
4161025933,경기도 광주시 곤지암읍 오향리,존재,경기도,광주시,곤지암읍,경기도 광주시 곤지암읍 오향리,37.3748497831228,127.370998029554
4161025934,경기도 광주시 곤지암읍 열미리,존재,경기도,광주시,곤지암읍,경기도 광주시 곤지암읍 열미리,37.3752922482903,127.352416617516
4161025935,경기도 광주시 곤지암읍 신대리,존재,경기도,광주시,곤지암읍,경기도 광주시 곤지암읍 신대리,37.3613543484306,127.336638436883
4161025936,경기도 광주시 곤지암읍 삼리,존재,경기도,광주시,곤지암읍,경기도 광주시 곤지암읍 삼리,37.3511313129735,127.319089610931
4161033000,경기도 광주시 도척면,존재,경기도,광주시,도척면,경기도 광주시 도척면,37.3045727355777,127.331124360872
4161033021,경기도 광주시 도척면 노곡리,존재,경기도,광주시,도척면,경기도 광주시 도척면 노곡리,37.3022175459658,127.340611144347
4161033022,경기도 광주시 도척면 유정리,존재,경기도,광주시,도척면,경기도 광주시 도척면 유정리,37.2890273971309,127.320915712771
4161033023,경기도 광주시 도척면 방도리,존재,경기도,광주시,도척면,경기도 광주시 도척면 방도리,37.2745313234963,127.32364137354
4161033024,경기도 광주시 도척면 추곡리,존재,경기도,광주시,도척면,경기도 광주시 도척면 추곡리,37.2797816722801,127.297896197764
4161033025,경기도 광주시 도척면 상림리,존재,경기도,광주시,도척면,경기도 광주시 도척면 상림리,37.3069970432418,127.303363761773
4161033026,경기도 광주시 도척면 도웅리,존재,경기도,광주시,도척면,경기도 광주시 도척면 도웅리,37.334440017753,127.300066302188
4161033027,경기도 광주시 도척면 궁평리,존재,경기도,광주시,도척면,경기도 광주시 도척면 궁평리,37.342661494289,127.316471698518
4161033028,경기도 광주시 도척면 진우리,존재,경기도,광주시,도척면,경기도 광주시 도척면 진우리,37.3201370103939,127.341942030099
4161034000,경기도 광주시 퇴촌면,존재,경기도,광주시,퇴촌면,경기도 광주시 퇴촌면,37.4666662497915,127.307068858523
4161034021,경기도 광주시 퇴촌면 광동리,존재,경기도,광주시,퇴촌면,경기도 광주시 퇴촌면 광동리,37.4689776780742,127.305197286723
4161034022,경기도 광주시 퇴촌면 관음리,존재,경기도,광주시,퇴촌면,경기도 광주시 퇴촌면 관음리,37.4465969487432,127.352967791312
4161034023,경기도 광주시 퇴촌면 우산리,존재,경기도,광주시,퇴촌면,경기도 광주시 퇴촌면 우산리,37.4233425474577,127.373270679264
4161034024,경기도 광주시 퇴촌면 영동리,존재,경기도,광주시,퇴촌면,경기도 광주시 퇴촌면 영동리,37.4760883569736,127.376440580212
4161034025,경기도 광주시 퇴촌면 도수리,존재,경기도,광주시,퇴촌면,경기도 광주시 퇴촌면 도수리,37.4773688342929,127.342946567784
4161034026,경기도 광주시 퇴촌면 오리,존재,경기도,광주시,퇴촌면,경기도 광주시 퇴촌면 오리,37.478163252756,127.302819757011
4161034027,경기도 광주시 퇴촌면 도마리,존재,경기도,광주시,퇴촌면,경기도 광주시 퇴촌면 도마리,37.4675027601472,127.276252982033
4161034028,경기도 광주시 퇴촌면 무수리,존재,경기도,광주시,퇴촌면,경기도 광주시 퇴촌면 무수리,37.4577282252353,127.288482558361
4161034029,경기도 광주시 퇴촌면 원당리,존재,경기도,광주시,퇴촌면,경기도 광주시 퇴촌면 원당리,37.4382664107853,127.320643403191
4161034030,경기도 광주시 퇴촌면 정지리,존재,경기도,광주시,퇴촌면,경기도 광주시 퇴촌면 정지리,37.4528686556016,127.307586576631
4161035000,경기도 광주시 남종면,존재,경기도,광주시,남종면,경기도 광주시 남종면,37.4941643633658,127.301699267454
4161035021,경기도 광주시 남종면 분원리,존재,경기도,광주시,남종면,경기도 광주시 남종면 분원리,37.4961457391204,127.299192263241
4161035022,경기도 광주시 남종면 금사리,존재,경기도,광주시,남종면,경기도 광주시 남종면 금사리,37.4901139797292,127.308471956774
4161035023,경기도 광주시 남종면 이석리,존재,경기도,광주시,남종면,경기도 광주시 남종면 이석리,37.5052565722635,127.272424586523
4161035024,경기도 광주시 남종면 삼성리,존재,경기도,광주시,남종면,경기도 광주시 남종면 삼성리,37.4862801323535,127.276086927547
4161035025,경기도 광주시 남종면 귀여리,존재,경기도,광주시,남종면,경기도 광주시 남종면 귀여리,37.5007827107082,127.334639708889
4161035026,경기도 광주시 남종면 검천리,존재,경기도,광주시,남종면,경기도 광주시 남종면 검천리,37.5231440650182,127.341450077675
4161035027,경기도 광주시 남종면 수청리,존재,경기도,광주시,남종면,경기도 광주시 남종면 수청리,37.5046710129688,127.364030387079
4161035028,경기도 광주시 남종면 우천리,존재,경기도,광주시,남종면,경기도 광주시 남종면 우천리,37.5039661945445,127.296432278976
4161037000,경기도 광주시 남한산성면,존재,경기도,광주시,남한산성면,경기도 광주시 남한산성면,37.4633196400432,127.244655878545
4161037021,경기도 광주시 남한산성면 산성리,존재,경기도,광주시,남한산성면,경기도 광주시 남한산성면 산성리,37.4766883922303,127.193350205307
4161037022,경기도 광주시 남한산성면 엄미리,존재,경기도,광주시,남한산성면,경기도 광주시 남한산성면 엄미리,37.4746616970772,127.233898719552
4161037023,경기도 광주시 남한산성면 광지원리,존재,경기도,광주시,남한산성면,경기도 광주시 남한산성면 광지원리,37.4635849952207,127.252153189414
4161037024,경기도 광주시 남한산성면 상번천리,존재,경기도,광주시,남한산성면,경기도 광주시 남한산성면 상번천리,37.4483311591578,127.264397633191
4161037025,경기도 광주시 남한산성면 하번천리,존재,경기도,광주시,남한산성면,경기도 광주시 남한산성면 하번천리,37.4416394064538,127.284171930013
4161037026,경기도 광주시 남한산성면 오전리,존재,경기도,광주시,남한산성면,경기도 광주시 남한산성면 오전리,37.4567776539215,127.228788565663
4161037027,경기도 광주시 남한산성면 불당리,존재,경기도,광주시,남한산성면,경기도 광주시 남한산성면 불당리,37.4578567662489,127.204369212874
4161037028,경기도 광주시 남한산성면 검복리,존재,경기도,광주시,남한산성면,경기도 광주시 남한산성면 검복리,37.4685271335942,127.198732592112
4163010100,경기도 양주시 유양동,존재,경기도,양주시,유양동,경기도 양주시 유양동,37.7882379644197,127.029712403235
4163010200,경기도 양주시 어둔동,존재,경기도,양주시,어둔동,경기도 양주시 어둔동,37.7760418917652,127.013566571132
4163010300,경기도 양주시 남방동,존재,경기도,양주시,남방동,경기도 양주시 남방동,37.7741192893795,127.038015380413
4163010400,경기도 양주시 마전동,존재,경기도,양주시,마전동,경기도 양주시 마전동,37.7700300052677,127.053721630794
4163010500,경기도 양주시 산북동,존재,경기도,양주시,산북동,경기도 양주시 산북동,37.8011289939445,127.041390215453
4163010600,경기도 양주시 광사동,존재,경기도,양주시,광사동,경기도 양주시 광사동,37.7901291410706,127.072990921812
4163010700,경기도 양주시 만송동,존재,경기도,양주시,만송동,경기도 양주시 만송동,37.785026128854,127.093360921776
4163010800,경기도 양주시 삼숭동,존재,경기도,양주시,삼숭동,경기도 양주시 삼숭동,37.804117852933,127.103695444937
4163010900,경기도 양주시 고읍동,존재,경기도,양주시,고읍동,경기도 양주시 고읍동,37.8048312980268,127.075399082624
4163011000,경기도 양주시 덕정동,존재,경기도,양주시,덕정동,경기도 양주시 덕정동,37.8467321091632,127.064716277101
4163011100,경기도 양주시 봉양동,존재,경기도,양주시,봉양동,경기도 양주시 봉양동,37.8611949785397,127.07549283045
4163011200,경기도 양주시 회암동,존재,경기도,양주시,회암동,경기도 양주시 회암동,37.8521213815431,127.102989990234
4163011300,경기도 양주시 율정동,존재,경기도,양주시,율정동,경기도 양주시 율정동,37.8286207698549,127.107182838036
4163011400,경기도 양주시 옥정동,존재,경기도,양주시,옥정동,경기도 양주시 옥정동,37.8200125084859,127.088271333497
4163011500,경기도 양주시 고암동,존재,경기도,양주시,고암동,경기도 양주시 고암동,37.8149066278176,127.071198217698
4163011600,경기도 양주시 덕계동,존재,경기도,양주시,덕계동,경기도 양주시 덕계동,37.8252044218029,127.035815323019
4163011700,경기도 양주시 회정동,존재,경기도,양주시,회정동,경기도 양주시 회정동,37.8340821308537,127.051268895395
4163025000,경기도 양주시 백석읍,존재,경기도,양주시,백석읍,경기도 양주시 백석읍,37.795037673394,126.985512570135
4163025021,경기도 양주시 백석읍 방성리,존재,경기도,양주시,백석읍,경기도 양주시 백석읍 방성리,37.8059976215313,127.007222074422
4163025022,경기도 양주시 백석읍 오산리,존재,경기도,양주시,백석읍,경기도 양주시 백석읍 오산리,37.8010234932733,126.98425330017
4163025023,경기도 양주시 백석읍 복지리,존재,경기도,양주시,백석읍,경기도 양주시 백석읍 복지리,37.7673569040023,126.989467615857
4163025024,경기도 양주시 백석읍 가업리,존재,경기도,양주시,백석읍,경기도 양주시 백석읍 가업리,37.7854976448075,126.965193770399
4163025025,경기도 양주시 백석읍 홍죽리,존재,경기도,양주시,백석읍,경기도 양주시 백석읍 홍죽리,37.799028123504,126.959092383175
4163025026,경기도 양주시 백석읍 연곡리,존재,경기도,양주시,백석읍,경기도 양주시 백석읍 연곡리,37.8132979822504,126.955414064215
4163025027,경기도 양주시 백석읍 기산리,존재,경기도,양주시,백석읍,경기도 양주시 백석읍 기산리,37.7712477407834,126.953918406141
4163031000,경기도 양주시 은현면,존재,경기도,양주시,은현면,경기도 양주시 은현면,37.8750011475252,127.024564300477
4163031021,경기도 양주시 은현면 용암리,존재,경기도,양주시,은현면,경기도 양주시 은현면 용암리,37.8524629891434,127.03805557225
4163031022,경기도 양주시 은현면 선암리,존재,경기도,양주시,은현면,경기도 양주시 은현면 선암리,37.8672948052514,127.030639670613
4163031023,경기도 양주시 은현면 운암리,존재,경기도,양주시,은현면,경기도 양주시 은현면 운암리,37.8811548366128,127.011357898973
4163031024,경기도 양주시 은현면 봉암리,존재,경기도,양주시,은현면,경기도 양주시 은현면 봉암리,37.9167354675651,127.002965939114
4163031025,경기도 양주시 은현면 하패리,존재,경기도,양주시,은현면,경기도 양주시 은현면 하패리,37.8872886442943,127.030661595147
4163031026,경기도 양주시 은현면 도하리,존재,경기도,양주시,은현면,경기도 양주시 은현면 도하리,37.8491822937779,127.006330952373
4163032000,경기도 양주시 남면,존재,경기도,양주시,남면,경기도 양주시 남면,37.8981269123829,126.97671505489
4163032021,경기도 양주시 남면 신산리,존재,경기도,양주시,남면,경기도 양주시 남면 신산리,37.8977013789744,126.975305366421
4163032022,경기도 양주시 남면 신암리,존재,경기도,양주시,남면,경기도 양주시 남면 신암리,37.919230897481,126.963620527505
4163032023,경기도 양주시 남면 매곡리,존재,경기도,양주시,남면,경기도 양주시 남면 매곡리,37.8926518873514,126.960027440252
4163032024,경기도 양주시 남면 구암리,존재,경기도,양주시,남면,경기도 양주시 남면 구암리,37.8832101561024,126.973455061448
4163032025,경기도 양주시 남면 두곡리,존재,경기도,양주시,남면,경기도 양주시 남면 두곡리,37.8685130275483,126.969896255291
4163032026,경기도 양주시 남면 경신리,존재,경기도,양주시,남면,경기도 양주시 남면 경신리,37.8576070091945,126.983486742704
4163032027,경기도 양주시 남면 상수리,존재,경기도,양주시,남면,경기도 양주시 남면 상수리,37.8677667481936,126.988748713767
4163032028,경기도 양주시 남면 입암리,존재,경기도,양주시,남면,경기도 양주시 남면 입암리,37.8868276152294,126.994393369193
4163032029,경기도 양주시 남면 한산리,존재,경기도,양주시,남면,경기도 양주시 남면 한산리,37.9073689094875,126.990393758817
4163032030,경기도 양주시 남면 황방리,존재,경기도,양주시,남면,경기도 양주시 남면 황방리,37.9281981016377,126.984799477363
4163033000,경기도 양주시 광적면,존재,경기도,양주시,광적면,경기도 양주시 광적면,37.8246285211534,126.983684913461
4163033021,경기도 양주시 광적면 가납리,존재,경기도,양주시,광적면,경기도 양주시 광적면 가납리,37.8167731250134,126.99347193126
4163033022,경기도 양주시 광적면 광석리,존재,경기도,양주시,광적면,경기도 양주시 광적면 광석리,37.8197719748112,126.972028569986
4163033023,경기도 양주시 광적면 우고리,존재,경기도,양주시,광적면,경기도 양주시 광적면 우고리,37.8287976353949,126.945840499456
4163033024,경기도 양주시 광적면 비암리,존재,경기도,양주시,광적면,경기도 양주시 광적면 비암리,37.8131890764948,126.925364664751
4163033025,경기도 양주시 광적면 효촌리,존재,경기도,양주시,광적면,경기도 양주시 광적면 효촌리,37.8628158831458,126.950056724008
4163033026,경기도 양주시 광적면 덕도리,존재,경기도,양주시,광적면,경기도 양주시 광적면 덕도리,37.8514908867205,126.964926430677
4163033027,경기도 양주시 광적면 석우리,존재,경기도,양주시,광적면,경기도 양주시 광적면 석우리,37.8314945384257,126.990335448422
4163034000,경기도 양주시 장흥면,존재,경기도,양주시,장흥면,경기도 양주시 장흥면,37.7178722789736,126.941144103763
4163034021,경기도 양주시 장흥면 교현리,존재,경기도,양주시,장흥면,경기도 양주시 장흥면 교현리,37.6976212987833,126.984982743961
4163034022,경기도 양주시 장흥면 울대리,존재,경기도,양주시,장흥면,경기도 양주시 장흥면 울대리,37.727534527737,126.996551584531
4163034023,경기도 양주시 장흥면 부곡리,존재,경기도,양주시,장흥면,경기도 양주시 장흥면 부곡리,37.734612320255,126.969723660842
4163034024,경기도 양주시 장흥면 석현리,존재,경기도,양주시,장흥면,경기도 양주시 장흥면 석현리,37.7466438753778,126.95322111289
4163034025,경기도 양주시 장흥면 일영리,존재,경기도,양주시,장흥면,경기도 양주시 장흥면 일영리,37.7199513029681,126.940307664635
4163034026,경기도 양주시 장흥면 삼상리,존재,경기도,양주시,장흥면,경기도 양주시 장흥면 삼상리,37.7023349587052,126.939314834961
4163034027,경기도 양주시 장흥면 삼하리,존재,경기도,양주시,장흥면,경기도 양주시 장흥면 삼하리,37.6801990401905,126.925479963227
4165010100,경기도 포천시 신읍동,존재,경기도,포천시,신읍동,경기도 포천시 신읍동,37.9012378226923,127.180502231892
4165010200,경기도 포천시 어룡동,존재,경기도,포천시,어룡동,경기도 포천시 어룡동,37.8863367059278,127.18017028937
4165010300,경기도 포천시 자작동,존재,경기도,포천시,자작동,경기도 포천시 자작동,37.8753336653124,127.168459151877
4165010400,경기도 포천시 선단동,존재,경기도,포천시,선단동,경기도 포천시 선단동,37.8541346428758,127.159166102123
4165010500,경기도 포천시 설운동,존재,경기도,포천시,설운동,경기도 포천시 설운동,37.8649962982809,127.136351360354
4165010600,경기도 포천시 동교동,존재,경기도,포천시,동교동,경기도 포천시 동교동,37.8480479678122,127.129652982137
4165025000,경기도 포천시 소흘읍,존재,경기도,포천시,소흘읍,경기도 포천시 소흘읍,37.8233192010335,127.138600788633
4165025021,경기도 포천시 소흘읍 송우리,존재,경기도,포천시,소흘읍,경기도 포천시 소흘읍 송우리,37.8289936976464,127.13682122718
4165025022,경기도 포천시 소흘읍 이동교리,존재,경기도,포천시,소흘읍,경기도 포천시 소흘읍 이동교리,37.7985210692446,127.122490362676
4165025023,경기도 포천시 소흘읍 무림리,존재,경기도,포천시,소흘읍,경기도 포천시 소흘읍 무림리,37.7733035760584,127.130484869424
4165025024,경기도 포천시 소흘읍 이곡리,존재,경기도,포천시,소흘읍,경기도 포천시 소흘읍 이곡리,37.7721085534326,127.150427462965
4165025025,경기도 포천시 소흘읍 직동리,존재,경기도,포천시,소흘읍,경기도 포천시 소흘읍 직동리,37.7713304227297,127.166293393834
4165025026,경기도 포천시 소흘읍 고모리,존재,경기도,포천시,소흘읍,경기도 포천시 소흘읍 고모리,37.8020495117194,127.173842815925
4165025027,경기도 포천시 소흘읍 이가팔리,존재,경기도,포천시,소흘읍,경기도 포천시 소흘읍 이가팔리,37.8247155539251,127.15734917284
4165025028,경기도 포천시 소흘읍 초가팔리,존재,경기도,포천시,소흘읍,경기도 포천시 소흘읍 초가팔리,37.8138496808443,127.152120218007
4165025029,경기도 포천시 소흘읍 무봉리,존재,경기도,포천시,소흘읍,경기도 포천시 소흘읍 무봉리,37.7961365824427,127.143709220713
4165031000,경기도 포천시 군내면,존재,경기도,포천시,군내면,경기도 포천시 군내면,37.8890227837264,127.217800979652
4165031021,경기도 포천시 군내면 구읍리,존재,경기도,포천시,군내면,경기도 포천시 군내면 구읍리,37.8857625426258,127.215199545393
4165031022,경기도 포천시 군내면 용정리,존재,경기도,포천시,군내면,경기도 포천시 군내면 용정리,37.8799003121848,127.208567021281
4165031023,경기도 포천시 군내면 유교리,존재,경기도,포천시,군내면,경기도 포천시 군내면 유교리,37.8637081725722,127.198316242566
4165031024,경기도 포천시 군내면 좌의리,존재,경기도,포천시,군내면,경기도 포천시 군내면 좌의리,37.8619625911707,127.217448584162
4165031025,경기도 포천시 군내면 명산리,존재,경기도,포천시,군내면,경기도 포천시 군내면 명산리,37.8575146029637,127.234807790052
4165031026,경기도 포천시 군내면 직두리,존재,경기도,포천시,군내면,경기도 포천시 군내면 직두리,37.8654625706655,127.244642892732
4165031027,경기도 포천시 군내면 상성북리,존재,경기도,포천시,군내면,경기도 포천시 군내면 상성북리,37.9009298294591,127.236391923444
4165031028,경기도 포천시 군내면 하성북리,존재,경기도,포천시,군내면,경기도 포천시 군내면 하성북리,37.9027874651107,127.220670471033
4165032000,경기도 포천시 내촌면,존재,경기도,포천시,내촌면,경기도 포천시 내촌면,37.7862179992256,127.228615198246
4165032021,경기도 포천시 내촌면 진목리,존재,경기도,포천시,내촌면,경기도 포천시 내촌면 진목리,37.8021601124681,127.207898569813
4165032022,경기도 포천시 내촌면 마명리,존재,경기도,포천시,내촌면,경기도 포천시 내촌면 마명리,37.7773038554937,127.197758285063
4165032023,경기도 포천시 내촌면 음현리,존재,경기도,포천시,내촌면,경기도 포천시 내촌면 음현리,37.7687830838424,127.235680073401
4165032024,경기도 포천시 내촌면 내리,존재,경기도,포천시,내촌면,경기도 포천시 내촌면 내리,37.7923836258029,127.241531605905
4165032025,경기도 포천시 내촌면 소학리,존재,경기도,포천시,내촌면,경기도 포천시 내촌면 소학리,37.8097171023601,127.25564679115
4165032026,경기도 포천시 내촌면 신팔리,존재,경기도,포천시,내촌면,경기도 포천시 내촌면 신팔리,37.8402204265854,127.265145046514
4165033000,경기도 포천시 가산면,존재,경기도,포천시,가산면,경기도 포천시 가산면,37.8486887449825,127.186545889806
4165033021,경기도 포천시 가산면 마산리,존재,경기도,포천시,가산면,경기도 포천시 가산면 마산리,37.8485182415396,127.1872544469
4165033022,경기도 포천시 가산면 감암리,존재,경기도,포천시,가산면,경기도 포천시 가산면 감암리,37.8617080175723,127.187342360581
4165033023,경기도 포천시 가산면 방축리,존재,경기도,포천시,가산면,경기도 포천시 가산면 방축리,37.8405474056086,127.167593838967
4165033024,경기도 포천시 가산면 가산리,존재,경기도,포천시,가산면,경기도 포천시 가산면 가산리,37.829039456773,127.173242753763
4165033025,경기도 포천시 가산면 정교리,존재,경기도,포천시,가산면,경기도 포천시 가산면 정교리,37.8169633505851,127.17787549382
4165033026,경기도 포천시 가산면 금현리,존재,경기도,포천시,가산면,경기도 포천시 가산면 금현리,37.8212422826,127.195322230638
4165033027,경기도 포천시 가산면 우금리,존재,경기도,포천시,가산면,경기도 포천시 가산면 우금리,37.8253020159778,127.224619431623
4165033028,경기도 포천시 가산면 마전리,존재,경기도,포천시,가산면,경기도 포천시 가산면 마전리,37.8451286605863,127.225420321143
4165034000,경기도 포천시 신북면,존재,경기도,포천시,신북면,경기도 포천시 신북면,37.9339384363111,127.226332807245
4165034021,경기도 포천시 신북면 가채리,존재,경기도,포천시,신북면,경기도 포천시 신북면 가채리,37.9176791347752,127.206262665074
4165034022,경기도 포천시 신북면 기지리,존재,경기도,포천시,신북면,경기도 포천시 신북면 기지리,37.9239763202651,127.230733408302
4165034023,경기도 포천시 신북면 신평리,존재,경기도,포천시,신북면,경기도 포천시 신북면 신평리,37.9384473416881,127.220312914947
4165034024,경기도 포천시 신북면 만세교리,존재,경기도,포천시,신북면,경기도 포천시 신북면 만세교리,37.954419922653,127.240167871754
4165034025,경기도 포천시 신북면 심곡리,존재,경기도,포천시,신북면,경기도 포천시 신북면 심곡리,37.9187858249818,127.174899666949
4165034026,경기도 포천시 신북면 계류리,존재,경기도,포천시,신북면,경기도 포천시 신북면 계류리,37.9482275022041,127.17557015896
4165034027,경기도 포천시 신북면 고일리,존재,경기도,포천시,신북면,경기도 포천시 신북면 고일리,37.9690840752259,127.174404376231
4165034028,경기도 포천시 신북면 삼성당리,존재,경기도,포천시,신북면,경기도 포천시 신북면 삼성당리,37.9539819182647,127.205007854866
4165034029,경기도 포천시 신북면 삼정리,존재,경기도,포천시,신북면,경기도 포천시 신북면 삼정리,37.9765580207567,127.129987980265
4165034030,경기도 포천시 신북면 갈월리,존재,경기도,포천시,신북면,경기도 포천시 신북면 갈월리,37.9458694621689,127.147568165093
4165034031,경기도 포천시 신북면 금동리,존재,경기도,포천시,신북면,경기도 포천시 신북면 금동리,37.9313731943981,127.124321120542
4165034032,경기도 포천시 신북면 덕둔리,존재,경기도,포천시,신북면,경기도 포천시 신북면 덕둔리,37.9689441472984,127.111651936059
4165035000,경기도 포천시 창수면,존재,경기도,포천시,창수면,경기도 포천시 창수면,37.9917323799477,127.189116048569
4165035021,경기도 포천시 창수면 추동리,존재,경기도,포천시,창수면,경기도 포천시 창수면 추동리,37.9915884319,127.162458906988
4165035022,경기도 포천시 창수면 주원리,존재,경기도,포천시,창수면,경기도 포천시 창수면 주원리,38.0078636338508,127.172013942488
4165035023,경기도 포천시 창수면 가양리,존재,경기도,포천시,창수면,경기도 포천시 창수면 가양리,37.9743099632019,127.203288892947
4165035024,경기도 포천시 창수면 오가리,존재,경기도,포천시,창수면,경기도 포천시 창수면 오가리,38.0296904813808,127.186698701771
4165035025,경기도 포천시 창수면 고소성리,존재,경기도,포천시,창수면,경기도 포천시 창수면 고소성리,38.0314127202218,127.154651161901
4165035026,경기도 포천시 창수면 운산리,존재,경기도,포천시,창수면,경기도 포천시 창수면 운산리,38.0533575982368,127.207194285167
4165035027,경기도 포천시 창수면 신흥리,존재,경기도,포천시,창수면,경기도 포천시 창수면 신흥리,38.0537416671831,127.142871552448
4165036000,경기도 포천시 영중면,존재,경기도,포천시,영중면,경기도 포천시 영중면,38.0055608827229,127.245148658335
4165036021,경기도 포천시 영중면 양문리,존재,경기도,포천시,영중면,경기도 포천시 영중면 양문리,37.9995324121859,127.260002231127
4165036022,경기도 포천시 영중면 금주리,존재,경기도,포천시,영중면,경기도 포천시 영중면 금주리,37.9767256122107,127.26911815801
4165036023,경기도 포천시 영중면 거사리,존재,경기도,포천시,영중면,경기도 포천시 영중면 거사리,37.9906106440315,127.22070561039
4165036024,경기도 포천시 영중면 성동리,존재,경기도,포천시,영중면,경기도 포천시 영중면 성동리,38.0220269366115,127.264751057363
4165036025,경기도 포천시 영중면 영평리,존재,경기도,포천시,영중면,경기도 포천시 영중면 영평리,38.0284392132204,127.222368049374
4165036026,경기도 포천시 영중면 영송리,존재,경기도,포천시,영중면,경기도 포천시 영중면 영송리,38.0208828010111,127.229588312278
4165037000,경기도 포천시 일동면,존재,경기도,포천시,일동면,경기도 포천시 일동면,37.961275785629,127.317109699824
4165037021,경기도 포천시 일동면 길명리,존재,경기도,포천시,일동면,경기도 포천시 일동면 길명리,37.9369768647146,127.276694888903
4165037022,경기도 포천시 일동면 유동리,존재,경기도,포천시,일동면,경기도 포천시 일동면 유동리,37.9308462532439,127.312911392208
4165037023,경기도 포천시 일동면 기산리,존재,경기도,포천시,일동면,경기도 포천시 일동면 기산리,37.9457077774195,127.333998890252
4165037024,경기도 포천시 일동면 화대리,존재,경기도,포천시,일동면,경기도 포천시 일동면 화대리,37.9628085062303,127.354582221277
4165037025,경기도 포천시 일동면 사직리,존재,경기도,포천시,일동면,경기도 포천시 일동면 사직리,37.9889463319645,127.348528995935
4165037026,경기도 포천시 일동면 수입리,존재,경기도,포천시,일동면,경기도 포천시 일동면 수입리,37.9974144801393,127.301809137867
4165038000,경기도 포천시 이동면,존재,경기도,포천시,이동면,경기도 포천시 이동면,38.0306695650759,127.367579322942
4165038021,경기도 포천시 이동면 장암리,존재,경기도,포천시,이동면,경기도 포천시 이동면 장암리,38.0519146282801,127.358962835717
4165038022,경기도 포천시 이동면 도평리,존재,경기도,포천시,이동면,경기도 포천시 이동면 도평리,38.0754672682862,127.391955824779
4165038023,경기도 포천시 이동면 연곡리,존재,경기도,포천시,이동면,경기도 포천시 이동면 연곡리,38.0047805660309,127.378963553791
4165038024,경기도 포천시 이동면 노곡리,존재,경기도,포천시,이동면,경기도 포천시 이동면 노곡리,38.0216650825855,127.332074755652
4165039000,경기도 포천시 영북면,존재,경기도,포천시,영북면,경기도 포천시 영북면,38.089131438745,127.275516543269
4165039021,경기도 포천시 영북면 운천리,존재,경기도,포천시,영북면,경기도 포천시 영북면 운천리,38.0824929756407,127.277274287392
4165039022,경기도 포천시 영북면 자일리,존재,경기도,포천시,영북면,경기도 포천시 영북면 자일리,38.1009644584714,127.288106550818
4165039023,경기도 포천시 영북면 산정리,존재,경기도,포천시,영북면,경기도 포천시 영북면 산정리,38.0729073267809,127.326357296581
4165039024,경기도 포천시 영북면 야미리,존재,경기도,포천시,영북면,경기도 포천시 영북면 야미리,38.0537128894931,127.279307675549
4165039025,경기도 포천시 영북면 문암리,존재,경기도,포천시,영북면,경기도 포천시 영북면 문암리,38.073797805005,127.274004792125
4165039026,경기도 포천시 영북면 대회산리,존재,경기도,포천시,영북면,경기도 포천시 영북면 대회산리,38.0711633042319,127.230447395698
4165039027,경기도 포천시 영북면 소회산리,존재,경기도,포천시,영북면,경기도 포천시 영북면 소회산리,38.0837677170365,127.247005319778
4165040000,경기도 포천시 관인면,존재,경기도,포천시,관인면,경기도 포천시 관인면,38.1577991234708,127.251198061906
4165040021,경기도 포천시 관인면 중리,존재,경기도,포천시,관인면,경기도 포천시 관인면 중리,38.0995736838406,127.197260153819
4165040022,경기도 포천시 관인면 삼율리,존재,경기도,포천시,관인면,경기도 포천시 관인면 삼율리,38.1411228808068,127.204033764185
4165040023,경기도 포천시 관인면 초과리,존재,경기도,포천시,관인면,경기도 포천시 관인면 초과리,38.1504532172786,127.246919727157
4165040024,경기도 포천시 관인면 탄동리,존재,경기도,포천시,관인면,경기도 포천시 관인면 탄동리,38.1646778462393,127.264586049915
4165040025,경기도 포천시 관인면 냉정리,존재,경기도,포천시,관인면,경기도 포천시 관인면 냉정리,38.1543689661876,127.276642594111
4165040026,경기도 포천시 관인면 사정리,존재,경기도,포천시,관인면,경기도 포천시 관인면 사정리,38.1122676626527,127.249336197741
4165041000,경기도 포천시 화현면,존재,경기도,포천시,화현면,경기도 포천시 화현면,37.9011714575414,127.288076354336
4165041021,경기도 포천시 화현면 화현리,존재,경기도,포천시,화현면,경기도 포천시 화현면 화현리,37.8942405589344,127.302774428722
4165041022,경기도 포천시 화현면 명덕리,존재,경기도,포천시,화현면,경기도 포천시 화현면 명덕리,37.877707412152,127.272894875115
4165041023,경기도 포천시 화현면 지현리,존재,경기도,포천시,화현면,경기도 포천시 화현면 지현리,37.9195620027556,127.26959210117
4167010100,경기도 여주시 상동,존재,경기도,여주시,상동,경기도 여주시 상동,37.2907464658487,127.649692377046
4167010200,경기도 여주시 홍문동,존재,경기도,여주시,홍문동,경기도 여주시 홍문동,37.2876621096577,127.638294215407
4167010300,경기도 여주시 창동,존재,경기도,여주시,창동,경기도 여주시 창동,37.2934473378757,127.633475599951
4167010400,경기도 여주시 우만동,존재,경기도,여주시,우만동,경기도 여주시 우만동,37.2570644792756,127.677637943879
4167010500,경기도 여주시 단현동,존재,경기도,여주시,단현동,경기도 여주시 단현동,37.2708917014781,127.681076520956
4167010600,경기도 여주시 신진동,존재,경기도,여주시,신진동,경기도 여주시 신진동,37.2791383878604,127.674692145167
4167010700,경기도 여주시 하동,존재,경기도,여주시,하동,경기도 여주시 하동,37.2999367633577,127.626316131304
4167010800,경기도 여주시 교동,존재,경기도,여주시,교동,경기도 여주시 교동,37.2803107820782,127.632057487791
4167010900,경기도 여주시 월송동,존재,경기도,여주시,월송동,경기도 여주시 월송동,37.2857852706795,127.612197735235
4167011000,경기도 여주시 가업동,존재,경기도,여주시,가업동,경기도 여주시 가업동,37.2707568862917,127.620364977515
4167011100,경기도 여주시 연라동,존재,경기도,여주시,연라동,경기도 여주시 연라동,37.2593388598244,127.610698537716
4167011200,경기도 여주시 상거동,존재,경기도,여주시,상거동,경기도 여주시 상거동,37.2458919113312,127.625196838265
4167011300,경기도 여주시 하거동,존재,경기도,여주시,하거동,경기도 여주시 하거동,37.2269234411728,127.634000419291
4167011400,경기도 여주시 삼교동,존재,경기도,여주시,삼교동,경기도 여주시 삼교동,37.234393514445,127.656722622439
4167011500,경기도 여주시 점봉동,존재,경기도,여주시,점봉동,경기도 여주시 점봉동,37.2565581189546,127.643726431418
4167011600,경기도 여주시 능현동,존재,경기도,여주시,능현동,경기도 여주시 능현동,37.2656171960113,127.65649763603
4167011700,경기도 여주시 멱곡동,존재,경기도,여주시,멱곡동,경기도 여주시 멱곡동,37.2532589577957,127.668690144195
4167011800,경기도 여주시 연양동,존재,경기도,여주시,연양동,경기도 여주시 연양동,37.2873887861449,127.666948686574
4167011900,경기도 여주시 매룡동,존재,경기도,여주시,매룡동,경기도 여주시 매룡동,37.2816119892237,127.657831800882
4167012000,경기도 여주시 천송동,존재,경기도,여주시,천송동,경기도 여주시 천송동,37.3037459977677,127.662121202214
4167012100,경기도 여주시 오학동,존재,경기도,여주시,오학동,경기도 여주시 오학동,37.3110856971201,127.647466891088
4167012200,경기도 여주시 현암동,존재,경기도,여주시,현암동,경기도 여주시 현암동,37.315565147318,127.634234242669
4167012300,경기도 여주시 오금동,존재,경기도,여주시,오금동,경기도 여주시 오금동,37.3342815584958,127.650085194049
4167025000,경기도 여주시 가남읍,존재,경기도,여주시,가남읍,경기도 여주시 가남읍,37.2018014404831,127.545159330237
4167025021,경기도 여주시 가남읍 태평리,존재,경기도,여주시,가남읍,경기도 여주시 가남읍 태평리,37.2088203814846,127.541659020585
4167025022,경기도 여주시 가남읍 상활리,존재,경기도,여주시,가남읍,경기도 여주시 가남읍 상활리,37.2406732600856,127.537040790109
4167025023,경기도 여주시 가남읍 신해리,존재,경기도,여주시,가남읍,경기도 여주시 가남읍 신해리,37.2271440754483,127.540041266572
4167025024,경기도 여주시 가남읍 대신리,존재,경기도,여주시,가남읍,경기도 여주시 가남읍 대신리,37.186987944473,127.531759182835
4167025025,경기도 여주시 가남읍 은봉리,존재,경기도,여주시,가남읍,경기도 여주시 가남읍 은봉리,37.1859255598177,127.568073358855
4167025026,경기도 여주시 가남읍 건장리,존재,경기도,여주시,가남읍,경기도 여주시 가남읍 건장리,37.1909550254093,127.550933373648
4167025027,경기도 여주시 가남읍 심석리,존재,경기도,여주시,가남읍,경기도 여주시 가남읍 심석리,37.2049538536674,127.564656323391
4167025028,경기도 여주시 가남읍 삼군리,존재,경기도,여주시,가남읍,경기도 여주시 가남읍 삼군리,37.2197305382519,127.560935727453
4167025029,경기도 여주시 가남읍 오산리,존재,경기도,여주시,가남읍,경기도 여주시 가남읍 오산리,37.2376434296206,127.563151036742
4167025030,경기도 여주시 가남읍 정단리,존재,경기도,여주시,가남읍,경기도 여주시 가남읍 정단리,37.2529191316628,127.550595234443
4167025031,경기도 여주시 가남읍 화평리,존재,경기도,여주시,가남읍,경기도 여주시 가남읍 화평리,37.2475147017295,127.56551475032
4167025032,경기도 여주시 가남읍 본두리,존재,경기도,여주시,가남읍,경기도 여주시 가남읍 본두리,37.2371209155234,127.585429047723
4167025033,경기도 여주시 가남읍 하귀리,존재,경기도,여주시,가남읍,경기도 여주시 가남읍 하귀리,37.2241755928574,127.569757295754
4167025034,경기도 여주시 가남읍 안금리,존재,경기도,여주시,가남읍,경기도 여주시 가남읍 안금리,37.227066885747,127.599535366463
4167025035,경기도 여주시 가남읍 양귀리,존재,경기도,여주시,가남읍,경기도 여주시 가남읍 양귀리,37.2083139410127,127.594646609272
4167025036,경기도 여주시 가남읍 연대리,존재,경기도,여주시,가남읍,경기도 여주시 가남읍 연대리,37.1870112400222,127.602205240213
4167025037,경기도 여주시 가남읍 금당리,존재,경기도,여주시,가남읍,경기도 여주시 가남읍 금당리,37.2081812697231,127.61359346409
4167025038,경기도 여주시 가남읍 금곡리,존재,경기도,여주시,가남읍,경기도 여주시 가남읍 금곡리,37.2029581239924,127.633588135055
4167025039,경기도 여주시 가남읍 송림리,존재,경기도,여주시,가남읍,경기도 여주시 가남읍 송림리,37.1807912831145,127.640533412925
4167025040,경기도 여주시 가남읍 삼승리,존재,경기도,여주시,가남읍,경기도 여주시 가남읍 삼승리,37.1785980114069,127.622641930148
4167031000,경기도 여주시 점동면,존재,경기도,여주시,점동면,경기도 여주시 점동면,37.2039031933959,127.659851186914
4167031021,경기도 여주시 점동면 청안리,존재,경기도,여주시,점동면,경기도 여주시 점동면 청안리,37.2035953187265,127.655581557391
4167031022,경기도 여주시 점동면 부구리,존재,경기도,여주시,점동면,경기도 여주시 점동면 부구리,37.193840632951,127.670724689155
4167031023,경기도 여주시 점동면 덕평리,존재,경기도,여주시,점동면,경기도 여주시 점동면 덕평리,37.1791271074104,127.654865565485
4167031024,경기도 여주시 점동면 원부리,존재,경기도,여주시,점동면,경기도 여주시 점동면 원부리,37.1602643185359,127.63876154134
4167031025,경기도 여주시 점동면 관한리,존재,경기도,여주시,점동면,경기도 여주시 점동면 관한리,37.149688610555,127.670280507804
4167031026,경기도 여주시 점동면 뇌곡리,존재,경기도,여주시,점동면,경기도 여주시 점동면 뇌곡리,37.1605712675793,127.67189416267
4167031027,경기도 여주시 점동면 성신리,존재,경기도,여주시,점동면,경기도 여주시 점동면 성신리,37.172772194177,127.67681236995
4167031028,경기도 여주시 점동면 당진리,존재,경기도,여주시,점동면,경기도 여주시 점동면 당진리,37.1698198813421,127.699246190136
4167031029,경기도 여주시 점동면 현수리,존재,경기도,여주시,점동면,경기도 여주시 점동면 현수리,37.1859638080129,127.696638131491
4167031030,경기도 여주시 점동면 사곡리,존재,경기도,여주시,점동면,경기도 여주시 점동면 사곡리,37.2038950927481,127.686642413698
4167031031,경기도 여주시 점동면 장안리,존재,경기도,여주시,점동면,경기도 여주시 점동면 장안리,37.2024052920648,127.710693717219
4167031032,경기도 여주시 점동면 삼합리,존재,경기도,여주시,점동면,경기도 여주시 점동면 삼합리,37.2053751057713,127.734908931736
4167031033,경기도 여주시 점동면 도리,존재,경기도,여주시,점동면,경기도 여주시 점동면 도리,37.2228733440711,127.708249200357
4167031034,경기도 여주시 점동면 흔암리,존재,경기도,여주시,점동면,경기도 여주시 점동면 흔암리,37.2366493017262,127.678527994641
4167031035,경기도 여주시 점동면 처리,존재,경기도,여주시,점동면,경기도 여주시 점동면 처리,37.2222605042996,127.669227611913
4167032000,경기도 여주시 흥천면,존재,경기도,여주시,흥천면,경기도 여주시 흥천면,37.3332240832615,127.541603133411
4167032021,경기도 여주시 흥천면 복대리,존재,경기도,여주시,흥천면,경기도 여주시 흥천면 복대리,37.3600540076038,127.528593674519
4167032022,경기도 여주시 흥천면 계신리,존재,경기도,여주시,흥천면,경기도 여주시 흥천면 계신리,37.3797154071829,127.529928460771
4167032023,경기도 여주시 흥천면 문장리,존재,경기도,여주시,흥천면,경기도 여주시 흥천면 문장리,37.3651908603916,127.513629449726
4167032024,경기도 여주시 흥천면 내사리,존재,경기도,여주시,흥천면,경기도 여주시 흥천면 내사리,37.3613540584937,127.491207889951
4167032025,경기도 여주시 흥천면 외사리,존재,경기도,여주시,흥천면,경기도 여주시 흥천면 외사리,37.3539059087413,127.490852348575
4167032026,경기도 여주시 흥천면 상대리,존재,경기도,여주시,흥천면,경기도 여주시 흥천면 상대리,37.348191272616,127.509270073389
4167032027,경기도 여주시 흥천면 다대리,존재,경기도,여주시,흥천면,경기도 여주시 흥천면 다대리,37.339217443582,127.523234084157
4167032028,경기도 여주시 흥천면 하다리,존재,경기도,여주시,흥천면,경기도 여주시 흥천면 하다리,37.3485241702034,127.535893922301
4167032029,경기도 여주시 흥천면 상백리,존재,경기도,여주시,흥천면,경기도 여주시 흥천면 상백리,37.3584968444443,127.553844317244
4167032030,경기도 여주시 흥천면 귀백리,존재,경기도,여주시,흥천면,경기도 여주시 흥천면 귀백리,37.3427494530706,127.554870706604
4167032031,경기도 여주시 흥천면 율극리,존재,경기도,여주시,흥천면,경기도 여주시 흥천면 율극리,37.3344146288236,127.564477479997
4167032032,경기도 여주시 흥천면 효지리,존재,경기도,여주시,흥천면,경기도 여주시 흥천면 효지리,37.3311339621437,127.547812087639
4167032033,경기도 여주시 흥천면 대당리,존재,경기도,여주시,흥천면,경기도 여주시 흥천면 대당리,37.3213298842737,127.540181976908
4167032034,경기도 여주시 흥천면 신근리,존재,경기도,여주시,흥천면,경기도 여주시 흥천면 신근리,37.3079981102781,127.556564417694
4167033000,경기도 여주시 금사면,존재,경기도,여주시,금사면,경기도 여주시 금사면,37.3925054398157,127.533302392792
4167033021,경기도 여주시 금사면 이포리,존재,경기도,여주시,금사면,경기도 여주시 금사면 이포리,37.3935469696667,127.531710708371
4167033022,경기도 여주시 금사면 궁리,존재,경기도,여주시,금사면,경기도 여주시 금사면 궁리,37.3873251161139,127.520654914649
4167033023,경기도 여주시 금사면 도곡리,존재,경기도,여주시,금사면,경기도 여주시 금사면 도곡리,37.378319173659,127.496205066449
4167033024,경기도 여주시 금사면 장흥리,존재,경기도,여주시,금사면,경기도 여주시 금사면 장흥리,37.3906579183677,127.481764347104
4167033025,경기도 여주시 금사면 주록리,존재,경기도,여주시,금사면,경기도 여주시 금사면 주록리,37.3686042753622,127.462905951777
4167033026,경기도 여주시 금사면 전북리,존재,경기도,여주시,금사면,경기도 여주시 금사면 전북리,37.4287656029468,127.51129318785
4167033027,경기도 여주시 금사면 소유리,존재,경기도,여주시,금사면,경기도 여주시 금사면 소유리,37.4176782344417,127.491214034577
4167033028,경기도 여주시 금사면 상호리,존재,경기도,여주시,금사면,경기도 여주시 금사면 상호리,37.4053196141122,127.483430417658
4167033029,경기도 여주시 금사면 하호리,존재,경기도,여주시,금사면,경기도 여주시 금사면 하호리,37.4023788523945,127.505796556948
4167033030,경기도 여주시 금사면 금사리,존재,경기도,여주시,금사면,경기도 여주시 금사면 금사리,37.4178485314242,127.520482070753
4167033031,경기도 여주시 금사면 외평리,존재,경기도,여주시,금사면,경기도 여주시 금사면 외평리,37.3994067576887,127.520458403115
4167034500,경기도 여주시 세종대왕면,존재,경기도,여주시,세종대왕면,경기도 여주시 세종대왕면,37.3001972675326,127.573501871315
4167034521,경기도 여주시 세종대왕면 번도리,존재,경기도,여주시,세종대왕면,경기도 여주시 세종대왕면 번도리,37.3016962523546,127.584616347741
4167034522,경기도 여주시 세종대왕면 구양리,존재,경기도,여주시,세종대왕면,경기도 여주시 세종대왕면 구양리,37.3141196843999,127.580931185421
4167034523,경기도 여주시 세종대왕면 왕대리,존재,경기도,여주시,세종대왕면,경기도 여주시 세종대왕면 왕대리,37.3111443904191,127.60716015556
4167034524,경기도 여주시 세종대왕면 백석리,존재,경기도,여주시,세종대왕면,경기도 여주시 세종대왕면 백석리,37.3380176564112,127.594850657857
4167034525,경기도 여주시 세종대왕면 내양리,존재,경기도,여주시,세종대왕면,경기도 여주시 세종대왕면 내양리,37.3461912425717,127.576004819544
4167034526,경기도 여주시 세종대왕면 용은리,존재,경기도,여주시,세종대왕면,경기도 여주시 세종대왕면 용은리,37.2856303133144,127.545104931248
4167034527,경기도 여주시 세종대왕면 매화리,존재,경기도,여주시,세종대왕면,경기도 여주시 세종대왕면 매화리,37.2688041703002,127.541641949529
4167034528,경기도 여주시 세종대왕면 양거리,존재,경기도,여주시,세종대왕면,경기도 여주시 세종대왕면 양거리,37.2569892241845,127.540200146051
4167034529,경기도 여주시 세종대왕면 마래리,존재,경기도,여주시,세종대왕면,경기도 여주시 세종대왕면 마래리,37.2630100047189,127.557671653562
4167034530,경기도 여주시 세종대왕면 광대리,존재,경기도,여주시,세종대왕면,경기도 여주시 세종대왕면 광대리,37.2604859502769,127.574499273168
4167034531,경기도 여주시 세종대왕면 오계리,존재,경기도,여주시,세종대왕면,경기도 여주시 세종대왕면 오계리,37.267051614884,127.592984189756
4167034532,경기도 여주시 세종대왕면 매류리,존재,경기도,여주시,세종대왕면,경기도 여주시 세종대왕면 매류리,37.2807252013938,127.5635575676
4167034533,경기도 여주시 세종대왕면 신지리,존재,경기도,여주시,세종대왕면,경기도 여주시 세종대왕면 신지리,37.2895179720035,127.580227739606
4167035000,경기도 여주시 대신면 ,존재,경기도,여주시,대신면,경기도 여주시 대신면 ,37.3750403179812,127.586562498134
4167035021,경기도 여주시 대신면 후포리,존재,경기도,여주시,대신면,경기도 여주시 대신면 후포리,37.3653300883658,127.61303758255
4167035022,경기도 여주시 대신면 당산리,존재,경기도,여주시,대신면,경기도 여주시 대신면 당산리,37.3589975392001,127.586062870893
4167035023,경기도 여주시 대신면 가산리,존재,경기도,여주시,대신면,경기도 여주시 대신면 가산리,37.3453271653389,127.620029961733
4167035024,경기도 여주시 대신면 천남리,존재,경기도,여주시,대신면,경기도 여주시 대신면 천남리,37.3365805938192,127.63016803437
4167035025,경기도 여주시 대신면 하림리,존재,경기도,여주시,대신면,경기도 여주시 대신면 하림리,37.3608294590438,127.646060866633
4167035026,경기도 여주시 대신면 상구리,존재,경기도,여주시,대신면,경기도 여주시 대신면 상구리,37.3837700740966,127.642590229881
4167035027,경기도 여주시 대신면 장풍리,존재,경기도,여주시,대신면,경기도 여주시 대신면 장풍리,37.3817987936302,127.618916492039
4167035028,경기도 여주시 대신면 옥촌리,존재,경기도,여주시,대신면,경기도 여주시 대신면 옥촌리,37.4022379822974,127.624948447226
4167035029,경기도 여주시 대신면 윤촌리,존재,경기도,여주시,대신면,경기도 여주시 대신면 윤촌리,37.410320472881,127.607223238158
4167035030,경기도 여주시 대신면 무촌리,존재,경기도,여주시,대신면,경기도 여주시 대신면 무촌리,37.3907811554562,127.599820412705
4167035031,경기도 여주시 대신면 도롱리,존재,경기도,여주시,대신면,경기도 여주시 대신면 도롱리,37.3988758041772,127.586169987285
4167035032,경기도 여주시 대신면 계림리,존재,경기도,여주시,대신면,경기도 여주시 대신면 계림리,37.4127642863579,127.594402047803
4167035033,경기도 여주시 대신면 송촌리,존재,경기도,여주시,대신면,경기도 여주시 대신면 송촌리,37.4084603074739,127.579309505461
4167035034,경기도 여주시 대신면 천서리,존재,경기도,여주시,대신면,경기도 여주시 대신면 천서리,37.4051830171575,127.554766063512
4167035035,경기도 여주시 대신면 당남리,존재,경기도,여주시,대신면,경기도 여주시 대신면 당남리,37.3882109252228,127.55336724069
4167035036,경기도 여주시 대신면 보통리,존재,경기도,여주시,대신면,경기도 여주시 대신면 보통리,37.3827425252628,127.568782428468
4167035037,경기도 여주시 대신면 율촌리,존재,경기도,여주시,대신면,경기도 여주시 대신면 율촌리,37.3830522072111,127.585089294807
4167035038,경기도 여주시 대신면 초현리,존재,경기도,여주시,대신면,경기도 여주시 대신면 초현리,37.3775189964797,127.599678648483
4167035039,경기도 여주시 대신면 양촌리,존재,경기도,여주시,대신면,경기도 여주시 대신면 양촌리,37.3743566420751,127.553432538057
4167036000,경기도 여주시 북내면,존재,경기도,여주시,북내면,경기도 여주시 북내면,37.3293080150057,127.678949704888
4167036021,경기도 여주시 북내면 당우리,존재,경기도,여주시,북내면,경기도 여주시 북내면 당우리,37.3276102529252,127.678993098469
4167036022,경기도 여주시 북내면 신남리,존재,경기도,여주시,북내면,경기도 여주시 북내면 신남리,37.3262192813848,127.669471558146
4167036023,경기도 여주시 북내면 외룡리,존재,경기도,여주시,북내면,경기도 여주시 북내면 외룡리,37.3652125896856,127.663527899246
4167036024,경기도 여주시 북내면 내룡리,존재,경기도,여주시,북내면,경기도 여주시 북내면 내룡리,37.3743258120122,127.673972262164
4167036025,경기도 여주시 북내면 상교리,존재,경기도,여주시,북내면,경기도 여주시 북내면 상교리,37.3969114617799,127.660057895867
4167036026,경기도 여주시 북내면 주암리,존재,경기도,여주시,북내면,경기도 여주시 북내면 주암리,37.3986329610968,127.677478550197
4167036027,경기도 여주시 북내면 서원리,존재,경기도,여주시,북내면,경기도 여주시 북내면 서원리,37.4014318353349,127.699391358585
4167036028,경기도 여주시 북내면 석우리,존재,경기도,여주시,북내면,경기도 여주시 북내면 석우리,37.3809627037334,127.691749256707
4167036029,경기도 여주시 북내면 덕산리,존재,경기도,여주시,북내면,경기도 여주시 북내면 덕산리,37.3596358792956,127.690198939675
4167036030,경기도 여주시 북내면 장암리,존재,경기도,여주시,북내면,경기도 여주시 북내면 장암리,37.3492722587532,127.691774395592
4167036031,경기도 여주시 북내면 중암리,존재,경기도,여주시,북내면,경기도 여주시 북내면 중암리,37.3511917877562,127.72039168057
4167036032,경기도 여주시 북내면 운촌리,존재,경기도,여주시,북내면,경기도 여주시 북내면 운촌리,37.3319725353544,127.723751127743
4167036033,경기도 여주시 북내면 신접리,존재,경기도,여주시,북내면,경기도 여주시 북내면 신접리,37.3263052943111,127.692105349341
4167036034,경기도 여주시 북내면 지내리,존재,경기도,여주시,북내면,경기도 여주시 북내면 지내리,37.3195011695075,127.706077307243
4167036035,경기도 여주시 북내면 가정리,존재,경기도,여주시,북내면,경기도 여주시 북내면 가정리,37.3019697278942,127.688552704248
4167037000,경기도 여주시 강천면,존재,경기도,여주시,강천면,경기도 여주시 강천면,37.2728895738265,127.711509091654
4167037021,경기도 여주시 강천면 간매리,존재,경기도,여주시,강천면,경기도 여주시 강천면 간매리,37.2735292053694,127.715411669482
4167037022,경기도 여주시 강천면 걸은리,존재,경기도,여주시,강천면,경기도 여주시 강천면 걸은리,37.2961398742385,127.713243811777
4167037023,경기도 여주시 강천면 이호리,존재,경기도,여주시,강천면,경기도 여주시 강천면 이호리,37.2865293102165,127.692967779928
4167037024,경기도 여주시 강천면 가야리,존재,경기도,여주시,강천면,경기도 여주시 강천면 가야리,37.2676667824388,127.699491579793
4167037025,경기도 여주시 강천면 적금리,존재,경기도,여주시,강천면,경기도 여주시 강천면 적금리,37.2532565064697,127.7033259816
4167037026,경기도 여주시 강천면 굴암리,존재,경기도,여주시,강천면,경기도 여주시 강천면 굴암리,37.2376150270945,127.701445140037
4167037027,경기도 여주시 강천면 강천리,존재,경기도,여주시,강천면,경기도 여주시 강천면 강천리,37.2490380225745,127.728051653722
4167037028,경기도 여주시 강천면 부평리,존재,경기도,여주시,강천면,경기도 여주시 강천면 부평리,37.2810041599272,127.75146144698
4167037029,경기도 여주시 강천면 도전리,존재,경기도,여주시,강천면,경기도 여주시 강천면 도전리,37.3345549262845,127.744357674396
4167038000,경기도 여주시 산북면,존재,경기도,여주시,산북면,경기도 여주시 산북면,37.4016901782593,127.4429923866
4167038021,경기도 여주시 산북면 상품리,존재,경기도,여주시,산북면,경기도 여주시 산북면 상품리,37.398103408481,127.427526219022
4167038022,경기도 여주시 산북면 송현리,존재,경기도,여주시,산북면,경기도 여주시 산북면 송현리,37.3795710565694,127.45088320589
4167038023,경기도 여주시 산북면 후리,존재,경기도,여주시,산북면,경기도 여주시 산북면 후리,37.3959060836951,127.456153330378
4167038024,경기도 여주시 산북면 명품리,존재,경기도,여주시,산북면,경기도 여주시 산북면 명품리,37.4219157706951,127.440187814766
4167038025,경기도 여주시 산북면 주어리,존재,경기도,여주시,산북면,경기도 여주시 산북면 주어리,37.4219530430723,127.416983726293
4167038026,경기도 여주시 산북면 백자리,존재,경기도,여주시,산북면,경기도 여주시 산북면 백자리,37.4209273941424,127.450936744589
4167038027,경기도 여주시 산북면 용담리,존재,경기도,여주시,산북면,경기도 여주시 산북면 용담리,37.4230944745767,127.479961174009
4180025000,경기도 연천군 연천읍,존재,경기도,연천군,연천읍,경기도 연천군 연천읍,38.1039237861873,127.075938017759
4180025021,경기도 연천군 연천읍 차탄리,존재,경기도,연천군,연천읍,경기도 연천군 연천읍 차탄리,38.089545545687,127.069544156984
4180025022,경기도 연천군 연천읍 현가리,존재,경기도,연천군,연천읍,경기도 연천군 연천읍 현가리,38.1149033427592,127.07141094139
4180025023,경기도 연천군 연천읍 상리,존재,경기도,연천군,연천읍,경기도 연천군 연천읍 상리,38.1355096013747,127.070345133874
4180025024,경기도 연천군 연천읍 와초리,존재,경기도,연천군,연천읍,경기도 연천군 연천읍 와초리,38.1535094224182,127.081931281344
4180025025,경기도 연천군 연천읍 옥산리,존재,경기도,연천군,연천읍,경기도 연천군 연천읍 옥산리,38.1163134881354,127.090683965967
4180025026,경기도 연천군 연천읍 읍내리,존재,경기도,연천군,연천읍,경기도 연천군 연천읍 읍내리,38.0973521625772,127.06110157953
4180025027,경기도 연천군 연천읍 동막리,존재,경기도,연천군,연천읍,경기도 연천군 연천읍 동막리,38.1047394206705,127.110713570806
4180025028,경기도 연천군 연천읍 통현리,존재,경기도,연천군,연천읍,경기도 연천군 연천읍 통현리,38.0701560144765,127.083383544959
4180025029,경기도 연천군 연천읍 고문리,존재,경기도,연천군,연천읍,경기도 연천군 연천읍 고문리,38.0722410403665,127.115045380284
4180025030,경기도 연천군 연천읍 부곡리,존재,경기도,연천군,연천읍,경기도 연천군 연천읍 부곡리,38.0882089432954,127.158368254898
4180025300,경기도 연천군 전곡읍,존재,경기도,연천군,전곡읍,경기도 연천군 전곡읍,38.0280339296486,127.063864039262
4180025321,경기도 연천군 전곡읍 전곡리,존재,경기도,연천군,전곡읍,경기도 연천군 전곡읍 전곡리,38.0174964674195,127.064292193936
4180025322,경기도 연천군 전곡읍 은대리,존재,경기도,연천군,전곡읍,경기도 연천군 전곡읍 은대리,38.0462477907645,127.068851531209
4180025323,경기도 연천군 전곡읍 신답리,존재,경기도,연천군,전곡읍,경기도 연천군 전곡읍 신답리,38.0484441406172,127.101345876238
4180025324,경기도 연천군 전곡읍 고능리,존재,경기도,연천군,전곡읍,경기도 연천군 전곡읍 고능리,38.0043569353433,127.041053310194
4180025325,경기도 연천군 전곡읍 마포리,존재,경기도,연천군,전곡읍,경기도 연천군 전곡읍 마포리,38.0022487111768,127.001407267575
4180025326,경기도 연천군 전곡읍 양원리,존재,경기도,연천군,전곡읍,경기도 연천군 전곡읍 양원리,37.97719907428,127.029747443955
4180025327,경기도 연천군 전곡읍 간파리,존재,경기도,연천군,전곡읍,경기도 연천군 전곡읍 간파리,37.9516693587376,127.01518715307
4180025328,경기도 연천군 전곡읍 늘목리,존재,경기도,연천군,전곡읍,경기도 연천군 전곡읍 늘목리,37.953388763743,126.988494450737
4180031000,경기도 연천군 군남면,존재,경기도,연천군,군남면,경기도 연천군 군남면,38.0851969328493,127.019081108902
4180031021,경기도 연천군 군남면 진상리,존재,경기도,연천군,군남면,경기도 연천군 군남면 진상리,38.0636897895541,127.021555112052
4180031022,경기도 연천군 군남면 옥계리,존재,경기도,연천군,군남면,경기도 연천군 군남면 옥계리,38.1174855524468,127.04570990471
4180031023,경기도 연천군 군남면 삼거리,존재,경기도,연천군,군남면,경기도 연천군 군남면 삼거리,38.0842103635628,127.031856132693
4180031024,경기도 연천군 군남면 왕림리,존재,경기도,연천군,군남면,경기도 연천군 군남면 왕림리,38.0622657231474,127.047990985613
4180031025,경기도 연천군 군남면 선곡리,존재,경기도,연천군,군남면,경기도 연천군 군남면 선곡리,38.0983790618549,127.035017957275
4180031026,경기도 연천군 군남면 황지리,존재,경기도,연천군,군남면,경기도 연천군 군남면 황지리,38.0399610185093,127.042499394374
4180031027,경기도 연천군 군남면 남계리,존재,경기도,연천군,군남면,경기도 연천군 군남면 남계리,38.0266305525133,127.032409767859
4180032000,경기도 연천군 청산면,존재,경기도,연천군,청산면,경기도 연천군 청산면,37.9817637060979,127.06768030665
4180032021,경기도 연천군 청산면 초성리,존재,경기도,연천군,청산면,경기도 연천군 청산면 초성리,37.9902501141586,127.079764040761
4180032022,경기도 연천군 청산면 대전리,존재,경기도,연천군,청산면,경기도 연천군 청산면 대전리,37.9998057629925,127.108542711291
4180032023,경기도 연천군 청산면 장탄리,존재,경기도,연천군,청산면,경기도 연천군 청산면 장탄리,38.0352171344254,127.089845763481
4180032024,경기도 연천군 청산면 궁평리,존재,경기도,연천군,청산면,경기도 연천군 청산면 궁평리,38.0250510625305,127.114743769514
4180032025,경기도 연천군 청산면 백의리,존재,경기도,연천군,청산면,경기도 연천군 청산면 백의리,38.0238568861487,127.136267109975
4180033000,경기도 연천군 백학면,존재,경기도,연천군,백학면,경기도 연천군 백학면,38.0297127942562,126.917969879355
4180033021,경기도 연천군 백학면 두일리,존재,경기도,연천군,백학면,경기도 연천군 백학면 두일리,38.0298053249031,126.916315959671
4180033022,경기도 연천군 백학면 백령리,존재,경기도,연천군,백학면,경기도 연천군 백학면 백령리,38.0412456672003,126.90500238297
4180033023,경기도 연천군 백학면 통구리,존재,경기도,연천군,백학면,경기도 연천군 백학면 통구리,38.0140836694028,126.929279133669
4180033024,경기도 연천군 백학면 전동리,존재,경기도,연천군,백학면,경기도 연천군 백학면 전동리,38.0116896544049,126.890214514146
4180033025,경기도 연천군 백학면 노곡리,존재,경기도,연천군,백학면,경기도 연천군 백학면 노곡리,37.9936689962371,126.918702203055
4180033026,경기도 연천군 백학면 학곡리,존재,경기도,연천군,백학면,경기도 연천군 백학면 학곡리,37.9925853471226,126.94553359727
4180033027,경기도 연천군 백학면 구미리,존재,경기도,연천군,백학면,경기도 연천군 백학면 구미리,38.0052495908504,126.95599946339
4180033028,경기도 연천군 백학면 두현리,존재,경기도,연천군,백학면,경기도 연천군 백학면 두현리,38.0277169005398,126.877229242425
4180033029,경기도 연천군 백학면 갈현리,존재,경기도,연천군,백학면,경기도 연천군 백학면 갈현리,38.0463297869087,126.87033989604
4180033030,경기도 연천군 백학면 포춘리,존재,경기도,연천군,백학면,경기도 연천군 백학면 포춘리,38.0633564764281,126.876372056385
4180033031,경기도 연천군 백학면 항동리,존재,경기도,연천군,백학면,경기도 연천군 백학면 항동리,38.0053128582104,126.823560538695
4180033033,경기도 연천군 백학면 석주원리,존재,경기도,연천군,백학면,경기도 연천군 백학면 석주원리,,
4180033034,경기도 연천군 백학면 상리,존재,경기도,연천군,백학면,경기도 연천군 백학면 상리,,
4180033035,경기도 연천군 백학면 중리,존재,경기도,연천군,백학면,경기도 연천군 백학면 중리,,
4180033036,경기도 연천군 백학면 하리,존재,경기도,연천군,백학면,경기도 연천군 백학면 하리,,
4180033037,경기도 연천군 백학면 오음리,존재,경기도,연천군,백학면,경기도 연천군 백학면 오음리,,
4180033038,경기도 연천군 백학면 사시리,존재,경기도,연천군,백학면,경기도 연천군 백학면 사시리,,
4180033039,경기도 연천군 백학면 매현리,존재,경기도,연천군,백학면,경기도 연천군 백학면 매현리,38.0078335204442,126.815260564127
4180033040,경기도 연천군 백학면 고읍리,존재,경기도,연천군,백학면,경기도 연천군 백학면 고읍리,38.0116921896456,126.855848201462
4180033041,경기도 연천군 백학면 두매리,존재,경기도,연천군,백학면,경기도 연천군 백학면 두매리,,
4180033046,경기도 연천군 백학면 석장리,존재,경기도,연천군,백학면,경기도 연천군 백학면 석장리,38.0614088887125,126.931831627849
4180034000,경기도 연천군 미산면,존재,경기도,연천군,미산면,경기도 연천군 미산면,38.0474064992174,126.992818073354
4180034021,경기도 연천군 미산면 동이리,존재,경기도,연천군,미산면,경기도 연천군 미산면 동이리,38.0156364926974,127.002104452634
4180034022,경기도 연천군 미산면 아미리,존재,경기도,연천군,미산면,경기도 연천군 미산면 아미리,38.0270509269696,126.953161832648
4180034023,경기도 연천군 미산면 백석리,존재,경기도,연천군,미산면,경기도 연천군 미산면 백석리,38.0546568727011,126.957533126791
4180034024,경기도 연천군 미산면 유촌리,존재,경기도,연천군,미산면,경기도 연천군 미산면 유촌리,38.0474097178399,126.988078730389
4180034025,경기도 연천군 미산면 광동리,존재,경기도,연천군,미산면,경기도 연천군 미산면 광동리,38.0451302218976,126.952056656922
4180034026,경기도 연천군 미산면 마전리,존재,경기도,연천군,미산면,경기도 연천군 미산면 마전리,38.0288861972443,126.983662497592
4180034027,경기도 연천군 미산면 우정리,존재,경기도,연천군,미산면,경기도 연천군 미산면 우정리,38.0406096988324,127.010384579845
4180034028,경기도 연천군 미산면 삼화리,존재,경기도,연천군,미산면,경기도 연천군 미산면 삼화리,38.0140201003596,126.978586981566
4180035000,경기도 연천군 왕징면,존재,경기도,연천군,왕징면,경기도 연천군 왕징면,38.0585161826357,127.012811832144
4180035021,경기도 연천군 왕징면 무등리,존재,경기도,연천군,왕징면,경기도 연천군 왕징면 무등리,38.0654647010254,127.004188967359
4180035022,경기도 연천군 왕징면 노동리,존재,경기도,연천군,왕징면,경기도 연천군 왕징면 노동리,38.0690239994277,126.983143033965
4180035023,경기도 연천군 왕징면 북삼리,존재,경기도,연천군,왕징면,경기도 연천군 왕징면 북삼리,38.0903480467786,126.995914486652
4180035024,경기도 연천군 왕징면 강내리,존재,경기도,연천군,왕징면,경기도 연천군 왕징면 강내리,38.1112672417791,127.004830125351
4180035025,경기도 연천군 왕징면 강서리,존재,경기도,연천군,왕징면,경기도 연천군 왕징면 강서리,38.0942331488517,126.959662540834
4180035026,경기도 연천군 왕징면 동중리,존재,경기도,연천군,왕징면,경기도 연천군 왕징면 동중리,38.0739612145086,126.956003917931
4180035027,경기도 연천군 왕징면 고왕리,존재,경기도,연천군,왕징면,경기도 연천군 왕징면 고왕리,38.0998787255922,126.906613840491
4180035028,경기도 연천군 왕징면 고잔상리,존재,경기도,연천군,왕징면,경기도 연천군 왕징면 고잔상리,38.1141561555925,126.915841222296
4180035029,경기도 연천군 왕징면 고잔하리,존재,경기도,연천군,왕징면,경기도 연천군 왕징면 고잔하리,38.1240941934482,126.944865812049
4180035030,경기도 연천군 왕징면 기곡리,존재,경기도,연천군,왕징면,경기도 연천군 왕징면 기곡리,38.0878522314334,126.885062385868
4180035031,경기도 연천군 왕징면 작동리,존재,경기도,연천군,왕징면,경기도 연천군 왕징면 작동리,38.0754302834957,126.909699330747
4180035032,경기도 연천군 왕징면 임강리,존재,경기도,연천군,왕징면,경기도 연천군 왕징면 임강리,,
4180035033,경기도 연천군 왕징면 오탄리,존재,경기도,연천군,왕징면,경기도 연천군 왕징면 오탄리,,
4180035034,경기도 연천군 왕징면 귀존리,존재,경기도,연천군,왕징면,경기도 연천군 왕징면 귀존리,,
4180035035,경기도 연천군 왕징면 고장리,존재,경기도,연천군,왕징면,경기도 연천군 왕징면 고장리,38.1341825932065,126.94888230438
4180035036,경기도 연천군 왕징면 장학리,존재,경기도,연천군,왕징면,경기도 연천군 왕징면 장학리,,
4180035037,경기도 연천군 왕징면 가천리,존재,경기도,연천군,왕징면,경기도 연천군 왕징면 가천리,,
4180035038,경기도 연천군 왕징면 냉정리,존재,경기도,연천군,왕징면,경기도 연천군 왕징면 냉정리,,
4180036000,경기도 연천군 신서면,존재,경기도,연천군,신서면,경기도 연천군 신서면,38.1829667805065,127.107037931125
4180036021,경기도 연천군 신서면 대광리,존재,경기도,연천군,신서면,경기도 연천군 신서면 대광리,38.2052533766483,127.126790347926
4180036022,경기도 연천군 신서면 도신리,존재,경기도,연천군,신서면,경기도 연천군 신서면 도신리,38.1640606897012,127.104764641777
4180036023,경기도 연천군 신서면 내산리,존재,경기도,연천군,신서면,경기도 연천군 신서면 내산리,38.155315900767,127.147309232649
4180036024,경기도 연천군 신서면 마전리,존재,경기도,연천군,신서면,경기도 연천군 신서면 마전리,38.22133684594,127.095656136504
4180036025,경기도 연천군 신서면 답곡리,존재,경기도,연천군,신서면,경기도 연천군 신서면 답곡리,38.1824742328545,127.066463972826
4180036026,경기도 연천군 신서면 승양리,존재,경기도,연천군,신서면,경기도 연천군 신서면 승양리,,
4180036027,경기도 연천군 신서면 도밀리,존재,경기도,연천군,신서면,경기도 연천군 신서면 도밀리,38.260613989309,127.088714985999
4180036028,경기도 연천군 신서면 갈현리,존재,경기도,연천군,신서면,경기도 연천군 신서면 갈현리,38.2522854588961,127.045990715293
4180036029,경기도 연천군 신서면 덕산리,존재,경기도,연천군,신서면,경기도 연천군 신서면 덕산리,38.2522156895085,127.076183470563
4180036030,경기도 연천군 신서면 신현리,존재,경기도,연천군,신서면,경기도 연천군 신서면 신현리,38.2312235282344,127.043551571754
4180037000,경기도 연천군 중면,존재,경기도,연천군,중면,경기도 연천군 중면,38.1358210039276,127.019107970488
4180037021,경기도 연천군 중면 삼곶리,존재,경기도,연천군,중면,경기도 연천군 중면 삼곶리,38.1370138655657,127.01874327138
4180037022,경기도 연천군 중면 횡산리,존재,경기도,연천군,중면,경기도 연천군 중면 횡산리,38.1229333518973,126.975307244511
4180037023,경기도 연천군 중면 중사리,존재,경기도,연천군,중면,경기도 연천군 중면 중사리,38.1530426634009,126.980380974726
4180037024,경기도 연천군 중면 적거리,존재,경기도,연천군,중면,경기도 연천군 중면 적거리,38.1674828356269,127.016573791978
4180037025,경기도 연천군 중면 마거리,존재,경기도,연천군,중면,경기도 연천군 중면 마거리,38.1830383635763,127.03763338182
4180037026,경기도 연천군 중면 합수리,존재,경기도,연천군,중면,경기도 연천군 중면 합수리,38.1497028453388,127.043630831309
4180037027,경기도 연천군 중면 적음리,존재,경기도,연천군,중면,경기도 연천군 중면 적음리,38.1800036310499,126.97379970622
4180037028,경기도 연천군 중면 진곡리,존재,경기도,연천군,중면,경기도 연천군 중면 진곡리,,
4180037029,경기도 연천군 중면 어적산리,존재,경기도,연천군,중면,경기도 연천군 중면 어적산리,38.200534333649,126.978683166383
4180037030,경기도 연천군 중면 적동산리,존재,경기도,연천군,중면,경기도 연천군 중면 적동산리,,
4180037031,경기도 연천군 중면 도연리,존재,경기도,연천군,중면,경기도 연천군 중면 도연리,38.1967560850694,127.001657585861
4180038000,경기도 연천군 장남면,존재,경기도,연천군,장남면,경기도 연천군 장남면,37.9818271510522,126.884271824631
4180038021,경기도 연천군 장남면 원당리,존재,경기도,연천군,장남면,경기도 연천군 장남면 원당리,37.9854721090706,126.878697506345
4180038022,경기도 연천군 장남면 자작리,존재,경기도,연천군,장남면,경기도 연천군 장남면 자작리,38.0046384985487,126.849121488221
4180038023,경기도 연천군 장남면 판부리,존재,경기도,연천군,장남면,경기도 연천군 장남면 판부리,38.0116921896456,126.855848201462
4180038024,경기도 연천군 장남면 반정리,존재,경기도,연천군,장남면,경기도 연천군 장남면 반정리,37.968892685811,126.82054313745
4180038025,경기도 연천군 장남면 고랑포리,존재,경기도,연천군,장남면,경기도 연천군 장남면 고랑포리,37.9846381854349,126.830817725886
4182025000,경기도 가평군 가평읍,존재,경기도,가평군,가평읍,경기도 가평군 가평읍,37.8253637998686,127.51653874145
4182025021,경기도 가평군 가평읍 읍내리,존재,경기도,가평군,가평읍,경기도 가평군 가평읍 읍내리,37.8402219077485,127.515783483744
4182025022,경기도 가평군 가평읍 대곡리,존재,경기도,가평군,가평읍,경기도 가평군 가평읍 대곡리,37.8230798928656,127.506373344207
4182025023,경기도 가평군 가평읍 달전리,존재,경기도,가평군,가평읍,경기도 가평군 가평읍 달전리,37.8086622015598,127.519365786762
4182025024,경기도 가평군 가평읍 하색리,존재,경기도,가평군,가평읍,경기도 가평군 가평읍 하색리,37.8117224126884,127.479267928432
4182025025,경기도 가평군 가평읍 상색리,존재,경기도,가평군,가평읍,경기도 가평군 가평읍 상색리,37.7975533651778,127.473644666697
4182025026,경기도 가평군 가평읍 두밀리,존재,경기도,가평군,가평읍,경기도 가평군 가평읍 두밀리,37.8232703124158,127.438212943366
4182025027,경기도 가평군 가평읍 경반리,존재,경기도,가평군,가평읍,경기도 가평군 가평읍 경반리,37.8428781725274,127.45354362815
4182025028,경기도 가평군 가평읍 승안리,존재,경기도,가평군,가평읍,경기도 가평군 가평읍 승안리,37.8688462823834,127.452793559191
4182025029,경기도 가평군 가평읍 마장리,존재,경기도,가평군,가평읍,경기도 가평군 가평읍 마장리,37.8647714816638,127.504817470463
4182025030,경기도 가평군 가평읍 개곡리,존재,경기도,가평군,가평읍,경기도 가평군 가평읍 개곡리,37.8682117647337,127.56537029448
4182025031,경기도 가평군 가평읍 이화리,존재,경기도,가평군,가평읍,경기도 가평군 가평읍 이화리,37.7864760072093,127.508062458271
4182025032,경기도 가평군 가평읍 산유리,존재,경기도,가평군,가평읍,경기도 가평군 가평읍 산유리,37.7600300522611,127.50664682438
4182025033,경기도 가평군 가평읍 복장리,존재,경기도,가평군,가평읍,경기도 가평군 가평읍 복장리,37.7373977819068,127.498233481862
4182025034,경기도 가평군 가평읍 금대리,존재,경기도,가평군,가평읍,경기도 가평군 가평읍 금대리,37.765279111615,127.529980098558
4182031000,경기도 가평군 설악면,존재,경기도,가평군,설악면,경기도 가평군 설악면,37.675800962675,127.494710840944
4182031021,경기도 가평군 설악면 신천리,존재,경기도,가평군,설악면,경기도 가평군 설악면 신천리,37.6699000309893,127.48462468766
4182031022,경기도 가평군 설악면 선촌리,존재,경기도,가평군,설악면,경기도 가평군 설악면 선촌리,37.6835117529301,127.502738518403
4182031023,경기도 가평군 설악면 회곡리,존재,경기도,가평군,설악면,경기도 가평군 설악면 회곡리,37.6982033753118,127.444773460815
4182031024,경기도 가평군 설악면 사룡리,존재,경기도,가평군,설악면,경기도 가평군 설악면 사룡리,37.6978161142373,127.492348944067
4182031025,경기도 가평군 설악면 송산리,존재,경기도,가평군,설악면,경기도 가평군 설악면 송산리,37.7028962579321,127.528451549485
4182031026,경기도 가평군 설악면 미사리,존재,경기도,가평군,설악면,경기도 가평군 설악면 미사리,37.7084800082276,127.546336513383
4182031027,경기도 가평군 설악면 위곡리,존재,경기도,가평군,설악면,경기도 가평군 설악면 위곡리,37.6624845818767,127.531179629404
4182031028,경기도 가평군 설악면 창의리,존재,경기도,가평군,설악면,경기도 가평군 설악면 창의리,37.6689840194364,127.507899682456
4182031029,경기도 가평군 설악면 엄소리,존재,경기도,가평군,설악면,경기도 가평군 설악면 엄소리,37.6429951945541,127.505651468459
4182031030,경기도 가평군 설악면 설곡리,존재,경기도,가평군,설악면,경기도 가평군 설악면 설곡리,37.6163006436481,127.539119202222
4182031031,경기도 가평군 설악면 묵안리,존재,경기도,가평군,설악면,경기도 가평군 설악면 묵안리,37.5989115563997,127.536787830488
4182031032,경기도 가평군 설악면 가일리,존재,경기도,가평군,설악면,경기도 가평군 설악면 가일리,37.592464451896,127.501482260821
4182031033,경기도 가평군 설악면 방일리,존재,경기도,가평군,설악면,경기도 가평군 설악면 방일리,37.6167112916107,127.492153450695
4182031034,경기도 가평군 설악면 천안리,존재,경기도,가평군,설악면,경기도 가평군 설악면 천안리,37.6393514788692,127.475353160199
4182031035,경기도 가평군 설악면 이천리,존재,경기도,가평군,설악면,경기도 가평군 설악면 이천리,37.6592340217979,127.447768506187
4182032500,경기도 가평군 청평면,존재,경기도,가평군,청평면,경기도 가평군 청평면,37.7404626327353,127.424141651948
4182032521,경기도 가평군 청평면 청평리,존재,경기도,가평군,청평면,경기도 가평군 청평면 청평리,37.7355856332353,127.419380851495
4182032522,경기도 가평군 청평면 상천리,존재,경기도,가평군,청평면,경기도 가평군 청평면 상천리,37.7775307755265,127.454369996865
4182032523,경기도 가평군 청평면 하천리,존재,경기도,가평군,청평면,경기도 가평군 청평면 하천리,37.754198088567,127.441481806636
4182032524,경기도 가평군 청평면 대성리,존재,경기도,가평군,청평면,경기도 가평군 청평면 대성리,37.7100588429829,127.38247028188
4182032525,경기도 가평군 청평면 호명리,존재,경기도,가평군,청평면,경기도 가평군 청평면 호명리,37.7294495665502,127.456848450066
4182032526,경기도 가평군 청평면 고성리,존재,경기도,가평군,청평면,경기도 가평군 청평면 고성리,37.7161355723898,127.496403426322
4182032527,경기도 가평군 청평면 삼회리,존재,경기도,가평군,청평면,경기도 가평군 청평면 삼회리,37.6865348234365,127.401350524157
4182033000,경기도 가평군 상면,존재,경기도,가평군,상면,경기도 가평군 상면,37.80471517536,127.356786438653
4182033021,경기도 가평군 상면 연하리,존재,경기도,가평군,상면,경기도 가평군 상면 연하리,37.7876382556336,127.33915773949
4182033022,경기도 가평군 상면 항사리,존재,경기도,가평군,상면,경기도 가평군 상면 항사리,37.7899391785434,127.385488283217
4182033023,경기도 가평군 상면 행현리,존재,경기도,가평군,상면,경기도 가평군 상면 행현리,37.7628619475258,127.34286231396
4182033024,경기도 가평군 상면 임초리,존재,경기도,가평군,상면,경기도 가평군 상면 임초리,37.755335495872,127.373057741536
4182033025,경기도 가평군 상면 덕현리,존재,경기도,가평군,상면,경기도 가평군 상면 덕현리,37.7656146653052,127.401273594404
4182033026,경기도 가평군 상면 태봉리,존재,경기도,가평군,상면,경기도 가평군 상면 태봉리,37.8026326900146,127.331950075562
4182033027,경기도 가평군 상면 상동리,존재,경기도,가평군,상면,경기도 가평군 상면 상동리,37.7887198087003,127.299091931267
4182033028,경기도 가평군 상면 율길리,존재,경기도,가평군,상면,경기도 가평군 상면 율길리,37.8269674524889,127.294698239534
4182033029,경기도 가평군 상면 봉수리,존재,경기도,가평군,상면,경기도 가평군 상면 봉수리,37.8523756481387,127.301275992752
4182033030,경기도 가평군 상면 원흥리,존재,경기도,가평군,상면,경기도 가평군 상면 원흥리,37.8148260403878,127.31830385879
4182034500,경기도 가평군 조종면,존재,경기도,가평군,조종면,경기도 가평군 조종면,37.8175158053297,127.353241002492
4182034521,경기도 가평군 조종면 현리,존재,경기도,가평군,조종면,경기도 가평군 조종면 현리,37.8202141380494,127.347493293351
4182034522,경기도 가평군 조종면 신상리,존재,경기도,가평군,조종면,경기도 가평군 조종면 신상리,37.8502044358821,127.341521141105
4182034524,경기도 가평군 조종면 상판리,존재,경기도,가평군,조종면,경기도 가평군 조종면 상판리,37.9100898279051,127.38868427743
4182034525,경기도 가평군 조종면 신하리,존재,경기도,가평군,조종면,경기도 가평군 조종면 신하리,37.831955641471,127.367577223174
4182034526,경기도 가평군 조종면 마일리,존재,경기도,가평군,조종면,경기도 가평군 조종면 마일리,37.8510646348704,127.392737326382
4182034527,경기도 가평군 조종면 대보리,존재,경기도,가평군,조종면,경기도 가평군 조종면 대보리,37.8097644493472,127.387485505265
4182034528,경기도 가평군 조종면 운악리,존재,경기도,가평군,조종면,경기도 가평군 조종면 운악리,37.8901195004935,127.352664495768
4182035000,경기도 가평군 북면,존재,경기도,가평군,북면,경기도 가평군 북면,37.8881266033117,127.549275493771
4182035021,경기도 가평군 북면 목동리,존재,경기도,가평군,북면,경기도 가평군 북면 목동리,37.9151209185438,127.576664537915
4182035022,경기도 가평군 북면 소법리,존재,경기도,가평군,북면,경기도 가평군 북면 소법리,37.9122097159539,127.542426836724
4182035023,경기도 가평군 북면 화악리,존재,경기도,가평군,북면,경기도 가평군 북면 화악리,37.9545958661401,127.529949318023
4182035024,경기도 가평군 북면 도대리,존재,경기도,가평군,북면,경기도 가평군 북면 도대리,37.9458449251203,127.472701892004
4182035025,경기도 가평군 북면 적목리,존재,경기도,가평군,북면,경기도 가평군 북면 적목리,37.9908628510941,127.440091407412
4182035026,경기도 가평군 북면 백둔리,존재,경기도,가평군,북면,경기도 가평군 북면 백둔리,37.9078145565841,127.459090732616
4182035027,경기도 가평군 북면 제령리,존재,경기도,가평군,북면,경기도 가평군 북면 제령리,37.9015909503209,127.521373486504
4182035028,경기도 가평군 북면 이곡리,존재,경기도,가평군,북면,경기도 가평군 북면 이곡리,37.8797693958132,127.526425551771
4183025000,경기도 양평군 양평읍,존재,경기도,양평군,양평읍,경기도 양평군 양평읍,37.4864297288723,127.493513635969
4183025021,경기도 양평군 양평읍 양근리,존재,경기도,양평군,양평읍,경기도 양평군 양평읍 양근리,37.4947501655069,127.488597357888
4183025022,경기도 양평군 양평읍 오빈리,존재,경기도,양평군,양평읍,경기도 양평군 양평읍 오빈리,37.5083351012228,127.471376889173
4183025023,경기도 양평군 양평읍 신애리,존재,경기도,양평군,양평읍,경기도 양평군 양평읍 신애리,37.521997184601,127.505512473038
4183025024,경기도 양평군 양평읍 덕평리,존재,경기도,양평군,양평읍,경기도 양평군 양평읍 덕평리,37.5066827927035,127.489512048948
4183025025,경기도 양평군 양평읍 공흥리,존재,경기도,양평군,양평읍,경기도 양평군 양평읍 공흥리,37.5060852224815,127.513955338698
4183025026,경기도 양평군 양평읍 백안리,존재,경기도,양평군,양평읍,경기도 양평군 양평읍 백안리,37.5043962366578,127.523511600455
4183025027,경기도 양평군 양평읍 도곡리,존재,경기도,양평군,양평읍,경기도 양평군 양평읍 도곡리,37.4835614953963,127.521900887202
4183025028,경기도 양평군 양평읍 대흥리,존재,경기도,양평군,양평읍,경기도 양평군 양평읍 대흥리,37.4901173310551,127.546569367991
4183025029,경기도 양평군 양평읍 봉성리,존재,경기도,양평군,양평읍,경기도 양평군 양평읍 봉성리,37.4771204501723,127.545981781448
4183025030,경기도 양평군 양평읍 원덕리,존재,경기도,양평군,양평읍,경기도 양평군 양평읍 원덕리,37.4669476418918,127.549592843656
4183025031,경기도 양평군 양평읍 회현리,존재,경기도,양평군,양평읍,경기도 양평군 양평읍 회현리,37.4607549559907,127.514598883814
4183025032,경기도 양평군 양평읍 창대리,존재,경기도,양평군,양평읍,경기도 양평군 양평읍 창대리,37.4775393215588,127.508654229613
4183031000,경기도 양평군 강상면,존재,경기도,양평군,강상면,경기도 양평군 강상면,37.4809148232956,127.477924857754
4183031021,경기도 양평군 강상면 병산리,존재,경기도,양평군,강상면,경기도 양평군 강상면 병산리,37.4898139026809,127.461405009649
4183031022,경기도 양평군 강상면 송학리,존재,경기도,양평군,강상면,경기도 양평군 강상면 송학리,37.4713105642582,127.460576799374
4183031023,경기도 양평군 강상면 교평리,존재,경기도,양평군,강상면,경기도 양평군 강상면 교평리,37.4767018018596,127.486738806851
4183031024,경기도 양평군 강상면 신화리,존재,경기도,양평군,강상면,경기도 양평군 강상면 신화리,37.4523698950734,127.465573520275
4183031025,경기도 양평군 강상면 화양리,존재,경기도,양평군,강상면,경기도 양평군 강상면 화양리,37.4602355712388,127.483987184556
4183031026,경기도 양평군 강상면 세월리,존재,경기도,양평군,강상면,경기도 양평군 강상면 세월리,37.4413450492498,127.482676725592
4183031027,경기도 양평군 강상면 대석리,존재,경기도,양평군,강상면,경기도 양평군 강상면 대석리,37.4382865298539,127.456961861301
4183032000,경기도 양평군 강하면,존재,경기도,양평군,강하면,경기도 양평군 강하면,37.4949573777617,127.410464187932
4183032021,경기도 양평군 강하면 운심리,존재,경기도,양평군,강하면,경기도 양평군 강하면 운심리,37.4937564901947,127.398046013066
4183032022,경기도 양평군 강하면 왕창리,존재,경기도,양평군,강하면,경기도 양평군 강하면 왕창리,37.477618057292,127.395803305496
4183032023,경기도 양평군 강하면 동오리,존재,경기도,양평군,강하면,경기도 양평군 강하면 동오리,37.4598153298062,127.387851719269
4183032024,경기도 양평군 강하면 항금리,존재,경기도,양평군,강하면,경기도 양평군 강하면 항금리,37.4364854739631,127.398962825473
4183032025,경기도 양평군 강하면 성덕리,존재,경기도,양평군,강하면,경기도 양평군 강하면 성덕리,37.4594758840342,127.425736890446
4183032026,경기도 양평군 강하면 전수리,존재,경기도,양평군,강하면,경기도 양평군 강하면 전수리,37.4907265644956,127.427655549981
4183033000,경기도 양평군 양서면,존재,경기도,양평군,양서면,경기도 양평군 양서면,37.5433629379347,127.323347010494
4183033021,경기도 양평군 양서면 양수리,존재,경기도,양평군,양서면,경기도 양평군 양서면 양수리,37.5485193465094,127.319702821052
4183033022,경기도 양평군 양서면 용담리,존재,경기도,양평군,양서면,경기도 양평군 양서면 용담리,37.540747279613,127.33341517455
4183033023,경기도 양평군 양서면 부용리,존재,경기도,양평군,양서면,경기도 양평군 양서면 부용리,37.5570837225096,127.348526685597
4183033024,경기도 양평군 양서면 목왕리,존재,경기도,양평군,양서면,경기도 양평군 양서면 목왕리,37.556166640435,127.379464145884
4183033025,경기도 양평군 양서면 신원리,존재,경기도,양평군,양서면,경기도 양평군 양서면 신원리,37.5320865475066,127.373282472272
4183033026,경기도 양평군 양서면 도곡리,존재,경기도,양평군,양서면,경기도 양평군 양서면 도곡리,37.5217799853976,127.386466373702
4183033027,경기도 양평군 양서면 대심리,존재,경기도,양평군,양서면,경기도 양평군 양서면 대심리,37.5050285569428,127.400548736507
4183033028,경기도 양평군 양서면 국수리,존재,경기도,양평군,양서면,경기도 양평군 양서면 국수리,37.5218912116108,127.399611719198
4183033029,경기도 양평군 양서면 복포리,존재,경기도,양평군,양서면,경기도 양평군 양서면 복포리,37.5154516521348,127.417109768015
4183033030,경기도 양평군 양서면 청계리,존재,경기도,양평군,양서면,경기도 양평군 양서면 청계리,37.5374748135145,127.408049526667
4183033031,경기도 양평군 양서면 증동리,존재,경기도,양평군,양서면,경기도 양평군 양서면 증동리,37.5402197416608,127.426770370139
4183034000,경기도 양평군 옥천면,존재,경기도,양평군,옥천면,경기도 양평군 옥천면,37.5180683190537,127.456063393349
4183034021,경기도 양평군 옥천면 옥천리,존재,경기도,양평군,옥천면,경기도 양평군 옥천면 옥천리,37.5179697523129,127.463790863805
4183034022,경기도 양평군 옥천면 용천리,존재,경기도,양평군,옥천면,경기도 양평군 옥천면 용천리,37.5525507632613,127.518176285521
4183034023,경기도 양평군 옥천면 신복리,존재,경기도,양평군,옥천면,경기도 양평군 옥천면 신복리,37.5616973384205,127.463631704975
4183034024,경기도 양평군 옥천면 아신리,존재,경기도,양평군,옥천면,경기도 양평군 옥천면 아신리,37.524116547539,127.439710642532
4183035000,경기도 양평군 서종면,존재,경기도,양평군,서종면,경기도 양평군 서종면,37.6065762917832,127.348721243795
4183035021,경기도 양평군 서종면 문호리,존재,경기도,양평군,서종면,경기도 양평군 서종면 문호리,37.6018582572136,127.364385648871
4183035022,경기도 양평군 서종면 도장리,존재,경기도,양평군,서종면,경기도 양평군 서종면 도장리,37.6064127561924,127.393830187366
4183035023,경기도 양평군 서종면 수능리,존재,경기도,양평군,서종면,경기도 양평군 서종면 수능리,37.5872768451702,127.385880873021
4183035024,경기도 양평군 서종면 서후리,존재,경기도,양평군,서종면,경기도 양평군 서종면 서후리,37.5711916237218,127.420911406682
4183035025,경기도 양평군 서종면 정배리,존재,경기도,양평군,서종면,경기도 양평군 서종면 정배리,37.5959068914251,127.430077583089
4183035026,경기도 양평군 서종면 명달리,존재,경기도,양평군,서종면,경기도 양평군 서종면 명달리,37.6183561707625,127.450264321149
4183035027,경기도 양평군 서종면 노문리,존재,경기도,양평군,서종면,경기도 양평군 서종면 노문리,37.635185219262,127.42932954731
4183035028,경기도 양평군 서종면 수입리,존재,경기도,양평군,서종면,경기도 양평군 서종면 수입리,37.6463210719861,127.40071252536
4183036000,경기도 양평군 단월면,존재,경기도,양평군,단월면,경기도 양평군 단월면,37.5385614314036,127.672990233658
4183036021,경기도 양평군 단월면 보룡리,존재,경기도,양평군,단월면,경기도 양평군 단월면 보룡리,37.5350862710981,127.66488981631
4183036022,경기도 양평군 단월면 삼가리,존재,경기도,양평군,단월면,경기도 양평군 단월면 삼가리,37.5088917172596,127.676501336035
4183036023,경기도 양평군 단월면 봉상리,존재,경기도,양평군,단월면,경기도 양평군 단월면 봉상리,37.5170021491001,127.652526662443
4183036024,경기도 양평군 단월면 향소리,존재,경기도,양평군,단월면,경기도 양평군 단월면 향소리,37.569413206807,127.642194116885
4183036025,경기도 양평군 단월면 덕수리,존재,경기도,양평군,단월면,경기도 양평군 단월면 덕수리,37.555835181239,127.682389433881
4183036026,경기도 양평군 단월면 부안리,존재,경기도,양평군,단월면,경기도 양평군 단월면 부안리,37.5794102179055,127.672021898535
4183036027,경기도 양평군 단월면 명성리,존재,경기도,양평군,단월면,경기도 양평군 단월면 명성리,37.6130475389912,127.662085911225
4183036028,경기도 양평군 단월면 석산리,존재,경기도,양평군,단월면,경기도 양평군 단월면 석산리,37.6328268807759,127.598443492737
4183036029,경기도 양평군 단월면 산음리,존재,경기도,양평군,단월면,경기도 양평군 단월면 산음리,37.5972425774393,127.59403661958
4183037000,경기도 양평군 청운면,존재,경기도,양평군,청운면,경기도 양평군 청운면,37.5562806888096,127.710722823772
4183037021,경기도 양평군 청운면 용두리,존재,경기도,양평군,청운면,경기도 양평군 청운면 용두리,37.5439488732005,127.72540623248
4183037022,경기도 양평군 청운면 여물리,존재,경기도,양평군,청운면,경기도 양평군 청운면 여물리,37.5694168425793,127.703521827482
4183037023,경기도 양평군 청운면 비룡리,존재,경기도,양평군,청운면,경기도 양평군 청운면 비룡리,37.5328050597054,127.701019111748
4183037024,경기도 양평군 청운면 가현리,존재,경기도,양평군,청운면,경기도 양평군 청운면 가현리,37.5249426435271,127.728774273701
4183037025,경기도 양평군 청운면 갈운리,존재,경기도,양평군,청운면,경기도 양평군 청운면 갈운리,37.5308864480927,127.771741458367
4183037026,경기도 양평군 청운면 도원리,존재,경기도,양평군,청운면,경기도 양평군 청운면 도원리,37.5497275682532,127.814679196936
4183037027,경기도 양평군 청운면 신론리,존재,경기도,양평군,청운면,경기도 양평군 청운면 신론리,37.5666363455817,127.780101194578
4183037028,경기도 양평군 청운면 삼성리,존재,경기도,양평군,청운면,경기도 양평군 청운면 삼성리,37.5768900493202,127.743711442932
4183037029,경기도 양평군 청운면 다대리,존재,경기도,양평군,청운면,경기도 양평군 청운면 다대리,37.571836159278,127.726545986112
4183038000,경기도 양평군 양동면,존재,경기도,양평군,양동면,경기도 양평군 양동면,37.4251059645742,127.751177593936
4183038021,경기도 양평군 양동면 쌍학리,존재,경기도,양평군,양동면,경기도 양평군 양동면 쌍학리,37.4122331207575,127.74823870267
4183038022,경기도 양평군 양동면 석곡리,존재,경기도,양평군,양동면,경기도 양평군 양동면 석곡리,37.4424821284955,127.752097076377
4183038023,경기도 양평군 양동면 매월리,존재,경기도,양평군,양동면,경기도 양평군 양동면 매월리,37.446321193297,127.724855785853
4183038024,경기도 양평군 양동면 고송리,존재,경기도,양평군,양동면,경기도 양평군 양동면 고송리,37.4902285302984,127.700327016131
4183038025,경기도 양평군 양동면 금왕리,존재,경기도,양평군,양동면,경기도 양평군 양동면 금왕리,37.4761787941679,127.739605594796
4183038026,경기도 양평군 양동면 계정리,존재,경기도,양평군,양동면,경기도 양평군 양동면 계정리,37.4574818375904,127.777713595578
4183038027,경기도 양평군 양동면 삼산리,존재,경기도,양평군,양동면,경기도 양평군 양동면 삼산리,37.3962106964474,127.772743486774
4183038028,경기도 양평군 양동면 단석리,존재,경기도,양평군,양동면,경기도 양평군 양동면 단석리,37.3945140383837,127.731827929858
4183039500,경기도 양평군 지평면,존재,경기도,양평군,지평면,경기도 양평군 지평면,37.4744755232283,127.639309823993
4183039521,경기도 양평군 지평면 지평리,존재,경기도,양평군,지평면,경기도 양평군 지평면 지평리,37.4682029014059,127.634273603388
4183039522,경기도 양평군 지평면 송현리,존재,경기도,양평군,지평면,경기도 양평군 지평면 송현리,37.4905621164157,127.631558895005
4183039523,경기도 양평군 지평면 월산리,존재,경기도,양평군,지평면,경기도 양평군 지평면 월산리,37.4827059185735,127.657890399999
4183039524,경기도 양평군 지평면 망미리,존재,경기도,양평군,지평면,경기도 양평군 지평면 망미리,37.4512887038205,127.654880190016
4183039525,경기도 양평군 지평면 무왕리,존재,경기도,양평군,지평면,경기도 양평군 지평면 무왕리,37.4479576450195,127.671748292979
4183039526,경기도 양평군 지평면 일신리,존재,경기도,양평군,지평면,경기도 양평군 지평면 일신리,37.4337877453121,127.685383551303
4183039527,경기도 양평군 지평면 대평리,존재,경기도,양평군,지평면,경기도 양평군 지평면 대평리,37.4214841368568,127.639645294239
4183039528,경기도 양평군 지평면 곡수리,존재,경기도,양평군,지평면,경기도 양평군 지평면 곡수리,37.4192944818165,127.616278782841
4183039529,경기도 양평군 지평면 수곡리,존재,경기도,양평군,지평면,경기도 양평군 지평면 수곡리,37.434846600285,127.59645227212
4183039530,경기도 양평군 지평면 옥현리,존재,경기도,양평군,지평면,경기도 양평군 지평면 옥현리,37.4476757742929,127.626614537829
4183040000,경기도 양평군 용문면,존재,경기도,양평군,용문면,경기도 양평군 용문면,37.4889036515229,127.599161344743
4183040021,경기도 양평군 용문면 마룡리,존재,경기도,양평군,용문면,경기도 양평군 용문면 마룡리,37.4947865150594,127.602474094523
4183040022,경기도 양평군 용문면 화전리,존재,경기도,양평군,용문면,경기도 양평군 용문면 화전리,37.467788013848,127.609008067875
4183040023,경기도 양평군 용문면 삼성리,존재,경기도,양평군,용문면,경기도 양평군 용문면 삼성리,37.4725939977606,127.575562618822
4183040024,경기도 양평군 용문면 다문리,존재,경기도,양평군,용문면,경기도 양평군 용문면 다문리,37.4888120111711,127.593755811871
4183040025,경기도 양평군 용문면 연수리,존재,경기도,양평군,용문면,경기도 양평군 용문면 연수리,37.5265565841308,127.555953268489
4183040026,경기도 양평군 용문면 금곡리,존재,경기도,양평군,용문면,경기도 양평군 용문면 금곡리,37.5036491292298,127.619115757514
4183040027,경기도 양평군 용문면 광탄리,존재,경기도,양평군,용문면,경기도 양평군 용문면 광탄리,37.5112045163326,127.633786770932
4183040028,경기도 양평군 용문면 망능리,존재,경기도,양평군,용문면,경기도 양평군 용문면 망능리,37.5505311153467,127.638410818118
4183040029,경기도 양평군 용문면 중원리,존재,경기도,양평군,용문면,경기도 양평군 용문면 중원리,37.5525329525891,127.616396505532
4183040030,경기도 양평군 용문면 조현리,존재,경기도,양평군,용문면,경기도 양평군 용문면 조현리,37.5258348249219,127.615031917378
4183040031,경기도 양평군 용문면 덕촌리,존재,경기도,양평군,용문면,경기도 양평군 용문면 덕촌리,37.5097299547424,127.597947925561
4183040032,경기도 양평군 용문면 오촌리,존재,경기도,양평군,용문면,경기도 양평군 용문면 오촌리,37.5273919133929,127.588110869314
4183040033,경기도 양평군 용문면 신점리,존재,경기도,양평군,용문면,경기도 양평군 용문면 신점리,37.554695603568,127.580063915208
4183041000,경기도 양평군 개군면,존재,경기도,양평군,개군면,경기도 양평군 개군면,37.4259639502399,127.536793361892
4183041021,경기도 양평군 개군면 하자포리,존재,경기도,양평군,개군면,경기도 양평군 개군면 하자포리,37.4364557883029,127.536678461209
4183041022,경기도 양평군 개군면 구미리,존재,경기도,양평군,개군면,경기도 양평군 개군면 구미리,37.4439503762757,127.522597456034
4183041023,경기도 양평군 개군면 앙덕리,존재,경기도,양평군,개군면,경기도 양평군 개군면 앙덕리,37.4409195325463,127.512691186599
4183041024,경기도 양평군 개군면 석장리,존재,경기도,양평군,개군면,경기도 양평군 개군면 석장리,37.4558715622835,127.518711066396
4183041025,경기도 양평군 개군면 공세리,존재,경기도,양평군,개군면,경기도 양평군 개군면 공세리,37.4622854717674,127.536740949482
4183041026,경기도 양평군 개군면 불곡리,존재,경기도,양평군,개군면,경기도 양평군 개군면 불곡리,37.4531235008622,127.540820960749
4183041027,경기도 양평군 개군면 부리,존재,경기도,양평군,개군면,경기도 양평군 개군면 부리,37.4375666932597,127.544370005421
4183041028,경기도 양평군 개군면 자연리,존재,경기도,양평군,개군면,경기도 양평군 개군면 자연리,37.4288568473976,127.561855158659
4183041029,경기도 양평군 개군면 내리,존재,경기도,양평군,개군면,경기도 양평군 개군면 내리,37.444763627561,127.565915702587
4183041030,경기도 양평군 개군면 향리,존재,경기도,양평군,개군면,경기도 양평군 개군면 향리,37.4358766546995,127.568809159948
4183041031,경기도 양평군 개군면 주읍리,존재,경기도,양평군,개군면,경기도 양평군 개군면 주읍리,37.4427142505557,127.582705902932
4183041032,경기도 양평군 개군면 계전리,존재,경기도,양평군,개군면,경기도 양평군 개군면 계전리,37.4219916216947,127.574510806686
4183041033,경기도 양평군 개군면 상자포리,존재,경기도,양평군,개군면,경기도 양평군 개군면 상자포리,37.4188998286225,127.547840737168
